01646448-5c12-4ab5-9037-d58e57d12733,SPY   260710P00729000,2026-06-29T14:00:00Z,4.740000,6.890000,4.310000,4.410000
01646448-5c12-4ab5-9037-d58e57d12733,SPY   260710P00729000,2026-06-29T15:00:00Z,4.430000,4.760000,3.930000,3.950000
01646448-5c12-4ab5-9037-d58e57d12733,SPY   260710P00729000,2026-06-29T16:00:00Z,3.940000,4.100000,3.740000,3.890000
01646448-5c12-4ab5-9037-d58e57d12733,SPY   260710P00729000,2026-06-29T17:00:00Z,3.880000,3.890000,3.280000,3.370000
01646448-5c12-4ab5-9037-d58e57d12733,SPY   260710P00729000,2026-06-29T18:00:00Z,3.350000,3.410000,3.100000,3.180000
01646448-5c12-4ab5-9037-d58e57d12733,SPY   260710P00729000,2026-06-29T19:00:00Z,3.240000,3.260000,3.240000,3.260000
01646448-5c12-4ab5-9037-d58e57d12733,SPY   260710P00729000,2026-06-30T14:00:00Z,2.770000,2.770000,1.960000,2.310000
01646448-5c12-4ab5-9037-d58e57d12733,SPY   260710P00729000,2026-06-30T15:00:00Z,2.080000,2.090000,1.890000,1.960000
01646448-5c12-4ab5-9037-d58e57d12733,SPY   260710P00729000,2026-06-30T16:00:00Z,1.810000,1.820000,1.600000,1.640000
01646448-5c12-4ab5-9037-d58e57d12733,SPY   260710P00729000,2026-06-30T17:00:00Z,1.640000,1.740000,1.590000,1.650000
01646448-5c12-4ab5-9037-d58e57d12733,SPY   260710P00729000,2026-06-30T18:00:00Z,1.640000,1.690000,1.500000,1.530000
01646448-5c12-4ab5-9037-d58e57d12733,SPY   260710P00729000,2026-06-30T19:00:00Z,1.530000,1.540000,1.370000,1.380000
01646448-5c12-4ab5-9037-d58e57d12733,SPY   260710P00729000,2026-07-01T14:00:00Z,1.590000,1.590000,1.210000,1.270000
01646448-5c12-4ab5-9037-d58e57d12733,SPY   260710P00729000,2026-07-01T15:00:00Z,1.280000,1.290000,1.070000,1.080000
01646448-5c12-4ab5-9037-d58e57d12733,SPY   260710P00729000,2026-07-01T16:00:00Z,0.980000,1.180000,0.920000,1.160000
01646448-5c12-4ab5-9037-d58e57d12733,SPY   260710P00729000,2026-07-01T17:00:00Z,1.140000,1.210000,1.020000,1.160000
01646448-5c12-4ab5-9037-d58e57d12733,SPY   260710P00729000,2026-07-01T18:00:00Z,1.160000,1.280000,1.100000,1.200000
01646448-5c12-4ab5-9037-d58e57d12733,SPY   260710P00729000,2026-07-01T19:00:00Z,1.220000,1.230000,1.210000,1.230000
01646448-5c12-4ab5-9037-d58e57d12733,SPY   260710P00729000,2026-07-02T14:00:00Z,0.700000,1.220000,0.630000,0.980000
01646448-5c12-4ab5-9037-d58e57d12733,SPY   260710P00729000,2026-07-02T15:00:00Z,1.300000,1.330000,1.300000,1.330000
01646448-5c12-4ab5-9037-d58e57d12733,SPY   260710P00729000,2026-07-02T16:00:00Z,1.410000,1.770000,1.330000,1.690000
01646448-5c12-4ab5-9037-d58e57d12733,SPY   260710P00729000,2026-07-02T17:00:00Z,1.700000,2.240000,1.670000,2.190000
01646448-5c12-4ab5-9037-d58e57d12733,SPY   260710P00729000,2026-07-02T18:00:00Z,2.180000,2.240000,1.390000,1.490000
01646448-5c12-4ab5-9037-d58e57d12733,SPY   260710P00729000,2026-07-02T19:00:00Z,1.480000,1.830000,1.100000,1.100000
01646448-5c12-4ab5-9037-d58e57d12733,SPY   260710P00729000,2026-07-06T14:00:00Z,0.520000,0.550000,0.330000,0.330000
01646448-5c12-4ab5-9037-d58e57d12733,SPY   260710P00729000,2026-07-06T15:00:00Z,0.330000,0.360000,0.290000,0.300000
01646448-5c12-4ab5-9037-d58e57d12733,SPY   260710P00729000,2026-07-06T16:00:00Z,0.300000,0.320000,0.280000,0.310000
01646448-5c12-4ab5-9037-d58e57d12733,SPY   260710P00729000,2026-07-06T17:00:00Z,0.310000,0.340000,0.260000,0.300000
01646448-5c12-4ab5-9037-d58e57d12733,SPY   260710P00729000,2026-07-06T18:00:00Z,0.300000,0.300000,0.230000,0.230000
01646448-5c12-4ab5-9037-d58e57d12733,SPY   260710P00729000,2026-07-06T19:00:00Z,0.230000,0.240000,0.210000,0.220000
01646448-5c12-4ab5-9037-d58e57d12733,SPY   260710P00729000,2026-07-07T14:00:00Z,0.290000,0.510000,0.280000,0.380000
01646448-5c12-4ab5-9037-d58e57d12733,SPY   260710P00729000,2026-07-07T15:00:00Z,0.380000,0.440000,0.290000,0.290000
01646448-5c12-4ab5-9037-d58e57d12733,SPY   260710P00729000,2026-07-07T16:00:00Z,0.290000,0.290000,0.240000,0.240000
01646448-5c12-4ab5-9037-d58e57d12733,SPY   260710P00729000,2026-07-07T17:00:00Z,0.220000,0.240000,0.200000,0.200000
01646448-5c12-4ab5-9037-d58e57d12733,SPY   260710P00729000,2026-07-07T18:00:00Z,0.200000,0.300000,0.190000,0.300000
01646448-5c12-4ab5-9037-d58e57d12733,SPY   260710P00729000,2026-07-07T19:00:00Z,0.300000,0.440000,0.280000,0.290000
01646448-5c12-4ab5-9037-d58e57d12733,SPY   260710P00729000,2026-07-08T14:00:00Z,0.610000,0.990000,0.520000,0.820000
01646448-5c12-4ab5-9037-d58e57d12733,SPY   260710P00729000,2026-07-08T15:00:00Z,0.810000,1.210000,0.800000,0.910000
01646448-5c12-4ab5-9037-d58e57d12733,SPY   260710P00729000,2026-07-08T16:00:00Z,0.890000,0.910000,0.800000,0.820000
01646448-5c12-4ab5-9037-d58e57d12733,SPY   260710P00729000,2026-07-08T17:00:00Z,0.380000,0.430000,0.280000,0.390000
01646448-5c12-4ab5-9037-d58e57d12733,SPY   260710P00729000,2026-07-08T18:00:00Z,0.390000,0.420000,0.280000,0.280000
01646448-5c12-4ab5-9037-d58e57d12733,SPY   260710P00729000,2026-07-08T19:00:00Z,0.280000,0.340000,0.230000,0.240000
01646448-5c12-4ab5-9037-d58e57d12733,SPY   260710P00729000,2026-07-09T14:00:00Z,0.090000,0.170000,0.090000,0.090000
01646448-5c12-4ab5-9037-d58e57d12733,SPY   260710P00729000,2026-07-09T15:00:00Z,0.080000,0.080000,0.060000,0.060000
01646448-5c12-4ab5-9037-d58e57d12733,SPY   260710P00729000,2026-07-09T16:00:00Z,0.060000,0.060000,0.040000,0.040000
01646448-5c12-4ab5-9037-d58e57d12733,SPY   260710P00729000,2026-07-09T17:00:00Z,0.040000,0.040000,0.030000,0.040000
01646448-5c12-4ab5-9037-d58e57d12733,SPY   260710P00729000,2026-07-09T18:00:00Z,0.040000,0.040000,0.040000,0.040000
01646448-5c12-4ab5-9037-d58e57d12733,SPY   260710P00729000,2026-07-09T19:00:00Z,0.040000,0.040000,0.030000,0.030000
01646448-5c12-4ab5-9037-d58e57d12733,SPY   260710P00729000,2026-07-10T14:00:00Z,0.020000,0.060000,0.020000,0.020000
01646448-5c12-4ab5-9037-d58e57d12733,SPY   260710P00729000,2026-07-10T15:00:00Z,0.020000,0.020000,0.020000,0.020000
01646448-5c12-4ab5-9037-d58e57d12733,SPY   260710P00729000,2026-07-10T16:00:00Z,0.020000,0.020000,0.010000,0.010000
01646448-5c12-4ab5-9037-d58e57d12733,SPY   260710P00729000,2026-07-10T17:00:00Z,0.010000,0.010000,0.010000,0.010000
01646448-5c12-4ab5-9037-d58e57d12733,SPY   260710P00729000,2026-07-10T18:00:00Z,0.010000,0.010000,0.010000,0.010000
01646448-5c12-4ab5-9037-d58e57d12733,SPY   260710P00729000,2026-07-10T19:00:00Z,0.010000,0.010000,0.010000,0.010000
01ac4444-faa8-4ba6-8e3b-e486994867e5,SPY   260612P00723000,2026-06-02T14:00:00Z,0.600000,0.620000,0.530000,0.530000
01ac4444-faa8-4ba6-8e3b-e486994867e5,SPY   260612P00723000,2026-06-02T15:00:00Z,0.530000,0.550000,0.520000,0.520000
01ac4444-faa8-4ba6-8e3b-e486994867e5,SPY   260612P00723000,2026-06-02T16:00:00Z,0.530000,0.550000,0.510000,0.510000
01ac4444-faa8-4ba6-8e3b-e486994867e5,SPY   260612P00723000,2026-06-02T17:00:00Z,0.510000,0.550000,0.500000,0.530000
01ac4444-faa8-4ba6-8e3b-e486994867e5,SPY   260612P00723000,2026-06-02T18:00:00Z,0.530000,0.530000,0.470000,0.470000
01ac4444-faa8-4ba6-8e3b-e486994867e5,SPY   260612P00723000,2026-06-02T19:00:00Z,0.470000,0.480000,0.450000,0.460000
01ac4444-faa8-4ba6-8e3b-e486994867e5,SPY   260612P00723000,2026-06-03T14:00:00Z,0.570000,0.570000,0.560000,0.560000
01ac4444-faa8-4ba6-8e3b-e486994867e5,SPY   260612P00723000,2026-06-03T15:00:00Z,0.520000,0.540000,0.500000,0.540000
01ac4444-faa8-4ba6-8e3b-e486994867e5,SPY   260612P00723000,2026-06-03T16:00:00Z,0.570000,0.690000,0.560000,0.570000
01ac4444-faa8-4ba6-8e3b-e486994867e5,SPY   260612P00723000,2026-06-03T17:00:00Z,0.570000,0.630000,0.500000,0.510000
01ac4444-faa8-4ba6-8e3b-e486994867e5,SPY   260612P00723000,2026-06-03T18:00:00Z,0.510000,0.530000,0.480000,0.490000
01ac4444-faa8-4ba6-8e3b-e486994867e5,SPY   260612P00723000,2026-06-03T19:00:00Z,0.490000,0.560000,0.480000,0.510000
01ac4444-faa8-4ba6-8e3b-e486994867e5,SPY   260612P00723000,2026-06-04T14:00:00Z,0.470000,0.480000,0.460000,0.460000
01ac4444-faa8-4ba6-8e3b-e486994867e5,SPY   260612P00723000,2026-06-04T15:00:00Z,0.380000,0.400000,0.370000,0.400000
01ac4444-faa8-4ba6-8e3b-e486994867e5,SPY   260612P00723000,2026-06-04T16:00:00Z,0.380000,0.380000,0.300000,0.300000
01ac4444-faa8-4ba6-8e3b-e486994867e5,SPY   260612P00723000,2026-06-04T17:00:00Z,0.300000,0.310000,0.280000,0.280000
01ac4444-faa8-4ba6-8e3b-e486994867e5,SPY   260612P00723000,2026-06-04T18:00:00Z,0.280000,0.290000,0.270000,0.280000
01ac4444-faa8-4ba6-8e3b-e486994867e5,SPY   260612P00723000,2026-06-04T19:00:00Z,0.280000,0.280000,0.250000,0.260000
01ac4444-faa8-4ba6-8e3b-e486994867e5,SPY   260612P00723000,2026-06-05T14:00:00Z,0.800000,0.870000,0.550000,0.630000
01ac4444-faa8-4ba6-8e3b-e486994867e5,SPY   260612P00723000,2026-06-05T15:00:00Z,0.580000,1.120000,0.560000,1.100000
01ac4444-faa8-4ba6-8e3b-e486994867e5,SPY   260612P00723000,2026-06-05T16:00:00Z,1.100000,1.610000,1.100000,1.430000
01ac4444-faa8-4ba6-8e3b-e486994867e5,SPY   260612P00723000,2026-06-05T17:00:00Z,1.530000,1.850000,1.230000,1.250000
01ac4444-faa8-4ba6-8e3b-e486994867e5,SPY   260612P00723000,2026-06-05T18:00:00Z,1.250000,2.930000,1.230000,2.580000
01ac4444-faa8-4ba6-8e3b-e486994867e5,SPY   260612P00723000,2026-06-05T19:00:00Z,2.630000,3.900000,2.430000,2.600000
01ac4444-faa8-4ba6-8e3b-e486994867e5,SPY   260612P00723000,2026-06-08T14:00:00Z,1.540000,1.580000,0.840000,0.850000
01ac4444-faa8-4ba6-8e3b-e486994867e5,SPY   260612P00723000,2026-06-08T15:00:00Z,0.840000,0.850000,0.840000,0.850000
01ac4444-faa8-4ba6-8e3b-e486994867e5,SPY   260612P00723000,2026-06-08T16:00:00Z,1.080000,1.240000,0.900000,1.120000
01ac4444-faa8-4ba6-8e3b-e486994867e5,SPY   260612P00723000,2026-06-08T17:00:00Z,1.120000,1.470000,1.040000,1.190000
01ac4444-faa8-4ba6-8e3b-e486994867e5,SPY   260612P00723000,2026-06-08T18:00:00Z,1.180000,1.200000,0.970000,1.170000
01ac4444-faa8-4ba6-8e3b-e486994867e5,SPY   260612P00723000,2026-06-08T19:00:00Z,1.170000,1.690000,1.140000,1.460000
01ac4444-faa8-4ba6-8e3b-e486994867e5,SPY   260612P00723000,2026-06-09T14:00:00Z,0.590000,1.330000,0.530000,1.080000
01ac4444-faa8-4ba6-8e3b-e486994867e5,SPY   260612P00723000,2026-06-09T15:00:00Z,1.510000,4.050000,1.400000,4.050000
01ac4444-faa8-4ba6-8e3b-e486994867e5,SPY   260612P00723000,2026-06-09T16:00:00Z,4.960000,7.390000,4.540000,6.430000
01ac4444-faa8-4ba6-8e3b-e486994867e5,SPY   260612P00723000,2026-06-09T17:00:00Z,5.270000,5.350000,3.270000,3.400000
01ac4444-faa8-4ba6-8e3b-e486994867e5,SPY   260612P00723000,2026-06-09T18:00:00Z,2.850000,2.980000,1.670000,1.750000
01ac4444-faa8-4ba6-8e3b-e486994867e5,SPY   260612P00723000,2026-06-09T19:00:00Z,2.040000,2.040000,1.970000,2.000000
01ac4444-faa8-4ba6-8e3b-e486994867e5,SPY   260612P00723000,2026-06-10T14:00:00Z,1.780000,2.650000,1.300000,2.460000
01ac4444-faa8-4ba6-8e3b-e486994867e5,SPY   260612P00723000,2026-06-10T15:00:00Z,2.440000,4.010000,2.020000,2.710000
01ac4444-faa8-4ba6-8e3b-e486994867e5,SPY   260612P00723000,2026-06-10T16:00:00Z,2.700000,3.340000,2.370000,2.910000
01ac4444-faa8-4ba6-8e3b-e486994867e5,SPY   260612P00723000,2026-06-10T17:00:00Z,2.870000,3.000000,2.860000,2.970000
01ac4444-faa8-4ba6-8e3b-e486994867e5,SPY   260612P00723000,2026-06-10T18:00:00Z,3.700000,3.830000,3.420000,3.820000
01ac4444-faa8-4ba6-8e3b-e486994867e5,SPY   260612P00723000,2026-06-10T19:00:00Z,3.610000,4.530000,3.380000,3.670000
01ac4444-faa8-4ba6-8e3b-e486994867e5,SPY   260612P00723000,2026-06-11T14:00:00Z,2.350000,4.070000,1.830000,3.820000
01ac4444-faa8-4ba6-8e3b-e486994867e5,SPY   260612P00723000,2026-06-11T15:00:00Z,3.830000,4.460000,2.350000,2.710000
01ac4444-faa8-4ba6-8e3b-e486994867e5,SPY   260612P00723000,2026-06-11T16:00:00Z,2.720000,2.960000,1.960000,2.960000
01ac4444-faa8-4ba6-8e3b-e486994867e5,SPY   260612P00723000,2026-06-11T17:00:00Z,2.940000,3.440000,0.850000,0.930000
01ac4444-faa8-4ba6-8e3b-e486994867e5,SPY   260612P00723000,2026-06-11T18:00:00Z,0.770000,1.170000,0.650000,0.680000
01ac4444-faa8-4ba6-8e3b-e486994867e5,SPY   260612P00723000,2026-06-11T19:00:00Z,0.670000,0.670000,0.320000,0.390000
01ac4444-faa8-4ba6-8e3b-e486994867e5,SPY   260612P00723000,2026-06-12T14:00:00Z,0.250000,0.260000,0.050000,0.050000
01ac4444-faa8-4ba6-8e3b-e486994867e5,SPY   260612P00723000,2026-06-12T15:00:00Z,0.050000,0.070000,0.040000,0.060000
01ac4444-faa8-4ba6-8e3b-e486994867e5,SPY   260612P00723000,2026-06-12T16:00:00Z,0.040000,0.050000,0.040000,0.040000
01ac4444-faa8-4ba6-8e3b-e486994867e5,SPY   260612P00723000,2026-06-12T17:00:00Z,0.030000,0.030000,0.030000,0.030000
01ac4444-faa8-4ba6-8e3b-e486994867e5,SPY   260612P00723000,2026-06-12T18:00:00Z,0.030000,0.030000,0.020000,0.020000
01ac4444-faa8-4ba6-8e3b-e486994867e5,SPY   260612P00723000,2026-06-12T19:00:00Z,0.020000,0.020000,0.010000,0.010000
03497011-128c-4135-bcf1-bbd348168b16,SPY   260702C00748000,2026-06-29T14:00:00Z,0.960000,1.110000,0.520000,1.000000
03497011-128c-4135-bcf1-bbd348168b16,SPY   260702C00748000,2026-06-29T15:00:00Z,0.990000,1.020000,0.720000,0.930000
03497011-128c-4135-bcf1-bbd348168b16,SPY   260702C00748000,2026-06-29T16:00:00Z,0.930000,1.020000,0.830000,0.950000
03497011-128c-4135-bcf1-bbd348168b16,SPY   260702C00748000,2026-06-29T17:00:00Z,0.950000,1.370000,0.950000,1.250000
03497011-128c-4135-bcf1-bbd348168b16,SPY   260702C00748000,2026-06-29T18:00:00Z,1.250000,1.390000,1.170000,1.350000
03497011-128c-4135-bcf1-bbd348168b16,SPY   260702C00748000,2026-06-29T19:00:00Z,1.280000,1.490000,1.170000,1.340000
03497011-128c-4135-bcf1-bbd348168b16,SPY   260702C00748000,2026-06-30T14:00:00Z,1.870000,2.230000,1.440000,1.520000
03497011-128c-4135-bcf1-bbd348168b16,SPY   260702C00748000,2026-06-30T15:00:00Z,1.900000,1.900000,1.830000,1.830000
03497011-128c-4135-bcf1-bbd348168b16,SPY   260702C00748000,2026-06-30T16:00:00Z,2.280000,2.840000,2.250000,2.700000
03497011-128c-4135-bcf1-bbd348168b16,SPY   260702C00748000,2026-06-30T17:00:00Z,2.700000,2.890000,2.450000,2.550000
03497011-128c-4135-bcf1-bbd348168b16,SPY   260702C00748000,2026-06-30T18:00:00Z,2.570000,2.970000,2.490000,2.810000
03497011-128c-4135-bcf1-bbd348168b16,SPY   260702C00748000,2026-06-30T19:00:00Z,2.800000,3.250000,2.550000,2.660000
03497011-128c-4135-bcf1-bbd348168b16,SPY   260702C00748000,2026-07-01T14:00:00Z,1.470000,2.030000,1.400000,1.960000
03497011-128c-4135-bcf1-bbd348168b16,SPY   260702C00748000,2026-07-01T15:00:00Z,1.950000,2.610000,1.930000,2.550000
03497011-128c-4135-bcf1-bbd348168b16,SPY   260702C00748000,2026-07-01T16:00:00Z,2.870000,3.220000,2.100000,2.180000
03497011-128c-4135-bcf1-bbd348168b16,SPY   260702C00748000,2026-07-01T17:00:00Z,2.200000,2.560000,1.950000,1.960000
03497011-128c-4135-bcf1-bbd348168b16,SPY   260702C00748000,2026-07-01T18:00:00Z,1.970000,2.150000,1.660000,1.790000
03497011-128c-4135-bcf1-bbd348168b16,SPY   260702C00748000,2026-07-01T19:00:00Z,1.800000,2.140000,1.430000,1.440000
03497011-128c-4135-bcf1-bbd348168b16,SPY   260702C00748000,2026-07-02T14:00:00Z,3.300000,3.640000,0.910000,1.390000
03497011-128c-4135-bcf1-bbd348168b16,SPY   260702C00748000,2026-07-02T15:00:00Z,1.390000,1.430000,0.250000,0.290000
03497011-128c-4135-bcf1-bbd348168b16,SPY   260702C00748000,2026-07-02T16:00:00Z,0.300000,0.310000,0.070000,0.070000
03497011-128c-4135-bcf1-bbd348168b16,SPY   260702C00748000,2026-07-02T17:00:00Z,0.070000,0.070000,0.030000,0.030000
03497011-128c-4135-bcf1-bbd348168b16,SPY   260702C00748000,2026-07-02T18:00:00Z,0.040000,0.050000,0.040000,0.050000
03497011-128c-4135-bcf1-bbd348168b16,SPY   260702C00748000,2026-07-02T19:00:00Z,0.030000,0.030000,0.010000,0.010000
03f4cc8f-96ff-432e-b968-5768c0a9f5dd,SPY   260731C00760000,2026-07-27T14:00:00Z,0.240000,0.250000,0.220000,0.240000
03f4cc8f-96ff-432e-b968-5768c0a9f5dd,SPY   260731C00760000,2026-07-27T15:00:00Z,0.170000,0.180000,0.130000,0.130000
03f4cc8f-96ff-432e-b968-5768c0a9f5dd,SPY   260731C00760000,2026-07-27T16:00:00Z,0.170000,0.180000,0.170000,0.170000
03f4cc8f-96ff-432e-b968-5768c0a9f5dd,SPY   260731C00760000,2026-07-27T17:00:00Z,0.130000,0.130000,0.110000,0.120000
03f4cc8f-96ff-432e-b968-5768c0a9f5dd,SPY   260731C00760000,2026-07-27T18:00:00Z,0.120000,0.120000,0.120000,0.120000
03f4cc8f-96ff-432e-b968-5768c0a9f5dd,SPY   260731C00760000,2026-07-27T19:00:00Z,0.120000,0.130000,0.090000,0.090000
03f4cc8f-96ff-432e-b968-5768c0a9f5dd,SPY   260731C00760000,2026-07-28T14:00:00Z,0.070000,0.090000,0.070000,0.080000
03f4cc8f-96ff-432e-b968-5768c0a9f5dd,SPY   260731C00760000,2026-07-28T15:00:00Z,0.080000,0.140000,0.080000,0.130000
03f4cc8f-96ff-432e-b968-5768c0a9f5dd,SPY   260731C00760000,2026-07-28T16:00:00Z,0.130000,0.150000,0.110000,0.150000
03f4cc8f-96ff-432e-b968-5768c0a9f5dd,SPY   260731C00760000,2026-07-28T17:00:00Z,0.150000,0.150000,0.090000,0.090000
03f4cc8f-96ff-432e-b968-5768c0a9f5dd,SPY   260731C00760000,2026-07-28T18:00:00Z,0.090000,0.090000,0.080000,0.080000
03f4cc8f-96ff-432e-b968-5768c0a9f5dd,SPY   260731C00760000,2026-07-28T19:00:00Z,0.080000,0.090000,0.060000,0.060000
03f4cc8f-96ff-432e-b968-5768c0a9f5dd,SPY   260731C00760000,2026-07-29T14:00:00Z,0.060000,0.060000,0.060000,0.060000
03f4cc8f-96ff-432e-b968-5768c0a9f5dd,SPY   260731C00760000,2026-07-29T15:00:00Z,0.060000,0.060000,0.060000,0.060000
03f4cc8f-96ff-432e-b968-5768c0a9f5dd,SPY   260731C00760000,2026-07-29T16:00:00Z,0.050000,0.050000,0.050000,0.050000
03f4cc8f-96ff-432e-b968-5768c0a9f5dd,SPY   260731C00760000,2026-07-29T17:00:00Z,0.050000,0.060000,0.050000,0.060000
03f4cc8f-96ff-432e-b968-5768c0a9f5dd,SPY   260731C00760000,2026-07-29T18:00:00Z,0.060000,0.060000,0.050000,0.050000
03f4cc8f-96ff-432e-b968-5768c0a9f5dd,SPY   260731C00760000,2026-07-29T19:00:00Z,0.030000,0.030000,0.030000,0.030000
03f4cc8f-96ff-432e-b968-5768c0a9f5dd,SPY   260731C00760000,2026-07-30T14:00:00Z,0.020000,0.020000,0.020000,0.020000
03f4cc8f-96ff-432e-b968-5768c0a9f5dd,SPY   260731C00760000,2026-07-30T15:00:00Z,0.020000,0.020000,0.020000,0.020000
03f4cc8f-96ff-432e-b968-5768c0a9f5dd,SPY   260731C00760000,2026-07-30T16:00:00Z,0.020000,0.020000,0.020000,0.020000
03f4cc8f-96ff-432e-b968-5768c0a9f5dd,SPY   260731C00760000,2026-07-30T17:00:00Z,0.020000,0.020000,0.020000,0.020000
03f4cc8f-96ff-432e-b968-5768c0a9f5dd,SPY   260731C00760000,2026-07-30T18:00:00Z,0.020000,0.020000,0.020000,0.020000
03f4cc8f-96ff-432e-b968-5768c0a9f5dd,SPY   260731C00760000,2026-07-30T19:00:00Z,0.020000,0.020000,0.020000,0.020000
03f4cc8f-96ff-432e-b968-5768c0a9f5dd,SPY   260731C00760000,2026-07-31T14:00:00Z,0.010000,0.010000,0.010000,0.010000
03f4cc8f-96ff-432e-b968-5768c0a9f5dd,SPY   260731C00760000,2026-07-31T15:00:00Z,0.010000,0.010000,0.010000,0.010000
03f4cc8f-96ff-432e-b968-5768c0a9f5dd,SPY   260731C00760000,2026-07-31T16:00:00Z,0.010000,0.010000,0.010000,0.010000
03f4cc8f-96ff-432e-b968-5768c0a9f5dd,SPY   260731C00760000,2026-07-31T17:00:00Z,0.010000,0.010000,0.010000,0.010000
03f4cc8f-96ff-432e-b968-5768c0a9f5dd,SPY   260731C00760000,2026-07-31T18:00:00Z,0.010000,0.010000,0.010000,0.010000
03f4cc8f-96ff-432e-b968-5768c0a9f5dd,SPY   260731C00760000,2026-07-31T19:00:00Z,0.010000,0.010000,0.010000,0.010000
0469098a-f13d-4fbc-9ed3-7f3d3e3dd640,SPY   260814C00790000,2026-08-10T14:00:00Z,0.250000,0.320000,0.230000,0.230000
0469098a-f13d-4fbc-9ed3-7f3d3e3dd640,SPY   260814C00790000,2026-08-10T15:00:00Z,0.230000,0.250000,0.220000,0.240000
0469098a-f13d-4fbc-9ed3-7f3d3e3dd640,SPY   260814C00790000,2026-08-10T16:00:00Z,0.260000,0.270000,0.150000,0.180000
0469098a-f13d-4fbc-9ed3-7f3d3e3dd640,SPY   260814C00790000,2026-08-10T17:00:00Z,0.180000,0.190000,0.170000,0.180000
0469098a-f13d-4fbc-9ed3-7f3d3e3dd640,SPY   260814C00790000,2026-08-10T18:00:00Z,0.150000,0.160000,0.140000,0.150000
0469098a-f13d-4fbc-9ed3-7f3d3e3dd640,SPY   260814C00790000,2026-08-10T19:00:00Z,0.150000,0.160000,0.120000,0.120000
0469098a-f13d-4fbc-9ed3-7f3d3e3dd640,SPY   260814C00790000,2026-08-11T14:00:00Z,0.160000,0.170000,0.130000,0.140000
0469098a-f13d-4fbc-9ed3-7f3d3e3dd640,SPY   260814C00790000,2026-08-11T15:00:00Z,0.120000,0.120000,0.110000,0.110000
0469098a-f13d-4fbc-9ed3-7f3d3e3dd640,SPY   260814C00790000,2026-08-11T16:00:00Z,0.110000,0.110000,0.100000,0.100000
0469098a-f13d-4fbc-9ed3-7f3d3e3dd640,SPY   260814C00790000,2026-08-11T17:00:00Z,0.100000,0.100000,0.090000,0.100000
0469098a-f13d-4fbc-9ed3-7f3d3e3dd640,SPY   260814C00790000,2026-08-11T18:00:00Z,0.100000,0.100000,0.080000,0.080000
0469098a-f13d-4fbc-9ed3-7f3d3e3dd640,SPY   260814C00790000,2026-08-11T19:00:00Z,0.070000,0.070000,0.070000,0.070000
0469098a-f13d-4fbc-9ed3-7f3d3e3dd640,SPY   260814C00790000,2026-08-12T14:00:00Z,0.060000,0.060000,0.050000,0.060000
0469098a-f13d-4fbc-9ed3-7f3d3e3dd640,SPY   260814C00790000,2026-08-12T15:00:00Z,0.060000,0.060000,0.050000,0.050000
0469098a-f13d-4fbc-9ed3-7f3d3e3dd640,SPY   260814C00790000,2026-08-12T16:00:00Z,0.050000,0.060000,0.050000,0.060000
0469098a-f13d-4fbc-9ed3-7f3d3e3dd640,SPY   260814C00790000,2026-08-12T17:00:00Z,0.060000,0.060000,0.050000,0.050000
0469098a-f13d-4fbc-9ed3-7f3d3e3dd640,SPY   260814C00790000,2026-08-12T18:00:00Z,0.050000,0.050000,0.050000,0.050000
0469098a-f13d-4fbc-9ed3-7f3d3e3dd640,SPY   260814C00790000,2026-08-12T19:00:00Z,0.050000,0.050000,0.040000,0.040000
0469098a-f13d-4fbc-9ed3-7f3d3e3dd640,SPY   260814C00790000,2026-08-13T14:00:00Z,0.060000,0.060000,0.060000,0.060000
0469098a-f13d-4fbc-9ed3-7f3d3e3dd640,SPY   260814C00790000,2026-08-13T15:00:00Z,0.050000,0.060000,0.050000,0.050000
0469098a-f13d-4fbc-9ed3-7f3d3e3dd640,SPY   260814C00790000,2026-08-13T16:00:00Z,0.050000,0.050000,0.050000,0.050000
0469098a-f13d-4fbc-9ed3-7f3d3e3dd640,SPY   260814C00790000,2026-08-13T17:00:00Z,0.050000,0.050000,0.050000,0.050000
0469098a-f13d-4fbc-9ed3-7f3d3e3dd640,SPY   260814C00790000,2026-08-13T18:00:00Z,0.050000,0.050000,0.040000,0.040000
0469098a-f13d-4fbc-9ed3-7f3d3e3dd640,SPY   260814C00790000,2026-08-13T19:00:00Z,0.040000,0.040000,0.040000,0.040000
0469098a-f13d-4fbc-9ed3-7f3d3e3dd640,SPY   260814C00790000,2026-08-14T14:00:00Z,0.020000,0.020000,0.020000,0.020000
0469098a-f13d-4fbc-9ed3-7f3d3e3dd640,SPY   260814C00790000,2026-08-14T15:00:00Z,0.020000,0.020000,0.020000,0.020000
0469098a-f13d-4fbc-9ed3-7f3d3e3dd640,SPY   260814C00790000,2026-08-14T16:00:00Z,0.020000,0.020000,0.020000,0.020000
0469098a-f13d-4fbc-9ed3-7f3d3e3dd640,SPY   260814C00790000,2026-08-14T17:00:00Z,0.020000,0.020000,0.020000,0.020000
0469098a-f13d-4fbc-9ed3-7f3d3e3dd640,SPY   260814C00790000,2026-08-14T18:00:00Z,0.020000,0.020000,0.020000,0.020000
0469098a-f13d-4fbc-9ed3-7f3d3e3dd640,SPY   260814C00790000,2026-08-14T19:00:00Z,0.020000,0.020000,0.010000,0.010000
04f2b88a-c33d-43c8-ac85-d0e5c8997c14,SPY   251219C00700000,2025-12-15T15:00:00Z,0.160000,0.170000,0.160000,0.160000
04f2b88a-c33d-43c8-ac85-d0e5c8997c14,SPY   251219C00700000,2025-12-15T16:00:00Z,0.160000,0.160000,0.130000,0.130000
04f2b88a-c33d-43c8-ac85-d0e5c8997c14,SPY   251219C00700000,2025-12-15T17:00:00Z,0.120000,0.120000,0.110000,0.110000
04f2b88a-c33d-43c8-ac85-d0e5c8997c14,SPY   251219C00700000,2025-12-15T18:00:00Z,0.110000,0.110000,0.110000,0.110000
04f2b88a-c33d-43c8-ac85-d0e5c8997c14,SPY   251219C00700000,2025-12-15T19:00:00Z,0.110000,0.110000,0.100000,0.100000
04f2b88a-c33d-43c8-ac85-d0e5c8997c14,SPY   251219C00700000,2025-12-15T20:00:00Z,0.100000,0.100000,0.060000,0.070000
04f2b88a-c33d-43c8-ac85-d0e5c8997c14,SPY   251219C00700000,2025-12-16T15:00:00Z,0.060000,0.060000,0.050000,0.050000
04f2b88a-c33d-43c8-ac85-d0e5c8997c14,SPY   251219C00700000,2025-12-16T16:00:00Z,0.050000,0.050000,0.050000,0.050000
04f2b88a-c33d-43c8-ac85-d0e5c8997c14,SPY   251219C00700000,2025-12-16T17:00:00Z,0.050000,0.050000,0.050000,0.050000
04f2b88a-c33d-43c8-ac85-d0e5c8997c14,SPY   251219C00700000,2025-12-16T18:00:00Z,0.050000,0.050000,0.050000,0.050000
04f2b88a-c33d-43c8-ac85-d0e5c8997c14,SPY   251219C00700000,2025-12-16T19:00:00Z,0.050000,0.050000,0.050000,0.050000
04f2b88a-c33d-43c8-ac85-d0e5c8997c14,SPY   251219C00700000,2025-12-16T20:00:00Z,0.040000,0.040000,0.030000,0.030000
04f2b88a-c33d-43c8-ac85-d0e5c8997c14,SPY   251219C00700000,2025-12-17T15:00:00Z,0.030000,0.030000,0.030000,0.030000
04f2b88a-c33d-43c8-ac85-d0e5c8997c14,SPY   251219C00700000,2025-12-17T16:00:00Z,0.030000,0.030000,0.030000,0.030000
04f2b88a-c33d-43c8-ac85-d0e5c8997c14,SPY   251219C00700000,2025-12-17T17:00:00Z,0.030000,0.030000,0.030000,0.030000
04f2b88a-c33d-43c8-ac85-d0e5c8997c14,SPY   251219C00700000,2025-12-17T18:00:00Z,0.030000,0.030000,0.030000,0.030000
04f2b88a-c33d-43c8-ac85-d0e5c8997c14,SPY   251219C00700000,2025-12-17T19:00:00Z,0.030000,0.030000,0.030000,0.030000
04f2b88a-c33d-43c8-ac85-d0e5c8997c14,SPY   251219C00700000,2025-12-17T20:00:00Z,0.030000,0.030000,0.030000,0.030000
04f2b88a-c33d-43c8-ac85-d0e5c8997c14,SPY   251219C00700000,2025-12-18T15:00:00Z,0.020000,0.020000,0.020000,0.020000
04f2b88a-c33d-43c8-ac85-d0e5c8997c14,SPY   251219C00700000,2025-12-18T16:00:00Z,0.020000,0.020000,0.020000,0.020000
04f2b88a-c33d-43c8-ac85-d0e5c8997c14,SPY   251219C00700000,2025-12-18T17:00:00Z,0.020000,0.020000,0.020000,0.020000
04f2b88a-c33d-43c8-ac85-d0e5c8997c14,SPY   251219C00700000,2025-12-18T18:00:00Z,0.020000,0.020000,0.020000,0.020000
04f2b88a-c33d-43c8-ac85-d0e5c8997c14,SPY   251219C00700000,2025-12-18T19:00:00Z,0.020000,0.020000,0.020000,0.020000
04f2b88a-c33d-43c8-ac85-d0e5c8997c14,SPY   251219C00700000,2025-12-18T20:00:00Z,0.020000,0.020000,0.020000,0.020000
04f2b88a-c33d-43c8-ac85-d0e5c8997c14,SPY   251219C00700000,2025-12-19T15:00:00Z,0.010000,0.010000,0.010000,0.010000
04f2b88a-c33d-43c8-ac85-d0e5c8997c14,SPY   251219C00700000,2025-12-19T16:00:00Z,0.010000,0.010000,0.010000,0.010000
04f2b88a-c33d-43c8-ac85-d0e5c8997c14,SPY   251219C00700000,2025-12-19T17:00:00Z,0.010000,0.010000,0.010000,0.010000
04f2b88a-c33d-43c8-ac85-d0e5c8997c14,SPY   251219C00700000,2025-12-19T18:00:00Z,0.010000,0.010000,0.010000,0.010000
04f2b88a-c33d-43c8-ac85-d0e5c8997c14,SPY   251219C00700000,2025-12-19T19:00:00Z,0.010000,0.010000,0.010000,0.010000
04f2b88a-c33d-43c8-ac85-d0e5c8997c14,SPY   251219C00700000,2025-12-19T20:00:00Z,0.010000,0.010000,0.010000,0.010000
05125573-c62e-4113-a88b-d5b4503e68e6,SPY   251017C00675000,2025-10-07T14:00:00Z,4.110000,4.170000,3.500000,3.540000
05125573-c62e-4113-a88b-d5b4503e68e6,SPY   251017C00675000,2025-10-07T15:00:00Z,3.520000,3.590000,2.800000,2.810000
05125573-c62e-4113-a88b-d5b4503e68e6,SPY   251017C00675000,2025-10-07T16:00:00Z,2.930000,3.070000,2.840000,2.880000
05125573-c62e-4113-a88b-d5b4503e68e6,SPY   251017C00675000,2025-10-07T17:00:00Z,3.000000,3.080000,2.940000,3.030000
05125573-c62e-4113-a88b-d5b4503e68e6,SPY   251017C00675000,2025-10-07T18:00:00Z,2.860000,3.060000,2.730000,3.000000
05125573-c62e-4113-a88b-d5b4503e68e6,SPY   251017C00675000,2025-10-07T19:00:00Z,2.870000,3.070000,2.830000,3.050000
05125573-c62e-4113-a88b-d5b4503e68e6,SPY   251017C00675000,2025-10-08T14:00:00Z,3.490000,3.490000,3.460000,3.460000
05125573-c62e-4113-a88b-d5b4503e68e6,SPY   251017C00675000,2025-10-08T15:00:00Z,3.740000,3.750000,3.730000,3.750000
05125573-c62e-4113-a88b-d5b4503e68e6,SPY   251017C00675000,2025-10-08T16:00:00Z,3.960000,4.090000,3.710000,3.910000
05125573-c62e-4113-a88b-d5b4503e68e6,SPY   251017C00675000,2025-10-08T17:00:00Z,3.910000,4.030000,3.790000,3.840000
05125573-c62e-4113-a88b-d5b4503e68e6,SPY   251017C00675000,2025-10-08T18:00:00Z,3.840000,4.050000,3.560000,3.590000
05125573-c62e-4113-a88b-d5b4503e68e6,SPY   251017C00675000,2025-10-08T19:00:00Z,3.820000,3.820000,3.820000,3.820000
05125573-c62e-4113-a88b-d5b4503e68e6,SPY   251017C00675000,2025-10-09T14:00:00Z,3.260000,3.470000,2.640000,3.080000
05125573-c62e-4113-a88b-d5b4503e68e6,SPY   251017C00675000,2025-10-09T15:00:00Z,3.090000,3.240000,2.610000,3.030000
05125573-c62e-4113-a88b-d5b4503e68e6,SPY   251017C00675000,2025-10-09T16:00:00Z,3.040000,3.130000,2.480000,2.540000
05125573-c62e-4113-a88b-d5b4503e68e6,SPY   251017C00675000,2025-10-09T17:00:00Z,2.580000,2.740000,2.490000,2.550000
05125573-c62e-4113-a88b-d5b4503e68e6,SPY   251017C00675000,2025-10-09T18:00:00Z,2.660000,2.670000,2.370000,2.480000
05125573-c62e-4113-a88b-d5b4503e68e6,SPY   251017C00675000,2025-10-09T19:00:00Z,2.490000,2.870000,2.470000,2.840000
05125573-c62e-4113-a88b-d5b4503e68e6,SPY   251017C00675000,2025-10-10T14:00:00Z,3.130000,3.270000,3.090000,3.190000
05125573-c62e-4113-a88b-d5b4503e68e6,SPY   251017C00675000,2025-10-10T15:00:00Z,1.880000,1.960000,0.840000,0.870000
05125573-c62e-4113-a88b-d5b4503e68e6,SPY   251017C00675000,2025-10-10T16:00:00Z,0.890000,0.920000,0.620000,0.640000
05125573-c62e-4113-a88b-d5b4503e68e6,SPY   251017C00675000,2025-10-10T17:00:00Z,0.540000,0.800000,0.490000,0.750000
05125573-c62e-4113-a88b-d5b4503e68e6,SPY   251017C00675000,2025-10-10T18:00:00Z,0.790000,0.790000,0.450000,0.450000
05125573-c62e-4113-a88b-d5b4503e68e6,SPY   251017C00675000,2025-10-10T19:00:00Z,0.470000,0.530000,0.430000,0.430000
05125573-c62e-4113-a88b-d5b4503e68e6,SPY   251017C00675000,2025-10-13T14:00:00Z,0.710000,0.780000,0.450000,0.470000
05125573-c62e-4113-a88b-d5b4503e68e6,SPY   251017C00675000,2025-10-13T15:00:00Z,0.570000,0.640000,0.560000,0.600000
05125573-c62e-4113-a88b-d5b4503e68e6,SPY   251017C00675000,2025-10-13T16:00:00Z,0.620000,0.670000,0.600000,0.610000
05125573-c62e-4113-a88b-d5b4503e68e6,SPY   251017C00675000,2025-10-13T17:00:00Z,0.670000,0.780000,0.480000,0.530000
05125573-c62e-4113-a88b-d5b4503e68e6,SPY   251017C00675000,2025-10-13T18:00:00Z,0.540000,0.550000,0.310000,0.320000
05125573-c62e-4113-a88b-d5b4503e68e6,SPY   251017C00675000,2025-10-13T19:00:00Z,0.350000,0.420000,0.350000,0.420000
05125573-c62e-4113-a88b-d5b4503e68e6,SPY   251017C00675000,2025-10-14T14:00:00Z,0.150000,0.230000,0.150000,0.200000
05125573-c62e-4113-a88b-d5b4503e68e6,SPY   251017C00675000,2025-10-14T15:00:00Z,0.180000,0.250000,0.170000,0.250000
05125573-c62e-4113-a88b-d5b4503e68e6,SPY   251017C00675000,2025-10-14T16:00:00Z,0.270000,0.700000,0.230000,0.490000
05125573-c62e-4113-a88b-d5b4503e68e6,SPY   251017C00675000,2025-10-14T17:00:00Z,0.490000,0.570000,0.420000,0.520000
05125573-c62e-4113-a88b-d5b4503e68e6,SPY   251017C00675000,2025-10-14T18:00:00Z,0.500000,0.520000,0.410000,0.420000
05125573-c62e-4113-a88b-d5b4503e68e6,SPY   251017C00675000,2025-10-14T19:00:00Z,0.430000,0.470000,0.140000,0.200000
05125573-c62e-4113-a88b-d5b4503e68e6,SPY   251017C00675000,2025-10-15T14:00:00Z,0.850000,1.210000,0.720000,0.770000
05125573-c62e-4113-a88b-d5b4503e68e6,SPY   251017C00675000,2025-10-15T15:00:00Z,0.780000,0.800000,0.430000,0.440000
05125573-c62e-4113-a88b-d5b4503e68e6,SPY   251017C00675000,2025-10-15T16:00:00Z,0.400000,0.440000,0.370000,0.430000
05125573-c62e-4113-a88b-d5b4503e68e6,SPY   251017C00675000,2025-10-15T17:00:00Z,0.250000,0.250000,0.220000,0.220000
05125573-c62e-4113-a88b-d5b4503e68e6,SPY   251017C00675000,2025-10-15T18:00:00Z,0.310000,0.330000,0.270000,0.290000
05125573-c62e-4113-a88b-d5b4503e68e6,SPY   251017C00675000,2025-10-15T19:00:00Z,0.370000,0.370000,0.210000,0.210000
05125573-c62e-4113-a88b-d5b4503e68e6,SPY   251017C00675000,2025-10-16T14:00:00Z,0.310000,0.450000,0.260000,0.290000
05125573-c62e-4113-a88b-d5b4503e68e6,SPY   251017C00675000,2025-10-16T15:00:00Z,0.220000,0.230000,0.210000,0.220000
05125573-c62e-4113-a88b-d5b4503e68e6,SPY   251017C00675000,2025-10-16T16:00:00Z,0.160000,0.170000,0.130000,0.150000
05125573-c62e-4113-a88b-d5b4503e68e6,SPY   251017C00675000,2025-10-16T17:00:00Z,0.150000,0.150000,0.140000,0.150000
05125573-c62e-4113-a88b-d5b4503e68e6,SPY   251017C00675000,2025-10-16T18:00:00Z,0.090000,0.100000,0.070000,0.100000
05125573-c62e-4113-a88b-d5b4503e68e6,SPY   251017C00675000,2025-10-16T19:00:00Z,0.080000,0.080000,0.080000,0.080000
05125573-c62e-4113-a88b-d5b4503e68e6,SPY   251017C00675000,2025-10-17T14:00:00Z,0.020000,0.030000,0.020000,0.020000
05125573-c62e-4113-a88b-d5b4503e68e6,SPY   251017C00675000,2025-10-17T15:00:00Z,0.020000,0.020000,0.010000,0.010000
05125573-c62e-4113-a88b-d5b4503e68e6,SPY   251017C00675000,2025-10-17T16:00:00Z,0.010000,0.010000,0.010000,0.010000
05125573-c62e-4113-a88b-d5b4503e68e6,SPY   251017C00675000,2025-10-17T17:00:00Z,0.010000,0.010000,0.010000,0.010000
05125573-c62e-4113-a88b-d5b4503e68e6,SPY   251017C00675000,2025-10-17T18:00:00Z,0.010000,0.010000,0.010000,0.010000
05125573-c62e-4113-a88b-d5b4503e68e6,SPY   251017C00675000,2025-10-17T19:00:00Z,0.010000,0.010000,0.010000,0.010000
0596a2f3-c6c2-43ef-a3e2-691e48d6d945,SPY   260710C00763000,2026-06-29T14:00:00Z,0.350000,0.390000,0.230000,0.350000
0596a2f3-c6c2-43ef-a3e2-691e48d6d945,SPY   260710C00763000,2026-06-29T15:00:00Z,0.350000,0.360000,0.270000,0.320000
0596a2f3-c6c2-43ef-a3e2-691e48d6d945,SPY   260710C00763000,2026-06-29T16:00:00Z,0.320000,0.350000,0.300000,0.330000
0596a2f3-c6c2-43ef-a3e2-691e48d6d945,SPY   260710C00763000,2026-06-29T17:00:00Z,0.330000,0.470000,0.330000,0.430000
0596a2f3-c6c2-43ef-a3e2-691e48d6d945,SPY   260710C00763000,2026-06-29T18:00:00Z,0.430000,0.450000,0.390000,0.440000
0596a2f3-c6c2-43ef-a3e2-691e48d6d945,SPY   260710C00763000,2026-06-29T19:00:00Z,0.410000,0.430000,0.360000,0.360000
0596a2f3-c6c2-43ef-a3e2-691e48d6d945,SPY   260710C00763000,2026-06-30T14:00:00Z,0.530000,0.640000,0.010000,0.470000
0596a2f3-c6c2-43ef-a3e2-691e48d6d945,SPY   260710C00763000,2026-06-30T15:00:00Z,0.470000,0.560000,0.470000,0.540000
0596a2f3-c6c2-43ef-a3e2-691e48d6d945,SPY   260710C00763000,2026-06-30T16:00:00Z,0.620000,0.750000,0.610000,0.710000
0596a2f3-c6c2-43ef-a3e2-691e48d6d945,SPY   260710C00763000,2026-06-30T17:00:00Z,0.710000,0.770000,0.650000,0.660000
0596a2f3-c6c2-43ef-a3e2-691e48d6d945,SPY   260710C00763000,2026-06-30T18:00:00Z,0.670000,0.760000,0.650000,0.700000
0596a2f3-c6c2-43ef-a3e2-691e48d6d945,SPY   260710C00763000,2026-06-30T19:00:00Z,0.700000,0.810000,0.660000,0.680000
0596a2f3-c6c2-43ef-a3e2-691e48d6d945,SPY   260710C00763000,2026-07-01T14:00:00Z,0.400000,0.490000,0.370000,0.440000
0596a2f3-c6c2-43ef-a3e2-691e48d6d945,SPY   260710C00763000,2026-07-01T15:00:00Z,0.440000,0.670000,0.440000,0.580000
0596a2f3-c6c2-43ef-a3e2-691e48d6d945,SPY   260710C00763000,2026-07-01T16:00:00Z,0.580000,0.620000,0.440000,0.450000
0596a2f3-c6c2-43ef-a3e2-691e48d6d945,SPY   260710C00763000,2026-07-01T17:00:00Z,0.450000,0.510000,0.400000,0.410000
0596a2f3-c6c2-43ef-a3e2-691e48d6d945,SPY   260710C00763000,2026-07-01T18:00:00Z,0.410000,0.440000,0.370000,0.380000
0596a2f3-c6c2-43ef-a3e2-691e48d6d945,SPY   260710C00763000,2026-07-01T19:00:00Z,0.380000,0.430000,0.310000,0.310000
0596a2f3-c6c2-43ef-a3e2-691e48d6d945,SPY   260710C00763000,2026-07-02T14:00:00Z,0.540000,0.560000,0.260000,0.330000
0596a2f3-c6c2-43ef-a3e2-691e48d6d945,SPY   260710C00763000,2026-07-02T15:00:00Z,0.330000,0.330000,0.200000,0.210000
0596a2f3-c6c2-43ef-a3e2-691e48d6d945,SPY   260710C00763000,2026-07-02T16:00:00Z,0.220000,0.220000,0.120000,0.120000
0596a2f3-c6c2-43ef-a3e2-691e48d6d945,SPY   260710C00763000,2026-07-02T17:00:00Z,0.120000,0.120000,0.080000,0.090000
0596a2f3-c6c2-43ef-a3e2-691e48d6d945,SPY   260710C00763000,2026-07-02T18:00:00Z,0.130000,0.130000,0.130000,0.130000
0596a2f3-c6c2-43ef-a3e2-691e48d6d945,SPY   260710C00763000,2026-07-02T19:00:00Z,0.110000,0.110000,0.080000,0.110000
0596a2f3-c6c2-43ef-a3e2-691e48d6d945,SPY   260710C00763000,2026-07-06T14:00:00Z,0.160000,0.180000,0.140000,0.170000
0596a2f3-c6c2-43ef-a3e2-691e48d6d945,SPY   260710C00763000,2026-07-06T15:00:00Z,0.170000,0.200000,0.160000,0.200000
0596a2f3-c6c2-43ef-a3e2-691e48d6d945,SPY   260710C00763000,2026-07-06T16:00:00Z,0.200000,0.210000,0.170000,0.180000
0596a2f3-c6c2-43ef-a3e2-691e48d6d945,SPY   260710C00763000,2026-07-06T17:00:00Z,0.180000,0.240000,0.150000,0.150000
0596a2f3-c6c2-43ef-a3e2-691e48d6d945,SPY   260710C00763000,2026-07-06T18:00:00Z,0.150000,0.220000,0.150000,0.200000
0596a2f3-c6c2-43ef-a3e2-691e48d6d945,SPY   260710C00763000,2026-07-06T19:00:00Z,0.210000,0.250000,0.180000,0.190000
0596a2f3-c6c2-43ef-a3e2-691e48d6d945,SPY   260710C00763000,2026-07-07T14:00:00Z,0.080000,0.080000,0.050000,0.050000
0596a2f3-c6c2-43ef-a3e2-691e48d6d945,SPY   260710C00763000,2026-07-07T15:00:00Z,0.050000,0.050000,0.050000,0.050000
0596a2f3-c6c2-43ef-a3e2-691e48d6d945,SPY   260710C00763000,2026-07-07T16:00:00Z,0.060000,0.070000,0.060000,0.070000
0596a2f3-c6c2-43ef-a3e2-691e48d6d945,SPY   260710C00763000,2026-07-07T17:00:00Z,0.070000,0.080000,0.060000,0.060000
0596a2f3-c6c2-43ef-a3e2-691e48d6d945,SPY   260710C00763000,2026-07-07T18:00:00Z,0.060000,0.060000,0.040000,0.040000
0596a2f3-c6c2-43ef-a3e2-691e48d6d945,SPY   260710C00763000,2026-07-07T19:00:00Z,0.040000,0.040000,0.040000,0.040000
0596a2f3-c6c2-43ef-a3e2-691e48d6d945,SPY   260710C00763000,2026-07-08T14:00:00Z,0.030000,0.030000,0.030000,0.030000
0596a2f3-c6c2-43ef-a3e2-691e48d6d945,SPY   260710C00763000,2026-07-08T15:00:00Z,0.030000,0.030000,0.030000,0.030000
0596a2f3-c6c2-43ef-a3e2-691e48d6d945,SPY   260710C00763000,2026-07-08T16:00:00Z,0.030000,0.030000,0.030000,0.030000
0596a2f3-c6c2-43ef-a3e2-691e48d6d945,SPY   260710C00763000,2026-07-08T17:00:00Z,0.030000,0.040000,0.020000,0.040000
0596a2f3-c6c2-43ef-a3e2-691e48d6d945,SPY   260710C00763000,2026-07-08T18:00:00Z,0.010000,0.020000,0.010000,0.020000
0596a2f3-c6c2-43ef-a3e2-691e48d6d945,SPY   260710C00763000,2026-07-08T19:00:00Z,0.020000,0.020000,0.020000,0.020000
0596a2f3-c6c2-43ef-a3e2-691e48d6d945,SPY   260710C00763000,2026-07-09T14:00:00Z,0.020000,0.020000,0.020000,0.020000
0596a2f3-c6c2-43ef-a3e2-691e48d6d945,SPY   260710C00763000,2026-07-09T15:00:00Z,0.020000,0.020000,0.020000,0.020000
0596a2f3-c6c2-43ef-a3e2-691e48d6d945,SPY   260710C00763000,2026-07-09T16:00:00Z,0.020000,0.020000,0.020000,0.020000
0596a2f3-c6c2-43ef-a3e2-691e48d6d945,SPY   260710C00763000,2026-07-09T17:00:00Z,0.020000,0.020000,0.020000,0.020000
0596a2f3-c6c2-43ef-a3e2-691e48d6d945,SPY   260710C00763000,2026-07-09T18:00:00Z,0.020000,0.020000,0.020000,0.020000
0596a2f3-c6c2-43ef-a3e2-691e48d6d945,SPY   260710C00763000,2026-07-09T19:00:00Z,0.020000,0.020000,0.020000,0.020000
0596a2f3-c6c2-43ef-a3e2-691e48d6d945,SPY   260710C00763000,2026-07-10T14:00:00Z,0.010000,0.020000,0.010000,0.020000
0596a2f3-c6c2-43ef-a3e2-691e48d6d945,SPY   260710C00763000,2026-07-10T15:00:00Z,0.020000,0.020000,0.020000,0.020000
0596a2f3-c6c2-43ef-a3e2-691e48d6d945,SPY   260710C00763000,2026-07-10T16:00:00Z,0.020000,0.020000,0.020000,0.020000
0596a2f3-c6c2-43ef-a3e2-691e48d6d945,SPY   260710C00763000,2026-07-10T17:00:00Z,0.020000,0.020000,0.020000,0.020000
0596a2f3-c6c2-43ef-a3e2-691e48d6d945,SPY   260710C00763000,2026-07-10T18:00:00Z,0.020000,0.020000,0.020000,0.020000
0596a2f3-c6c2-43ef-a3e2-691e48d6d945,SPY   260710C00763000,2026-07-10T19:00:00Z,0.020000,0.020000,0.010000,0.010000
064669b4-40bf-442b-8cff-6456bedcf39e,SPY   260717C00764000,2026-07-13T14:00:00Z,0.360000,0.360000,0.350000,0.360000
064669b4-40bf-442b-8cff-6456bedcf39e,SPY   260717C00764000,2026-07-13T15:00:00Z,0.430000,0.450000,0.300000,0.310000
064669b4-40bf-442b-8cff-6456bedcf39e,SPY   260717C00764000,2026-07-13T16:00:00Z,0.310000,0.330000,0.250000,0.270000
064669b4-40bf-442b-8cff-6456bedcf39e,SPY   260717C00764000,2026-07-13T17:00:00Z,0.270000,0.290000,0.240000,0.250000
064669b4-40bf-442b-8cff-6456bedcf39e,SPY   260717C00764000,2026-07-13T18:00:00Z,0.250000,0.290000,0.240000,0.250000
064669b4-40bf-442b-8cff-6456bedcf39e,SPY   260717C00764000,2026-07-13T19:00:00Z,0.250000,0.280000,0.230000,0.260000
064669b4-40bf-442b-8cff-6456bedcf39e,SPY   260717C00764000,2026-07-14T14:00:00Z,0.200000,0.210000,0.200000,0.210000
064669b4-40bf-442b-8cff-6456bedcf39e,SPY   260717C00764000,2026-07-14T15:00:00Z,0.260000,0.280000,0.200000,0.200000
064669b4-40bf-442b-8cff-6456bedcf39e,SPY   260717C00764000,2026-07-14T16:00:00Z,0.190000,0.200000,0.170000,0.200000
064669b4-40bf-442b-8cff-6456bedcf39e,SPY   260717C00764000,2026-07-14T17:00:00Z,0.200000,0.200000,0.200000,0.200000
064669b4-40bf-442b-8cff-6456bedcf39e,SPY   260717C00764000,2026-07-14T18:00:00Z,0.190000,0.200000,0.160000,0.160000
064669b4-40bf-442b-8cff-6456bedcf39e,SPY   260717C00764000,2026-07-14T19:00:00Z,0.160000,0.190000,0.150000,0.170000
064669b4-40bf-442b-8cff-6456bedcf39e,SPY   260717C00764000,2026-07-15T14:00:00Z,0.170000,0.210000,0.120000,0.120000
064669b4-40bf-442b-8cff-6456bedcf39e,SPY   260717C00764000,2026-07-15T15:00:00Z,0.110000,0.130000,0.110000,0.110000
064669b4-40bf-442b-8cff-6456bedcf39e,SPY   260717C00764000,2026-07-15T16:00:00Z,0.110000,0.110000,0.080000,0.090000
064669b4-40bf-442b-8cff-6456bedcf39e,SPY   260717C00764000,2026-07-15T17:00:00Z,0.090000,0.140000,0.090000,0.130000
064669b4-40bf-442b-8cff-6456bedcf39e,SPY   260717C00764000,2026-07-15T18:00:00Z,0.130000,0.160000,0.090000,0.090000
064669b4-40bf-442b-8cff-6456bedcf39e,SPY   260717C00764000,2026-07-15T19:00:00Z,0.090000,0.100000,0.080000,0.080000
064669b4-40bf-442b-8cff-6456bedcf39e,SPY   260717C00764000,2026-07-16T14:00:00Z,0.040000,0.040000,0.040000,0.040000
064669b4-40bf-442b-8cff-6456bedcf39e,SPY   260717C00764000,2026-07-16T15:00:00Z,0.040000,0.040000,0.040000,0.040000
064669b4-40bf-442b-8cff-6456bedcf39e,SPY   260717C00764000,2026-07-16T16:00:00Z,0.040000,0.040000,0.040000,0.040000
064669b4-40bf-442b-8cff-6456bedcf39e,SPY   260717C00764000,2026-07-16T17:00:00Z,0.040000,0.040000,0.040000,0.040000
064669b4-40bf-442b-8cff-6456bedcf39e,SPY   260717C00764000,2026-07-16T18:00:00Z,0.040000,0.040000,0.040000,0.040000
064669b4-40bf-442b-8cff-6456bedcf39e,SPY   260717C00764000,2026-07-16T19:00:00Z,0.040000,0.040000,0.020000,0.020000
064669b4-40bf-442b-8cff-6456bedcf39e,SPY   260717C00764000,2026-07-17T14:00:00Z,0.010000,0.010000,0.010000,0.010000
064669b4-40bf-442b-8cff-6456bedcf39e,SPY   260717C00764000,2026-07-17T15:00:00Z,0.010000,0.010000,0.010000,0.010000
064669b4-40bf-442b-8cff-6456bedcf39e,SPY   260717C00764000,2026-07-17T16:00:00Z,0.010000,0.010000,0.010000,0.010000
064669b4-40bf-442b-8cff-6456bedcf39e,SPY   260717C00764000,2026-07-17T17:00:00Z,0.010000,0.010000,0.010000,0.010000
064669b4-40bf-442b-8cff-6456bedcf39e,SPY   260717C00764000,2026-07-17T18:00:00Z,0.010000,0.010000,0.010000,0.010000
064669b4-40bf-442b-8cff-6456bedcf39e,SPY   260717C00764000,2026-07-17T19:00:00Z,0.010000,0.010000,0.010000,0.010000
078de22d-6ed9-4820-9216-3dc192c310e2,SPY   260220C00689000,2026-02-10T15:00:00Z,11.360000,11.800000,10.680000,11.000000
078de22d-6ed9-4820-9216-3dc192c310e2,SPY   260220C00689000,2026-02-10T16:00:00Z,11.000000,11.140000,10.380000,10.650000
078de22d-6ed9-4820-9216-3dc192c310e2,SPY   260220C00689000,2026-02-10T17:00:00Z,10.530000,11.110000,10.190000,10.900000
078de22d-6ed9-4820-9216-3dc192c310e2,SPY   260220C00689000,2026-02-10T18:00:00Z,10.840000,10.850000,10.520000,10.580000
078de22d-6ed9-4820-9216-3dc192c310e2,SPY   260220C00689000,2026-02-10T19:00:00Z,9.820000,10.090000,9.550000,9.830000
078de22d-6ed9-4820-9216-3dc192c310e2,SPY   260220C00689000,2026-02-10T20:00:00Z,9.830000,9.910000,9.210000,9.280000
078de22d-6ed9-4820-9216-3dc192c310e2,SPY   260220C00689000,2026-02-11T15:00:00Z,9.720000,10.040000,7.380000,8.600000
078de22d-6ed9-4820-9216-3dc192c310e2,SPY   260220C00689000,2026-02-11T16:00:00Z,8.580000,9.130000,8.200000,8.360000
078de22d-6ed9-4820-9216-3dc192c310e2,SPY   260220C00689000,2026-02-11T17:00:00Z,9.310000,9.310000,8.950000,8.990000
078de22d-6ed9-4820-9216-3dc192c310e2,SPY   260220C00689000,2026-02-11T18:00:00Z,8.750000,8.830000,8.020000,8.570000
078de22d-6ed9-4820-9216-3dc192c310e2,SPY   260220C00689000,2026-02-11T19:00:00Z,8.990000,9.000000,8.750000,8.860000
078de22d-6ed9-4820-9216-3dc192c310e2,SPY   260220C00689000,2026-02-11T20:00:00Z,8.710000,8.810000,8.130000,8.400000
078de22d-6ed9-4820-9216-3dc192c310e2,SPY   260220C00689000,2026-02-12T15:00:00Z,6.790000,6.810000,6.730000,6.730000
078de22d-6ed9-4820-9216-3dc192c310e2,SPY   260220C00689000,2026-02-12T16:00:00Z,4.730000,4.820000,4.730000,4.780000
078de22d-6ed9-4820-9216-3dc192c310e2,SPY   260220C00689000,2026-02-12T17:00:00Z,4.840000,5.050000,4.520000,5.020000
078de22d-6ed9-4820-9216-3dc192c310e2,SPY   260220C00689000,2026-02-12T18:00:00Z,4.450000,4.460000,4.340000,4.430000
078de22d-6ed9-4820-9216-3dc192c310e2,SPY   260220C00689000,2026-02-12T19:00:00Z,5.010000,5.110000,4.840000,4.880000
078de22d-6ed9-4820-9216-3dc192c310e2,SPY   260220C00689000,2026-02-12T20:00:00Z,4.770000,4.900000,3.500000,3.560000
078de22d-6ed9-4820-9216-3dc192c310e2,SPY   260220C00689000,2026-02-13T15:00:00Z,3.020000,4.150000,3.020000,3.360000
078de22d-6ed9-4820-9216-3dc192c310e2,SPY   260220C00689000,2026-02-13T16:00:00Z,3.370000,3.860000,3.360000,3.630000
078de22d-6ed9-4820-9216-3dc192c310e2,SPY   260220C00689000,2026-02-13T17:00:00Z,3.930000,4.350000,3.850000,3.910000
078de22d-6ed9-4820-9216-3dc192c310e2,SPY   260220C00689000,2026-02-13T18:00:00Z,3.950000,3.950000,3.930000,3.930000
078de22d-6ed9-4820-9216-3dc192c310e2,SPY   260220C00689000,2026-02-13T19:00:00Z,3.660000,3.820000,2.890000,2.920000
078de22d-6ed9-4820-9216-3dc192c310e2,SPY   260220C00689000,2026-02-13T20:00:00Z,2.920000,3.150000,2.480000,2.480000
078de22d-6ed9-4820-9216-3dc192c310e2,SPY   260220C00689000,2026-02-17T15:00:00Z,1.310000,1.850000,1.150000,1.450000
078de22d-6ed9-4820-9216-3dc192c310e2,SPY   260220C00689000,2026-02-17T16:00:00Z,2.150000,2.160000,2.140000,2.140000
078de22d-6ed9-4820-9216-3dc192c310e2,SPY   260220C00689000,2026-02-17T17:00:00Z,2.120000,2.150000,1.480000,1.510000
078de22d-6ed9-4820-9216-3dc192c310e2,SPY   260220C00689000,2026-02-17T18:00:00Z,1.610000,2.730000,1.480000,2.510000
078de22d-6ed9-4820-9216-3dc192c310e2,SPY   260220C00689000,2026-02-17T19:00:00Z,2.490000,2.710000,2.230000,2.330000
078de22d-6ed9-4820-9216-3dc192c310e2,SPY   260220C00689000,2026-02-17T20:00:00Z,2.240000,2.260000,1.690000,1.760000
078de22d-6ed9-4820-9216-3dc192c310e2,SPY   260220C00689000,2026-02-18T15:00:00Z,2.710000,3.590000,2.700000,3.360000
078de22d-6ed9-4820-9216-3dc192c310e2,SPY   260220C00689000,2026-02-18T16:00:00Z,3.360000,3.500000,3.160000,3.360000
078de22d-6ed9-4820-9216-3dc192c310e2,SPY   260220C00689000,2026-02-18T17:00:00Z,2.900000,3.460000,2.830000,3.200000
078de22d-6ed9-4820-9216-3dc192c310e2,SPY   260220C00689000,2026-02-18T18:00:00Z,3.310000,3.340000,2.330000,2.590000
078de22d-6ed9-4820-9216-3dc192c310e2,SPY   260220C00689000,2026-02-18T19:00:00Z,2.710000,2.740000,1.690000,1.790000
078de22d-6ed9-4820-9216-3dc192c310e2,SPY   260220C00689000,2026-02-18T20:00:00Z,1.810000,2.470000,1.610000,2.470000
078de22d-6ed9-4820-9216-3dc192c310e2,SPY   260220C00689000,2026-02-19T15:00:00Z,1.580000,1.880000,1.180000,1.370000
078de22d-6ed9-4820-9216-3dc192c310e2,SPY   260220C00689000,2026-02-19T16:00:00Z,1.380000,1.440000,0.760000,0.850000
078de22d-6ed9-4820-9216-3dc192c310e2,SPY   260220C00689000,2026-02-19T17:00:00Z,0.860000,1.020000,0.640000,0.650000
078de22d-6ed9-4820-9216-3dc192c310e2,SPY   260220C00689000,2026-02-19T18:00:00Z,0.650000,0.720000,0.560000,0.580000
078de22d-6ed9-4820-9216-3dc192c310e2,SPY   260220C00689000,2026-02-19T19:00:00Z,0.760000,0.800000,0.570000,0.570000
078de22d-6ed9-4820-9216-3dc192c310e2,SPY   260220C00689000,2026-02-19T20:00:00Z,0.670000,0.680000,0.670000,0.670000
078de22d-6ed9-4820-9216-3dc192c310e2,SPY   260220C00689000,2026-02-20T15:00:00Z,0.430000,2.460000,0.410000,1.320000
078de22d-6ed9-4820-9216-3dc192c310e2,SPY   260220C00689000,2026-02-20T16:00:00Z,0.570000,0.850000,0.510000,0.850000
078de22d-6ed9-4820-9216-3dc192c310e2,SPY   260220C00689000,2026-02-20T17:00:00Z,1.000000,1.100000,0.220000,0.560000
078de22d-6ed9-4820-9216-3dc192c310e2,SPY   260220C00689000,2026-02-20T18:00:00Z,0.590000,0.670000,0.450000,0.490000
078de22d-6ed9-4820-9216-3dc192c310e2,SPY   260220C00689000,2026-02-20T19:00:00Z,1.110000,1.370000,0.260000,0.380000
078de22d-6ed9-4820-9216-3dc192c310e2,SPY   260220C00689000,2026-02-20T20:00:00Z,0.290000,0.870000,0.160000,0.160000
0a34b667-e9c2-46d8-9ea8-d2a9550d6251,SPY   260522P00722000,2026-05-18T14:00:00Z,1.020000,1.580000,0.930000,1.250000
0a34b667-e9c2-46d8-9ea8-d2a9550d6251,SPY   260522P00722000,2026-05-18T15:00:00Z,1.390000,1.410000,1.370000,1.400000
0a34b667-e9c2-46d8-9ea8-d2a9550d6251,SPY   260522P00722000,2026-05-18T16:00:00Z,1.520000,1.920000,1.210000,1.450000
0a34b667-e9c2-46d8-9ea8-d2a9550d6251,SPY   260522P00722000,2026-05-18T17:00:00Z,1.460000,1.550000,1.190000,1.230000
0a34b667-e9c2-46d8-9ea8-d2a9550d6251,SPY   260522P00722000,2026-05-18T18:00:00Z,1.230000,1.970000,1.210000,1.890000
0a34b667-e9c2-46d8-9ea8-d2a9550d6251,SPY   260522P00722000,2026-05-18T19:00:00Z,1.880000,1.890000,1.030000,1.030000
0a34b667-e9c2-46d8-9ea8-d2a9550d6251,SPY   260522P00722000,2026-05-19T14:00:00Z,1.320000,1.970000,1.300000,1.530000
0a34b667-e9c2-46d8-9ea8-d2a9550d6251,SPY   260522P00722000,2026-05-19T15:00:00Z,1.520000,1.800000,1.300000,1.490000
0a34b667-e9c2-46d8-9ea8-d2a9550d6251,SPY   260522P00722000,2026-05-19T16:00:00Z,1.460000,1.610000,0.920000,0.940000
0a34b667-e9c2-46d8-9ea8-d2a9550d6251,SPY   260522P00722000,2026-05-19T17:00:00Z,0.950000,1.050000,0.880000,0.970000
0a34b667-e9c2-46d8-9ea8-d2a9550d6251,SPY   260522P00722000,2026-05-19T18:00:00Z,0.970000,1.300000,0.880000,1.240000
0a34b667-e9c2-46d8-9ea8-d2a9550d6251,SPY   260522P00722000,2026-05-19T19:00:00Z,1.240000,1.370000,0.940000,1.360000
0a34b667-e9c2-46d8-9ea8-d2a9550d6251,SPY   260522P00722000,2026-05-20T14:00:00Z,0.740000,1.040000,0.530000,0.540000
0a34b667-e9c2-46d8-9ea8-d2a9550d6251,SPY   260522P00722000,2026-05-20T15:00:00Z,0.550000,0.610000,0.430000,0.450000
0a34b667-e9c2-46d8-9ea8-d2a9550d6251,SPY   260522P00722000,2026-05-20T16:00:00Z,0.450000,0.570000,0.430000,0.460000
0a34b667-e9c2-46d8-9ea8-d2a9550d6251,SPY   260522P00722000,2026-05-20T17:00:00Z,0.450000,0.500000,0.370000,0.390000
0a34b667-e9c2-46d8-9ea8-d2a9550d6251,SPY   260522P00722000,2026-05-20T18:00:00Z,0.390000,0.430000,0.310000,0.320000
0a34b667-e9c2-46d8-9ea8-d2a9550d6251,SPY   260522P00722000,2026-05-20T19:00:00Z,0.320000,0.340000,0.290000,0.310000
0a34b667-e9c2-46d8-9ea8-d2a9550d6251,SPY   260522P00722000,2026-05-21T14:00:00Z,0.160000,0.250000,0.140000,0.150000
0a34b667-e9c2-46d8-9ea8-d2a9550d6251,SPY   260522P00722000,2026-05-21T15:00:00Z,0.150000,0.220000,0.130000,0.150000
0a34b667-e9c2-46d8-9ea8-d2a9550d6251,SPY   260522P00722000,2026-05-21T16:00:00Z,0.150000,0.160000,0.120000,0.120000
0a34b667-e9c2-46d8-9ea8-d2a9550d6251,SPY   260522P00722000,2026-05-21T17:00:00Z,0.120000,0.120000,0.070000,0.080000
0a34b667-e9c2-46d8-9ea8-d2a9550d6251,SPY   260522P00722000,2026-05-21T18:00:00Z,0.090000,0.160000,0.070000,0.110000
0a34b667-e9c2-46d8-9ea8-d2a9550d6251,SPY   260522P00722000,2026-05-21T19:00:00Z,0.110000,0.110000,0.040000,0.050000
0a34b667-e9c2-46d8-9ea8-d2a9550d6251,SPY   260522P00722000,2026-05-22T14:00:00Z,0.020000,0.020000,0.020000,0.020000
0a34b667-e9c2-46d8-9ea8-d2a9550d6251,SPY   260522P00722000,2026-05-22T15:00:00Z,0.020000,0.020000,0.020000,0.020000
0a34b667-e9c2-46d8-9ea8-d2a9550d6251,SPY   260522P00722000,2026-05-22T16:00:00Z,0.020000,0.020000,0.020000,0.020000
0a34b667-e9c2-46d8-9ea8-d2a9550d6251,SPY   260522P00722000,2026-05-22T17:00:00Z,0.020000,0.020000,0.020000,0.020000
0a34b667-e9c2-46d8-9ea8-d2a9550d6251,SPY   260522P00722000,2026-05-22T18:00:00Z,0.020000,0.020000,0.020000,0.020000
0a34b667-e9c2-46d8-9ea8-d2a9550d6251,SPY   260522P00722000,2026-05-22T19:00:00Z,0.010000,0.010000,0.010000,0.010000
0aaec2bb-8a72-4c3f-95f3-25e385cbcb3e,SPY   260918C00772000,2026-09-08T14:00:00Z,4.050000,4.130000,3.550000,3.700000
0aaec2bb-8a72-4c3f-95f3-25e385cbcb3e,SPY   260918C00772000,2026-09-08T15:00:00Z,4.270000,4.290000,4.010000,4.010000
0aaec2bb-8a72-4c3f-95f3-25e385cbcb3e,SPY   260918C00772000,2026-09-08T16:00:00Z,3.850000,4.000000,3.510000,3.630000
0aaec2bb-8a72-4c3f-95f3-25e385cbcb3e,SPY   260918C00772000,2026-09-08T17:00:00Z,3.610000,4.110000,3.610000,3.910000
0aaec2bb-8a72-4c3f-95f3-25e385cbcb3e,SPY   260918C00772000,2026-09-08T18:00:00Z,3.810000,3.810000,3.750000,3.750000
0aaec2bb-8a72-4c3f-95f3-25e385cbcb3e,SPY   260918C00772000,2026-09-08T19:00:00Z,3.620000,3.740000,3.300000,3.360000
0aaec2bb-8a72-4c3f-95f3-25e385cbcb3e,SPY   260918C00772000,2026-09-09T14:00:00Z,2.510000,2.570000,2.160000,2.370000
0aaec2bb-8a72-4c3f-95f3-25e385cbcb3e,SPY   260918C00772000,2026-09-09T15:00:00Z,2.040000,2.090000,2.020000,2.070000
0aaec2bb-8a72-4c3f-95f3-25e385cbcb3e,SPY   260918C00772000,2026-09-09T16:00:00Z,2.100000,2.230000,1.950000,2.160000
0aaec2bb-8a72-4c3f-95f3-25e385cbcb3e,SPY   260918C00772000,2026-09-09T17:00:00Z,2.160000,2.370000,2.100000,2.280000
0aaec2bb-8a72-4c3f-95f3-25e385cbcb3e,SPY   260918C00772000,2026-09-09T18:00:00Z,2.250000,2.350000,2.110000,2.220000
0aaec2bb-8a72-4c3f-95f3-25e385cbcb3e,SPY   260918C00772000,2026-09-09T19:00:00Z,2.220000,2.350000,2.080000,2.130000
0aaec2bb-8a72-4c3f-95f3-25e385cbcb3e,SPY   260918C00772000,2026-09-10T14:00:00Z,1.080000,1.440000,1.040000,1.380000
0aaec2bb-8a72-4c3f-95f3-25e385cbcb3e,SPY   260918C00772000,2026-09-10T15:00:00Z,1.380000,1.460000,1.240000,1.280000
0aaec2bb-8a72-4c3f-95f3-25e385cbcb3e,SPY   260918C00772000,2026-09-10T16:00:00Z,1.280000,1.360000,1.120000,1.340000
0aaec2bb-8a72-4c3f-95f3-25e385cbcb3e,SPY   260918C00772000,2026-09-10T17:00:00Z,1.330000,1.430000,1.170000,1.180000
0aaec2bb-8a72-4c3f-95f3-25e385cbcb3e,SPY   260918C00772000,2026-09-10T18:00:00Z,1.180000,1.220000,1.120000,1.120000
0aaec2bb-8a72-4c3f-95f3-25e385cbcb3e,SPY   260918C00772000,2026-09-10T19:00:00Z,1.120000,1.200000,1.090000,1.170000
0aaec2bb-8a72-4c3f-95f3-25e385cbcb3e,SPY   260918C00772000,2026-09-11T14:00:00Z,2.130000,2.140000,1.570000,1.640000
0aaec2bb-8a72-4c3f-95f3-25e385cbcb3e,SPY   260918C00772000,2026-09-11T15:00:00Z,1.800000,2.190000,1.790000,2.010000
0aaec2bb-8a72-4c3f-95f3-25e385cbcb3e,SPY   260918C00772000,2026-09-11T16:00:00Z,2.000000,2.140000,1.780000,1.940000
0aaec2bb-8a72-4c3f-95f3-25e385cbcb3e,SPY   260918C00772000,2026-09-11T17:00:00Z,1.950000,2.120000,1.860000,1.870000
0aaec2bb-8a72-4c3f-95f3-25e385cbcb3e,SPY   260918C00772000,2026-09-11T18:00:00Z,1.870000,1.950000,1.700000,1.700000
0aaec2bb-8a72-4c3f-95f3-25e385cbcb3e,SPY   260918C00772000,2026-09-11T19:00:00Z,1.700000,1.730000,1.560000,1.560000
0aaec2bb-8a72-4c3f-95f3-25e385cbcb3e,SPY   260918C00772000,2026-09-14T14:00:00Z,0.630000,0.760000,0.450000,0.450000
0aaec2bb-8a72-4c3f-95f3-25e385cbcb3e,SPY   260918C00772000,2026-09-14T15:00:00Z,0.460000,0.630000,0.430000,0.620000
0aaec2bb-8a72-4c3f-95f3-25e385cbcb3e,SPY   260918C00772000,2026-09-14T16:00:00Z,0.830000,1.100000,0.730000,0.970000
0aaec2bb-8a72-4c3f-95f3-25e385cbcb3e,SPY   260918C00772000,2026-09-14T17:00:00Z,0.880000,0.950000,0.810000,0.890000
0aaec2bb-8a72-4c3f-95f3-25e385cbcb3e,SPY   260918C00772000,2026-09-14T18:00:00Z,0.800000,0.850000,0.730000,0.780000
0aaec2bb-8a72-4c3f-95f3-25e385cbcb3e,SPY   260918C00772000,2026-09-14T19:00:00Z,0.770000,0.780000,0.720000,0.720000
0aaec2bb-8a72-4c3f-95f3-25e385cbcb3e,SPY   260918C00772000,2026-09-15T14:00:00Z,0.380000,0.380000,0.250000,0.260000
0aaec2bb-8a72-4c3f-95f3-25e385cbcb3e,SPY   260918C00772000,2026-09-15T15:00:00Z,0.280000,0.280000,0.280000,0.280000
0aaec2bb-8a72-4c3f-95f3-25e385cbcb3e,SPY   260918C00772000,2026-09-15T16:00:00Z,0.270000,0.310000,0.260000,0.310000
0aaec2bb-8a72-4c3f-95f3-25e385cbcb3e,SPY   260918C00772000,2026-09-15T17:00:00Z,0.300000,0.310000,0.230000,0.240000
0aaec2bb-8a72-4c3f-95f3-25e385cbcb3e,SPY   260918C00772000,2026-09-15T18:00:00Z,0.240000,0.260000,0.230000,0.260000
0aaec2bb-8a72-4c3f-95f3-25e385cbcb3e,SPY   260918C00772000,2026-09-15T19:00:00Z,0.230000,0.240000,0.210000,0.210000
0aaec2bb-8a72-4c3f-95f3-25e385cbcb3e,SPY   260918C00772000,2026-09-16T14:00:00Z,0.310000,0.350000,0.250000,0.350000
0aaec2bb-8a72-4c3f-95f3-25e385cbcb3e,SPY   260918C00772000,2026-09-16T15:00:00Z,0.350000,0.430000,0.350000,0.390000
0aaec2bb-8a72-4c3f-95f3-25e385cbcb3e,SPY   260918C00772000,2026-09-16T16:00:00Z,0.400000,0.400000,0.350000,0.350000
0aaec2bb-8a72-4c3f-95f3-25e385cbcb3e,SPY   260918C00772000,2026-09-16T17:00:00Z,0.310000,0.380000,0.280000,0.360000
0aaec2bb-8a72-4c3f-95f3-25e385cbcb3e,SPY   260918C00772000,2026-09-16T18:00:00Z,0.380000,0.390000,0.070000,0.070000
0aaec2bb-8a72-4c3f-95f3-25e385cbcb3e,SPY   260918C00772000,2026-09-16T19:00:00Z,0.070000,0.080000,0.040000,0.070000
0aaec2bb-8a72-4c3f-95f3-25e385cbcb3e,SPY   260918C00772000,2026-09-17T14:00:00Z,0.060000,0.090000,0.060000,0.090000
0aaec2bb-8a72-4c3f-95f3-25e385cbcb3e,SPY   260918C00772000,2026-09-17T15:00:00Z,0.070000,0.080000,0.070000,0.070000
0aaec2bb-8a72-4c3f-95f3-25e385cbcb3e,SPY   260918C00772000,2026-09-17T16:00:00Z,0.070000,0.070000,0.060000,0.060000
0aaec2bb-8a72-4c3f-95f3-25e385cbcb3e,SPY   260918C00772000,2026-09-17T17:00:00Z,0.060000,0.060000,0.060000,0.060000
0aaec2bb-8a72-4c3f-95f3-25e385cbcb3e,SPY   260918C00772000,2026-09-17T18:00:00Z,0.060000,0.060000,0.060000,0.060000
0aaec2bb-8a72-4c3f-95f3-25e385cbcb3e,SPY   260918C00772000,2026-09-17T19:00:00Z,0.050000,0.050000,0.040000,0.040000
0aaec2bb-8a72-4c3f-95f3-25e385cbcb3e,SPY   260918C00772000,2026-09-18T14:00:00Z,0.020000,0.020000,0.020000,0.020000
0aaec2bb-8a72-4c3f-95f3-25e385cbcb3e,SPY   260918C00772000,2026-09-18T15:00:00Z,0.020000,0.020000,0.020000,0.020000
0aaec2bb-8a72-4c3f-95f3-25e385cbcb3e,SPY   260918C00772000,2026-09-18T16:00:00Z,0.020000,0.020000,0.020000,0.020000
0aaec2bb-8a72-4c3f-95f3-25e385cbcb3e,SPY   260918C00772000,2026-09-18T17:00:00Z,0.020000,0.020000,0.020000,0.020000
0aaec2bb-8a72-4c3f-95f3-25e385cbcb3e,SPY   260918C00772000,2026-09-18T18:00:00Z,0.020000,0.020000,0.010000,0.010000
0aaec2bb-8a72-4c3f-95f3-25e385cbcb3e,SPY   260918C00772000,2026-09-18T19:00:00Z,0.010000,0.010000,0.010000,0.010000
0c18bd74-2cea-4024-a1ca-7c940cee5503,SPY   251114P00665000,2025-11-04T15:00:00Z,2.670000,2.920000,2.350000,2.780000
0c18bd74-2cea-4024-a1ca-7c940cee5503,SPY   251114P00665000,2025-11-04T16:00:00Z,2.780000,2.930000,2.570000,2.680000
0c18bd74-2cea-4024-a1ca-7c940cee5503,SPY   251114P00665000,2025-11-04T17:00:00Z,2.690000,3.520000,2.680000,3.410000
0c18bd74-2cea-4024-a1ca-7c940cee5503,SPY   251114P00665000,2025-11-04T18:00:00Z,3.410000,3.850000,3.260000,3.320000
0c18bd74-2cea-4024-a1ca-7c940cee5503,SPY   251114P00665000,2025-11-04T19:00:00Z,3.340000,3.720000,3.060000,3.510000
0c18bd74-2cea-4024-a1ca-7c940cee5503,SPY   251114P00665000,2025-11-04T20:00:00Z,3.500000,3.580000,3.050000,3.530000
0c18bd74-2cea-4024-a1ca-7c940cee5503,SPY   251114P00665000,2025-11-05T15:00:00Z,2.690000,2.870000,2.270000,2.390000
0c18bd74-2cea-4024-a1ca-7c940cee5503,SPY   251114P00665000,2025-11-05T16:00:00Z,2.400000,2.720000,1.900000,1.950000
0c18bd74-2cea-4024-a1ca-7c940cee5503,SPY   251114P00665000,2025-11-05T17:00:00Z,1.950000,1.970000,1.680000,1.790000
0c18bd74-2cea-4024-a1ca-7c940cee5503,SPY   251114P00665000,2025-11-05T18:00:00Z,1.790000,1.810000,1.640000,1.680000
0c18bd74-2cea-4024-a1ca-7c940cee5503,SPY   251114P00665000,2025-11-05T19:00:00Z,1.680000,1.840000,1.600000,1.630000
0c18bd74-2cea-4024-a1ca-7c940cee5503,SPY   251114P00665000,2025-11-05T20:00:00Z,1.630000,1.950000,1.580000,1.890000
0c18bd74-2cea-4024-a1ca-7c940cee5503,SPY   251114P00665000,2025-11-06T15:00:00Z,3.170000,4.400000,2.740000,4.360000
0c18bd74-2cea-4024-a1ca-7c940cee5503,SPY   251114P00665000,2025-11-06T16:00:00Z,4.360000,5.130000,3.850000,5.040000
0c18bd74-2cea-4024-a1ca-7c940cee5503,SPY   251114P00665000,2025-11-06T17:00:00Z,5.050000,5.240000,3.890000,4.090000
0c18bd74-2cea-4024-a1ca-7c940cee5503,SPY   251114P00665000,2025-11-06T18:00:00Z,4.090000,4.910000,3.630000,3.880000
0c18bd74-2cea-4024-a1ca-7c940cee5503,SPY   251114P00665000,2025-11-06T19:00:00Z,3.890000,3.960000,3.040000,3.310000
0c18bd74-2cea-4024-a1ca-7c940cee5503,SPY   251114P00665000,2025-11-06T20:00:00Z,4.190000,4.250000,4.150000,4.190000
0c18bd74-2cea-4024-a1ca-7c940cee5503,SPY   251114P00665000,2025-11-07T15:00:00Z,5.960000,7.640000,5.490000,7.640000
0c18bd74-2cea-4024-a1ca-7c940cee5503,SPY   251114P00665000,2025-11-07T16:00:00Z,7.680000,8.230000,7.220000,7.860000
0c18bd74-2cea-4024-a1ca-7c940cee5503,SPY   251114P00665000,2025-11-07T17:00:00Z,8.460000,8.990000,7.010000,7.170000
0c18bd74-2cea-4024-a1ca-7c940cee5503,SPY   251114P00665000,2025-11-07T18:00:00Z,7.160000,7.350000,5.710000,5.910000
0c18bd74-2cea-4024-a1ca-7c940cee5503,SPY   251114P00665000,2025-11-07T19:00:00Z,5.910000,6.120000,4.050000,4.060000
0c18bd74-2cea-4024-a1ca-7c940cee5503,SPY   251114P00665000,2025-11-07T20:00:00Z,4.300000,4.510000,4.070000,4.190000
0c18bd74-2cea-4024-a1ca-7c940cee5503,SPY   251114P00665000,2025-11-10T15:00:00Z,1.050000,1.380000,0.950000,1.330000
0c18bd74-2cea-4024-a1ca-7c940cee5503,SPY   251114P00665000,2025-11-10T16:00:00Z,1.420000,1.580000,1.180000,1.190000
0c18bd74-2cea-4024-a1ca-7c940cee5503,SPY   251114P00665000,2025-11-10T17:00:00Z,1.190000,1.220000,0.780000,0.800000
0c18bd74-2cea-4024-a1ca-7c940cee5503,SPY   251114P00665000,2025-11-10T18:00:00Z,0.800000,0.830000,0.720000,0.790000
0c18bd74-2cea-4024-a1ca-7c940cee5503,SPY   251114P00665000,2025-11-10T19:00:00Z,0.790000,0.790000,0.630000,0.660000
0c18bd74-2cea-4024-a1ca-7c940cee5503,SPY   251114P00665000,2025-11-10T20:00:00Z,0.660000,0.730000,0.640000,0.690000
0c18bd74-2cea-4024-a1ca-7c940cee5503,SPY   251114P00665000,2025-11-11T15:00:00Z,0.480000,0.640000,0.480000,0.620000
0c18bd74-2cea-4024-a1ca-7c940cee5503,SPY   251114P00665000,2025-11-11T16:00:00Z,0.610000,0.630000,0.510000,0.540000
0c18bd74-2cea-4024-a1ca-7c940cee5503,SPY   251114P00665000,2025-11-11T17:00:00Z,0.490000,0.490000,0.340000,0.350000
0c18bd74-2cea-4024-a1ca-7c940cee5503,SPY   251114P00665000,2025-11-11T18:00:00Z,0.330000,0.350000,0.290000,0.290000
0c18bd74-2cea-4024-a1ca-7c940cee5503,SPY   251114P00665000,2025-11-11T19:00:00Z,0.290000,0.310000,0.280000,0.280000
0c18bd74-2cea-4024-a1ca-7c940cee5503,SPY   251114P00665000,2025-11-11T20:00:00Z,0.280000,0.310000,0.280000,0.290000
0c18bd74-2cea-4024-a1ca-7c940cee5503,SPY   251114P00665000,2025-11-12T15:00:00Z,0.200000,0.280000,0.180000,0.250000
0c18bd74-2cea-4024-a1ca-7c940cee5503,SPY   251114P00665000,2025-11-12T16:00:00Z,0.270000,0.270000,0.270000,0.270000
0c18bd74-2cea-4024-a1ca-7c940cee5503,SPY   251114P00665000,2025-11-12T17:00:00Z,0.280000,0.290000,0.170000,0.170000
0c18bd74-2cea-4024-a1ca-7c940cee5503,SPY   251114P00665000,2025-11-12T18:00:00Z,0.170000,0.190000,0.160000,0.170000
0c18bd74-2cea-4024-a1ca-7c940cee5503,SPY   251114P00665000,2025-11-12T19:00:00Z,0.170000,0.210000,0.160000,0.180000
0c18bd74-2cea-4024-a1ca-7c940cee5503,SPY   251114P00665000,2025-11-12T20:00:00Z,0.180000,0.230000,0.140000,0.140000
0c18bd74-2cea-4024-a1ca-7c940cee5503,SPY   251114P00665000,2025-11-13T15:00:00Z,0.240000,0.500000,0.150000,0.360000
0c18bd74-2cea-4024-a1ca-7c940cee5503,SPY   251114P00665000,2025-11-13T16:00:00Z,0.400000,0.610000,0.340000,0.580000
0c18bd74-2cea-4024-a1ca-7c940cee5503,SPY   251114P00665000,2025-11-13T17:00:00Z,0.540000,0.600000,0.420000,0.470000
0c18bd74-2cea-4024-a1ca-7c940cee5503,SPY   251114P00665000,2025-11-13T18:00:00Z,0.590000,0.650000,0.540000,0.600000
0c18bd74-2cea-4024-a1ca-7c940cee5503,SPY   251114P00665000,2025-11-13T19:00:00Z,0.910000,1.430000,0.670000,1.130000
0c18bd74-2cea-4024-a1ca-7c940cee5503,SPY   251114P00665000,2025-11-13T20:00:00Z,1.140000,1.410000,0.730000,0.730000
0c18bd74-2cea-4024-a1ca-7c940cee5503,SPY   251114P00665000,2025-11-14T15:00:00Z,1.140000,1.640000,0.310000,0.320000
0c18bd74-2cea-4024-a1ca-7c940cee5503,SPY   251114P00665000,2025-11-14T16:00:00Z,0.320000,0.460000,0.100000,0.110000
0c18bd74-2cea-4024-a1ca-7c940cee5503,SPY   251114P00665000,2025-11-14T17:00:00Z,0.110000,0.190000,0.070000,0.130000
0c18bd74-2cea-4024-a1ca-7c940cee5503,SPY   251114P00665000,2025-11-14T18:00:00Z,0.130000,0.240000,0.100000,0.160000
0c18bd74-2cea-4024-a1ca-7c940cee5503,SPY   251114P00665000,2025-11-14T19:00:00Z,0.080000,0.090000,0.030000,0.030000
0c18bd74-2cea-4024-a1ca-7c940cee5503,SPY   251114P00665000,2025-11-14T20:00:00Z,0.030000,0.030000,0.010000,0.010000
0fadee52-81a5-47ce-aa21-130fd17affcd,SPY   260109P00678000,2025-12-30T15:00:00Z,1.590000,1.920000,1.590000,1.640000
0fadee52-81a5-47ce-aa21-130fd17affcd,SPY   260109P00678000,2025-12-30T16:00:00Z,1.650000,1.670000,1.440000,1.670000
0fadee52-81a5-47ce-aa21-130fd17affcd,SPY   260109P00678000,2025-12-30T17:00:00Z,1.670000,1.760000,1.570000,1.590000
0fadee52-81a5-47ce-aa21-130fd17affcd,SPY   260109P00678000,2025-12-30T18:00:00Z,1.590000,1.680000,1.570000,1.600000
0fadee52-81a5-47ce-aa21-130fd17affcd,SPY   260109P00678000,2025-12-30T19:00:00Z,1.600000,1.660000,1.540000,1.620000
0fadee52-81a5-47ce-aa21-130fd17affcd,SPY   260109P00678000,2025-12-30T20:00:00Z,1.620000,1.790000,1.540000,1.730000
0fadee52-81a5-47ce-aa21-130fd17affcd,SPY   260109P00678000,2025-12-31T15:00:00Z,1.940000,2.430000,1.920000,2.380000
0fadee52-81a5-47ce-aa21-130fd17affcd,SPY   260109P00678000,2025-12-31T16:00:00Z,2.380000,2.380000,1.950000,1.970000
0fadee52-81a5-47ce-aa21-130fd17affcd,SPY   260109P00678000,2025-12-31T17:00:00Z,1.960000,2.190000,1.950000,2.120000
0fadee52-81a5-47ce-aa21-130fd17affcd,SPY   260109P00678000,2025-12-31T18:00:00Z,2.130000,2.140000,1.760000,1.810000
0fadee52-81a5-47ce-aa21-130fd17affcd,SPY   260109P00678000,2025-12-31T19:00:00Z,1.800000,1.970000,1.750000,1.960000
0fadee52-81a5-47ce-aa21-130fd17affcd,SPY   260109P00678000,2025-12-31T20:00:00Z,2.250000,2.880000,2.230000,2.760000
0fadee52-81a5-47ce-aa21-130fd17affcd,SPY   260109P00678000,2026-01-02T15:00:00Z,1.510000,3.160000,1.390000,3.020000
0fadee52-81a5-47ce-aa21-130fd17affcd,SPY   260109P00678000,2026-01-02T16:00:00Z,3.020000,3.370000,2.410000,2.940000
0fadee52-81a5-47ce-aa21-130fd17affcd,SPY   260109P00678000,2026-01-02T17:00:00Z,2.940000,3.110000,2.260000,2.820000
0fadee52-81a5-47ce-aa21-130fd17affcd,SPY   260109P00678000,2026-01-02T18:00:00Z,2.850000,3.410000,2.580000,3.280000
0fadee52-81a5-47ce-aa21-130fd17affcd,SPY   260109P00678000,2026-01-02T19:00:00Z,3.040000,3.060000,1.950000,2.000000
0fadee52-81a5-47ce-aa21-130fd17affcd,SPY   260109P00678000,2026-01-02T20:00:00Z,2.110000,2.150000,2.100000,2.140000
0fadee52-81a5-47ce-aa21-130fd17affcd,SPY   260109P00678000,2026-01-05T15:00:00Z,1.070000,1.350000,0.820000,0.870000
0fadee52-81a5-47ce-aa21-130fd17affcd,SPY   260109P00678000,2026-01-05T16:00:00Z,0.870000,0.910000,0.640000,0.700000
0fadee52-81a5-47ce-aa21-130fd17affcd,SPY   260109P00678000,2026-01-05T17:00:00Z,0.700000,0.780000,0.670000,0.730000
0fadee52-81a5-47ce-aa21-130fd17affcd,SPY   260109P00678000,2026-01-05T18:00:00Z,0.710000,0.830000,0.660000,0.680000
0fadee52-81a5-47ce-aa21-130fd17affcd,SPY   260109P00678000,2026-01-05T19:00:00Z,0.680000,0.850000,0.650000,0.800000
0fadee52-81a5-47ce-aa21-130fd17affcd,SPY   260109P00678000,2026-01-05T20:00:00Z,0.740000,0.760000,0.720000,0.760000
0fadee52-81a5-47ce-aa21-130fd17affcd,SPY   260109P00678000,2026-01-06T15:00:00Z,0.430000,0.650000,0.370000,0.580000
0fadee52-81a5-47ce-aa21-130fd17affcd,SPY   260109P00678000,2026-01-06T16:00:00Z,0.580000,0.680000,0.510000,0.530000
0fadee52-81a5-47ce-aa21-130fd17affcd,SPY   260109P00678000,2026-01-06T17:00:00Z,0.530000,0.550000,0.360000,0.380000
0fadee52-81a5-47ce-aa21-130fd17affcd,SPY   260109P00678000,2026-01-06T18:00:00Z,0.380000,0.410000,0.320000,0.320000
0fadee52-81a5-47ce-aa21-130fd17affcd,SPY   260109P00678000,2026-01-06T19:00:00Z,0.320000,0.330000,0.300000,0.310000
0fadee52-81a5-47ce-aa21-130fd17affcd,SPY   260109P00678000,2026-01-06T20:00:00Z,0.310000,0.310000,0.250000,0.260000
0fadee52-81a5-47ce-aa21-130fd17affcd,SPY   260109P00678000,2026-01-07T15:00:00Z,0.230000,0.240000,0.220000,0.220000
0fadee52-81a5-47ce-aa21-130fd17affcd,SPY   260109P00678000,2026-01-07T16:00:00Z,0.170000,0.170000,0.160000,0.160000
0fadee52-81a5-47ce-aa21-130fd17affcd,SPY   260109P00678000,2026-01-07T17:00:00Z,0.130000,0.150000,0.130000,0.150000
0fadee52-81a5-47ce-aa21-130fd17affcd,SPY   260109P00678000,2026-01-07T18:00:00Z,0.150000,0.170000,0.130000,0.130000
0fadee52-81a5-47ce-aa21-130fd17affcd,SPY   260109P00678000,2026-01-07T19:00:00Z,0.130000,0.180000,0.130000,0.160000
0fadee52-81a5-47ce-aa21-130fd17affcd,SPY   260109P00678000,2026-01-07T20:00:00Z,0.160000,0.350000,0.160000,0.270000
0fadee52-81a5-47ce-aa21-130fd17affcd,SPY   260109P00678000,2026-01-08T15:00:00Z,0.320000,0.360000,0.180000,0.240000
0fadee52-81a5-47ce-aa21-130fd17affcd,SPY   260109P00678000,2026-01-08T16:00:00Z,0.220000,0.220000,0.210000,0.210000
0fadee52-81a5-47ce-aa21-130fd17affcd,SPY   260109P00678000,2026-01-08T17:00:00Z,0.170000,0.210000,0.170000,0.170000
0fadee52-81a5-47ce-aa21-130fd17affcd,SPY   260109P00678000,2026-01-08T18:00:00Z,0.170000,0.280000,0.170000,0.250000
0fadee52-81a5-47ce-aa21-130fd17affcd,SPY   260109P00678000,2026-01-08T19:00:00Z,0.280000,0.330000,0.220000,0.250000
0fadee52-81a5-47ce-aa21-130fd17affcd,SPY   260109P00678000,2026-01-08T20:00:00Z,0.250000,0.260000,0.170000,0.200000
0fadee52-81a5-47ce-aa21-130fd17affcd,SPY   260109P00678000,2026-01-09T15:00:00Z,0.090000,0.090000,0.030000,0.030000
0fadee52-81a5-47ce-aa21-130fd17affcd,SPY   260109P00678000,2026-01-09T16:00:00Z,0.020000,0.020000,0.020000,0.020000
0fadee52-81a5-47ce-aa21-130fd17affcd,SPY   260109P00678000,2026-01-09T17:00:00Z,0.020000,0.020000,0.020000,0.020000
0fadee52-81a5-47ce-aa21-130fd17affcd,SPY   260109P00678000,2026-01-09T18:00:00Z,0.020000,0.020000,0.020000,0.020000
0fadee52-81a5-47ce-aa21-130fd17affcd,SPY   260109P00678000,2026-01-09T19:00:00Z,0.020000,0.020000,0.010000,0.010000
0fadee52-81a5-47ce-aa21-130fd17affcd,SPY   260109P00678000,2026-01-09T20:00:00Z,0.010000,0.010000,0.010000,0.010000
0fe91454-4b0a-4794-9f41-ea2918530a5f,SPY   260529P00734000,2026-05-19T14:00:00Z,6.610000,8.490000,6.610000,7.590000
0fe91454-4b0a-4794-9f41-ea2918530a5f,SPY   260529P00734000,2026-05-19T15:00:00Z,7.600000,8.330000,7.110000,7.590000
0fe91454-4b0a-4794-9f41-ea2918530a5f,SPY   260529P00734000,2026-05-19T16:00:00Z,7.540000,7.900000,5.980000,6.040000
0fe91454-4b0a-4794-9f41-ea2918530a5f,SPY   260529P00734000,2026-05-19T17:00:00Z,6.070000,6.140000,5.570000,5.710000
0fe91454-4b0a-4794-9f41-ea2918530a5f,SPY   260529P00734000,2026-05-19T18:00:00Z,5.830000,6.940000,5.630000,6.830000
0fe91454-4b0a-4794-9f41-ea2918530a5f,SPY   260529P00734000,2026-05-19T19:00:00Z,6.840000,7.640000,6.000000,7.460000
0fe91454-4b0a-4794-9f41-ea2918530a5f,SPY   260529P00734000,2026-05-20T14:00:00Z,5.770000,6.830000,4.570000,4.620000
0fe91454-4b0a-4794-9f41-ea2918530a5f,SPY   260529P00734000,2026-05-20T15:00:00Z,4.680000,4.920000,4.050000,4.390000
0fe91454-4b0a-4794-9f41-ea2918530a5f,SPY   260529P00734000,2026-05-20T16:00:00Z,4.290000,4.920000,4.190000,4.540000
0fe91454-4b0a-4794-9f41-ea2918530a5f,SPY   260529P00734000,2026-05-20T17:00:00Z,4.380000,4.400000,4.320000,4.360000
0fe91454-4b0a-4794-9f41-ea2918530a5f,SPY   260529P00734000,2026-05-20T18:00:00Z,4.230000,4.850000,3.890000,4.040000
0fe91454-4b0a-4794-9f41-ea2918530a5f,SPY   260529P00734000,2026-05-20T19:00:00Z,4.010000,4.080000,3.600000,3.770000
0fe91454-4b0a-4794-9f41-ea2918530a5f,SPY   260529P00734000,2026-05-21T14:00:00Z,3.740000,4.640000,3.460000,3.960000
0fe91454-4b0a-4794-9f41-ea2918530a5f,SPY   260529P00734000,2026-05-21T15:00:00Z,3.960000,4.580000,3.550000,3.730000
0fe91454-4b0a-4794-9f41-ea2918530a5f,SPY   260529P00734000,2026-05-21T16:00:00Z,3.730000,4.030000,3.450000,3.680000
0fe91454-4b0a-4794-9f41-ea2918530a5f,SPY   260529P00734000,2026-05-21T17:00:00Z,3.140000,3.330000,2.530000,2.740000
0fe91454-4b0a-4794-9f41-ea2918530a5f,SPY   260529P00734000,2026-05-21T18:00:00Z,2.430000,3.440000,2.280000,3.100000
0fe91454-4b0a-4794-9f41-ea2918530a5f,SPY   260529P00734000,2026-05-21T19:00:00Z,3.090000,3.100000,2.370000,2.500000
0fe91454-4b0a-4794-9f41-ea2918530a5f,SPY   260529P00734000,2026-05-22T14:00:00Z,1.530000,2.030000,1.500000,1.530000
0fe91454-4b0a-4794-9f41-ea2918530a5f,SPY   260529P00734000,2026-05-22T15:00:00Z,1.530000,1.540000,1.290000,1.380000
0fe91454-4b0a-4794-9f41-ea2918530a5f,SPY   260529P00734000,2026-05-22T16:00:00Z,1.380000,1.460000,1.330000,1.380000
0fe91454-4b0a-4794-9f41-ea2918530a5f,SPY   260529P00734000,2026-05-22T17:00:00Z,1.330000,1.450000,1.180000,1.190000
0fe91454-4b0a-4794-9f41-ea2918530a5f,SPY   260529P00734000,2026-05-22T18:00:00Z,1.400000,1.440000,1.400000,1.430000
0fe91454-4b0a-4794-9f41-ea2918530a5f,SPY   260529P00734000,2026-05-22T19:00:00Z,1.590000,1.920000,1.590000,1.760000
0fe91454-4b0a-4794-9f41-ea2918530a5f,SPY   260529P00734000,2026-05-26T14:00:00Z,0.560000,0.580000,0.520000,0.530000
0fe91454-4b0a-4794-9f41-ea2918530a5f,SPY   260529P00734000,2026-05-26T15:00:00Z,0.520000,0.820000,0.520000,0.730000
0fe91454-4b0a-4794-9f41-ea2918530a5f,SPY   260529P00734000,2026-05-26T16:00:00Z,0.730000,0.760000,0.600000,0.690000
0fe91454-4b0a-4794-9f41-ea2918530a5f,SPY   260529P00734000,2026-05-26T17:00:00Z,0.690000,0.750000,0.640000,0.740000
0fe91454-4b0a-4794-9f41-ea2918530a5f,SPY   260529P00734000,2026-05-26T18:00:00Z,0.640000,0.660000,0.550000,0.610000
0fe91454-4b0a-4794-9f41-ea2918530a5f,SPY   260529P00734000,2026-05-26T19:00:00Z,0.610000,0.630000,0.450000,0.470000
0fe91454-4b0a-4794-9f41-ea2918530a5f,SPY   260529P00734000,2026-05-27T14:00:00Z,0.370000,0.410000,0.310000,0.390000
0fe91454-4b0a-4794-9f41-ea2918530a5f,SPY   260529P00734000,2026-05-27T15:00:00Z,0.390000,0.430000,0.320000,0.370000
0fe91454-4b0a-4794-9f41-ea2918530a5f,SPY   260529P00734000,2026-05-27T16:00:00Z,0.390000,0.390000,0.390000,0.390000
0fe91454-4b0a-4794-9f41-ea2918530a5f,SPY   260529P00734000,2026-05-27T17:00:00Z,0.290000,0.380000,0.250000,0.250000
0fe91454-4b0a-4794-9f41-ea2918530a5f,SPY   260529P00734000,2026-05-27T18:00:00Z,0.250000,0.270000,0.200000,0.200000
0fe91454-4b0a-4794-9f41-ea2918530a5f,SPY   260529P00734000,2026-05-27T19:00:00Z,0.190000,0.190000,0.190000,0.190000
0fe91454-4b0a-4794-9f41-ea2918530a5f,SPY   260529P00734000,2026-05-28T14:00:00Z,0.130000,0.130000,0.080000,0.080000
0fe91454-4b0a-4794-9f41-ea2918530a5f,SPY   260529P00734000,2026-05-28T15:00:00Z,0.080000,0.080000,0.070000,0.070000
0fe91454-4b0a-4794-9f41-ea2918530a5f,SPY   260529P00734000,2026-05-28T16:00:00Z,0.070000,0.070000,0.060000,0.060000
0fe91454-4b0a-4794-9f41-ea2918530a5f,SPY   260529P00734000,2026-05-28T17:00:00Z,0.060000,0.060000,0.060000,0.060000
0fe91454-4b0a-4794-9f41-ea2918530a5f,SPY   260529P00734000,2026-05-28T18:00:00Z,0.060000,0.060000,0.050000,0.050000
0fe91454-4b0a-4794-9f41-ea2918530a5f,SPY   260529P00734000,2026-05-28T19:00:00Z,0.050000,0.050000,0.050000,0.050000
0fe91454-4b0a-4794-9f41-ea2918530a5f,SPY   260529P00734000,2026-05-29T14:00:00Z,0.020000,0.020000,0.020000,0.020000
0fe91454-4b0a-4794-9f41-ea2918530a5f,SPY   260529P00734000,2026-05-29T15:00:00Z,0.020000,0.020000,0.020000,0.020000
0fe91454-4b0a-4794-9f41-ea2918530a5f,SPY   260529P00734000,2026-05-29T16:00:00Z,0.020000,0.020000,0.020000,0.020000
0fe91454-4b0a-4794-9f41-ea2918530a5f,SPY   260529P00734000,2026-05-29T17:00:00Z,0.020000,0.020000,0.020000,0.020000
0fe91454-4b0a-4794-9f41-ea2918530a5f,SPY   260529P00734000,2026-05-29T18:00:00Z,0.020000,0.020000,0.020000,0.020000
0fe91454-4b0a-4794-9f41-ea2918530a5f,SPY   260529P00734000,2026-05-29T19:00:00Z,0.020000,0.020000,0.010000,0.010000
10378835-dfeb-405b-a7ff-25f03ec1722d,SPY   260501C00731000,2026-04-21T14:00:00Z,1.180000,1.180000,0.720000,0.720000
10378835-dfeb-405b-a7ff-25f03ec1722d,SPY   260501C00731000,2026-04-21T15:00:00Z,0.730000,0.750000,0.600000,0.690000
10378835-dfeb-405b-a7ff-25f03ec1722d,SPY   260501C00731000,2026-04-21T16:00:00Z,0.600000,0.630000,0.600000,0.610000
10378835-dfeb-405b-a7ff-25f03ec1722d,SPY   260501C00731000,2026-04-21T17:00:00Z,0.570000,0.650000,0.470000,0.610000
10378835-dfeb-405b-a7ff-25f03ec1722d,SPY   260501C00731000,2026-04-21T18:00:00Z,0.570000,0.570000,0.460000,0.490000
10378835-dfeb-405b-a7ff-25f03ec1722d,SPY   260501C00731000,2026-04-21T19:00:00Z,0.510000,0.620000,0.500000,0.610000
10378835-dfeb-405b-a7ff-25f03ec1722d,SPY   260501C00731000,2026-04-22T14:00:00Z,0.500000,0.620000,0.470000,0.530000
10378835-dfeb-405b-a7ff-25f03ec1722d,SPY   260501C00731000,2026-04-22T15:00:00Z,0.540000,0.570000,0.480000,0.500000
10378835-dfeb-405b-a7ff-25f03ec1722d,SPY   260501C00731000,2026-04-22T16:00:00Z,0.490000,0.520000,0.410000,0.420000
10378835-dfeb-405b-a7ff-25f03ec1722d,SPY   260501C00731000,2026-04-22T17:00:00Z,0.420000,0.540000,0.410000,0.480000
10378835-dfeb-405b-a7ff-25f03ec1722d,SPY   260501C00731000,2026-04-22T18:00:00Z,0.480000,0.490000,0.370000,0.370000
10378835-dfeb-405b-a7ff-25f03ec1722d,SPY   260501C00731000,2026-04-22T19:00:00Z,0.370000,0.490000,0.360000,0.470000
10378835-dfeb-405b-a7ff-25f03ec1722d,SPY   260501C00731000,2026-04-23T14:00:00Z,0.440000,0.520000,0.390000,0.510000
10378835-dfeb-405b-a7ff-25f03ec1722d,SPY   260501C00731000,2026-04-23T15:00:00Z,0.510000,0.540000,0.490000,0.500000
10378835-dfeb-405b-a7ff-25f03ec1722d,SPY   260501C00731000,2026-04-23T16:00:00Z,0.490000,0.490000,0.410000,0.420000
10378835-dfeb-405b-a7ff-25f03ec1722d,SPY   260501C00731000,2026-04-23T17:00:00Z,0.430000,0.440000,0.240000,0.240000
10378835-dfeb-405b-a7ff-25f03ec1722d,SPY   260501C00731000,2026-04-23T18:00:00Z,0.210000,0.320000,0.200000,0.310000
10378835-dfeb-405b-a7ff-25f03ec1722d,SPY   260501C00731000,2026-04-23T19:00:00Z,0.260000,0.280000,0.210000,0.240000
10378835-dfeb-405b-a7ff-25f03ec1722d,SPY   260501C00731000,2026-04-24T14:00:00Z,0.160000,0.290000,0.160000,0.290000
10378835-dfeb-405b-a7ff-25f03ec1722d,SPY   260501C00731000,2026-04-24T15:00:00Z,0.310000,0.500000,0.290000,0.360000
10378835-dfeb-405b-a7ff-25f03ec1722d,SPY   260501C00731000,2026-04-24T16:00:00Z,0.490000,0.520000,0.410000,0.440000
10378835-dfeb-405b-a7ff-25f03ec1722d,SPY   260501C00731000,2026-04-24T17:00:00Z,0.490000,0.510000,0.400000,0.450000
10378835-dfeb-405b-a7ff-25f03ec1722d,SPY   260501C00731000,2026-04-24T18:00:00Z,0.440000,0.440000,0.360000,0.390000
10378835-dfeb-405b-a7ff-25f03ec1722d,SPY   260501C00731000,2026-04-24T19:00:00Z,0.360000,0.470000,0.360000,0.390000
10378835-dfeb-405b-a7ff-25f03ec1722d,SPY   260501C00731000,2026-04-27T14:00:00Z,0.330000,0.330000,0.250000,0.260000
10378835-dfeb-405b-a7ff-25f03ec1722d,SPY   260501C00731000,2026-04-27T15:00:00Z,0.260000,0.270000,0.210000,0.230000
10378835-dfeb-405b-a7ff-25f03ec1722d,SPY   260501C00731000,2026-04-27T16:00:00Z,0.250000,0.280000,0.250000,0.280000
10378835-dfeb-405b-a7ff-25f03ec1722d,SPY   260501C00731000,2026-04-27T17:00:00Z,0.290000,0.360000,0.280000,0.330000
10378835-dfeb-405b-a7ff-25f03ec1722d,SPY   260501C00731000,2026-04-27T18:00:00Z,0.310000,0.310000,0.290000,0.290000
10378835-dfeb-405b-a7ff-25f03ec1722d,SPY   260501C00731000,2026-04-27T19:00:00Z,0.280000,0.290000,0.270000,0.280000
10378835-dfeb-405b-a7ff-25f03ec1722d,SPY   260501C00731000,2026-04-28T14:00:00Z,0.140000,0.140000,0.090000,0.110000
10378835-dfeb-405b-a7ff-25f03ec1722d,SPY   260501C00731000,2026-04-28T15:00:00Z,0.110000,0.120000,0.100000,0.110000
10378835-dfeb-405b-a7ff-25f03ec1722d,SPY   260501C00731000,2026-04-28T16:00:00Z,0.100000,0.110000,0.090000,0.090000
10378835-dfeb-405b-a7ff-25f03ec1722d,SPY   260501C00731000,2026-04-28T17:00:00Z,0.090000,0.090000,0.080000,0.080000
10378835-dfeb-405b-a7ff-25f03ec1722d,SPY   260501C00731000,2026-04-28T18:00:00Z,0.080000,0.090000,0.080000,0.080000
10378835-dfeb-405b-a7ff-25f03ec1722d,SPY   260501C00731000,2026-04-28T19:00:00Z,0.080000,0.080000,0.040000,0.040000
10378835-dfeb-405b-a7ff-25f03ec1722d,SPY   260501C00731000,2026-04-29T14:00:00Z,0.050000,0.080000,0.050000,0.070000
10378835-dfeb-405b-a7ff-25f03ec1722d,SPY   260501C00731000,2026-04-29T15:00:00Z,0.070000,0.070000,0.050000,0.050000
10378835-dfeb-405b-a7ff-25f03ec1722d,SPY   260501C00731000,2026-04-29T16:00:00Z,0.050000,0.060000,0.050000,0.050000
10378835-dfeb-405b-a7ff-25f03ec1722d,SPY   260501C00731000,2026-04-29T17:00:00Z,0.050000,0.060000,0.050000,0.060000
10378835-dfeb-405b-a7ff-25f03ec1722d,SPY   260501C00731000,2026-04-29T18:00:00Z,0.050000,0.050000,0.050000,0.050000
10378835-dfeb-405b-a7ff-25f03ec1722d,SPY   260501C00731000,2026-04-29T19:00:00Z,0.030000,0.040000,0.020000,0.030000
10378835-dfeb-405b-a7ff-25f03ec1722d,SPY   260501C00731000,2026-04-30T14:00:00Z,0.010000,0.010000,0.010000,0.010000
10378835-dfeb-405b-a7ff-25f03ec1722d,SPY   260501C00731000,2026-04-30T15:00:00Z,0.010000,0.010000,0.010000,0.010000
10378835-dfeb-405b-a7ff-25f03ec1722d,SPY   260501C00731000,2026-04-30T16:00:00Z,0.010000,0.020000,0.010000,0.020000
10378835-dfeb-405b-a7ff-25f03ec1722d,SPY   260501C00731000,2026-04-30T17:00:00Z,0.020000,0.030000,0.020000,0.030000
10378835-dfeb-405b-a7ff-25f03ec1722d,SPY   260501C00731000,2026-04-30T18:00:00Z,0.030000,0.040000,0.030000,0.030000
10378835-dfeb-405b-a7ff-25f03ec1722d,SPY   260501C00731000,2026-04-30T19:00:00Z,0.030000,0.040000,0.030000,0.040000
10378835-dfeb-405b-a7ff-25f03ec1722d,SPY   260501C00731000,2026-05-01T14:00:00Z,0.030000,0.040000,0.020000,0.020000
10378835-dfeb-405b-a7ff-25f03ec1722d,SPY   260501C00731000,2026-05-01T15:00:00Z,0.020000,0.040000,0.020000,0.020000
10378835-dfeb-405b-a7ff-25f03ec1722d,SPY   260501C00731000,2026-05-01T16:00:00Z,0.020000,0.020000,0.020000,0.020000
10378835-dfeb-405b-a7ff-25f03ec1722d,SPY   260501C00731000,2026-05-01T17:00:00Z,0.020000,0.020000,0.020000,0.020000
10378835-dfeb-405b-a7ff-25f03ec1722d,SPY   260501C00731000,2026-05-01T18:00:00Z,0.020000,0.020000,0.020000,0.020000
10378835-dfeb-405b-a7ff-25f03ec1722d,SPY   260501C00731000,2026-05-01T19:00:00Z,0.020000,0.020000,0.010000,0.010000
15712543-0cd9-463a-b0db-d9855ad3c1e1,SPY   251031P00663000,2025-10-21T14:00:00Z,4.330000,4.520000,3.300000,3.310000
15712543-0cd9-463a-b0db-d9855ad3c1e1,SPY   251031P00663000,2025-10-21T15:00:00Z,3.290000,3.690000,3.280000,3.350000
15712543-0cd9-463a-b0db-d9855ad3c1e1,SPY   251031P00663000,2025-10-21T16:00:00Z,3.360000,3.750000,3.090000,3.700000
15712543-0cd9-463a-b0db-d9855ad3c1e1,SPY   251031P00663000,2025-10-21T17:00:00Z,3.710000,3.990000,3.300000,3.320000
15712543-0cd9-463a-b0db-d9855ad3c1e1,SPY   251031P00663000,2025-10-21T18:00:00Z,3.320000,3.390000,3.130000,3.240000
15712543-0cd9-463a-b0db-d9855ad3c1e1,SPY   251031P00663000,2025-10-21T19:00:00Z,3.250000,3.430000,3.220000,3.240000
15712543-0cd9-463a-b0db-d9855ad3c1e1,SPY   251031P00663000,2025-10-22T14:00:00Z,3.650000,4.840000,3.490000,3.970000
15712543-0cd9-463a-b0db-d9855ad3c1e1,SPY   251031P00663000,2025-10-22T15:00:00Z,3.970000,5.050000,3.850000,4.290000
15712543-0cd9-463a-b0db-d9855ad3c1e1,SPY   251031P00663000,2025-10-22T16:00:00Z,4.280000,6.710000,4.230000,5.130000
15712543-0cd9-463a-b0db-d9855ad3c1e1,SPY   251031P00663000,2025-10-22T17:00:00Z,5.190000,7.120000,5.020000,6.630000
15712543-0cd9-463a-b0db-d9855ad3c1e1,SPY   251031P00663000,2025-10-22T18:00:00Z,6.610000,7.150000,5.520000,5.530000
15712543-0cd9-463a-b0db-d9855ad3c1e1,SPY   251031P00663000,2025-10-22T19:00:00Z,5.550000,6.000000,4.590000,4.740000
15712543-0cd9-463a-b0db-d9855ad3c1e1,SPY   251031P00663000,2025-10-23T14:00:00Z,3.840000,4.580000,3.650000,3.700000
15712543-0cd9-463a-b0db-d9855ad3c1e1,SPY   251031P00663000,2025-10-23T15:00:00Z,3.690000,4.120000,3.420000,3.550000
15712543-0cd9-463a-b0db-d9855ad3c1e1,SPY   251031P00663000,2025-10-23T16:00:00Z,3.550000,3.580000,3.060000,3.080000
15712543-0cd9-463a-b0db-d9855ad3c1e1,SPY   251031P00663000,2025-10-23T17:00:00Z,3.080000,3.270000,2.760000,2.780000
15712543-0cd9-463a-b0db-d9855ad3c1e1,SPY   251031P00663000,2025-10-23T18:00:00Z,2.770000,2.880000,2.700000,2.750000
15712543-0cd9-463a-b0db-d9855ad3c1e1,SPY   251031P00663000,2025-10-23T19:00:00Z,2.750000,3.050000,2.710000,3.010000
15712543-0cd9-463a-b0db-d9855ad3c1e1,SPY   251031P00663000,2025-10-24T14:00:00Z,1.600000,1.900000,1.510000,1.760000
15712543-0cd9-463a-b0db-d9855ad3c1e1,SPY   251031P00663000,2025-10-24T15:00:00Z,1.750000,1.800000,1.450000,1.550000
15712543-0cd9-463a-b0db-d9855ad3c1e1,SPY   251031P00663000,2025-10-24T16:00:00Z,1.550000,1.690000,1.490000,1.520000
15712543-0cd9-463a-b0db-d9855ad3c1e1,SPY   251031P00663000,2025-10-24T17:00:00Z,1.530000,1.570000,1.440000,1.520000
15712543-0cd9-463a-b0db-d9855ad3c1e1,SPY   251031P00663000,2025-10-24T18:00:00Z,1.520000,1.540000,1.430000,1.450000
15712543-0cd9-463a-b0db-d9855ad3c1e1,SPY   251031P00663000,2025-10-24T19:00:00Z,1.450000,1.490000,1.390000,1.480000
15712543-0cd9-463a-b0db-d9855ad3c1e1,SPY   251031P00663000,2025-10-27T14:00:00Z,0.590000,0.680000,0.570000,0.660000
15712543-0cd9-463a-b0db-d9855ad3c1e1,SPY   251031P00663000,2025-10-27T15:00:00Z,0.660000,0.670000,0.620000,0.630000
15712543-0cd9-463a-b0db-d9855ad3c1e1,SPY   251031P00663000,2025-10-27T16:00:00Z,0.630000,0.630000,0.590000,0.590000
15712543-0cd9-463a-b0db-d9855ad3c1e1,SPY   251031P00663000,2025-10-27T17:00:00Z,0.590000,0.610000,0.550000,0.550000
15712543-0cd9-463a-b0db-d9855ad3c1e1,SPY   251031P00663000,2025-10-27T18:00:00Z,0.550000,0.560000,0.510000,0.520000
15712543-0cd9-463a-b0db-d9855ad3c1e1,SPY   251031P00663000,2025-10-27T19:00:00Z,0.520000,0.520000,0.460000,0.460000
15712543-0cd9-463a-b0db-d9855ad3c1e1,SPY   251031P00663000,2025-10-28T14:00:00Z,0.510000,0.520000,0.420000,0.440000
15712543-0cd9-463a-b0db-d9855ad3c1e1,SPY   251031P00663000,2025-10-28T15:00:00Z,0.440000,0.500000,0.420000,0.440000
15712543-0cd9-463a-b0db-d9855ad3c1e1,SPY   251031P00663000,2025-10-28T16:00:00Z,0.440000,0.440000,0.370000,0.380000
15712543-0cd9-463a-b0db-d9855ad3c1e1,SPY   251031P00663000,2025-10-28T17:00:00Z,0.380000,0.390000,0.340000,0.370000
15712543-0cd9-463a-b0db-d9855ad3c1e1,SPY   251031P00663000,2025-10-28T18:00:00Z,0.370000,0.370000,0.340000,0.340000
15712543-0cd9-463a-b0db-d9855ad3c1e1,SPY   251031P00663000,2025-10-28T19:00:00Z,0.340000,0.420000,0.340000,0.380000
15712543-0cd9-463a-b0db-d9855ad3c1e1,SPY   251031P00663000,2025-10-29T14:00:00Z,0.270000,0.290000,0.250000,0.270000
15712543-0cd9-463a-b0db-d9855ad3c1e1,SPY   251031P00663000,2025-10-29T15:00:00Z,0.270000,0.270000,0.230000,0.260000
15712543-0cd9-463a-b0db-d9855ad3c1e1,SPY   251031P00663000,2025-10-29T16:00:00Z,0.260000,0.280000,0.240000,0.240000
15712543-0cd9-463a-b0db-d9855ad3c1e1,SPY   251031P00663000,2025-10-29T17:00:00Z,0.240000,0.270000,0.240000,0.260000
15712543-0cd9-463a-b0db-d9855ad3c1e1,SPY   251031P00663000,2025-10-29T18:00:00Z,0.260000,0.530000,0.210000,0.300000
15712543-0cd9-463a-b0db-d9855ad3c1e1,SPY   251031P00663000,2025-10-29T19:00:00Z,0.300000,0.380000,0.210000,0.240000
15712543-0cd9-463a-b0db-d9855ad3c1e1,SPY   251031P00663000,2025-10-30T14:00:00Z,0.120000,0.140000,0.100000,0.110000
15712543-0cd9-463a-b0db-d9855ad3c1e1,SPY   251031P00663000,2025-10-30T15:00:00Z,0.110000,0.120000,0.090000,0.110000
15712543-0cd9-463a-b0db-d9855ad3c1e1,SPY   251031P00663000,2025-10-30T16:00:00Z,0.110000,0.110000,0.070000,0.070000
15712543-0cd9-463a-b0db-d9855ad3c1e1,SPY   251031P00663000,2025-10-30T17:00:00Z,0.070000,0.090000,0.060000,0.070000
15712543-0cd9-463a-b0db-d9855ad3c1e1,SPY   251031P00663000,2025-10-30T18:00:00Z,0.070000,0.080000,0.060000,0.070000
15712543-0cd9-463a-b0db-d9855ad3c1e1,SPY   251031P00663000,2025-10-30T19:00:00Z,0.070000,0.120000,0.070000,0.080000
15712543-0cd9-463a-b0db-d9855ad3c1e1,SPY   251031P00663000,2025-10-31T14:00:00Z,0.030000,0.030000,0.030000,0.030000
15712543-0cd9-463a-b0db-d9855ad3c1e1,SPY   251031P00663000,2025-10-31T15:00:00Z,0.030000,0.030000,0.030000,0.030000
15712543-0cd9-463a-b0db-d9855ad3c1e1,SPY   251031P00663000,2025-10-31T16:00:00Z,0.030000,0.030000,0.020000,0.020000
15712543-0cd9-463a-b0db-d9855ad3c1e1,SPY   251031P00663000,2025-10-31T17:00:00Z,0.020000,0.020000,0.020000,0.020000
15712543-0cd9-463a-b0db-d9855ad3c1e1,SPY   251031P00663000,2025-10-31T18:00:00Z,0.020000,0.020000,0.020000,0.020000
15712543-0cd9-463a-b0db-d9855ad3c1e1,SPY   251031P00663000,2025-10-31T19:00:00Z,0.020000,0.020000,0.010000,0.010000
15c8ddd1-8279-4149-9037-ae79eacec7ff,SPY   260508C00729000,2026-05-04T14:00:00Z,1.240000,1.420000,1.080000,1.200000
15c8ddd1-8279-4149-9037-ae79eacec7ff,SPY   260508C00729000,2026-05-04T15:00:00Z,0.870000,0.930000,0.810000,0.820000
15c8ddd1-8279-4149-9037-ae79eacec7ff,SPY   260508C00729000,2026-05-04T16:00:00Z,0.680000,0.710000,0.630000,0.650000
15c8ddd1-8279-4149-9037-ae79eacec7ff,SPY   260508C00729000,2026-05-04T17:00:00Z,0.690000,0.850000,0.680000,0.800000
15c8ddd1-8279-4149-9037-ae79eacec7ff,SPY   260508C00729000,2026-05-04T18:00:00Z,0.580000,0.610000,0.570000,0.610000
15c8ddd1-8279-4149-9037-ae79eacec7ff,SPY   260508C00729000,2026-05-04T19:00:00Z,0.570000,0.640000,0.540000,0.550000
15c8ddd1-8279-4149-9037-ae79eacec7ff,SPY   260508C00729000,2026-05-05T14:00:00Z,1.100000,1.420000,0.990000,1.230000
15c8ddd1-8279-4149-9037-ae79eacec7ff,SPY   260508C00729000,2026-05-05T15:00:00Z,1.240000,1.360000,1.190000,1.210000
15c8ddd1-8279-4149-9037-ae79eacec7ff,SPY   260508C00729000,2026-05-05T16:00:00Z,1.210000,1.410000,1.200000,1.240000
15c8ddd1-8279-4149-9037-ae79eacec7ff,SPY   260508C00729000,2026-05-05T17:00:00Z,1.240000,1.370000,1.150000,1.330000
15c8ddd1-8279-4149-9037-ae79eacec7ff,SPY   260508C00729000,2026-05-05T18:00:00Z,1.330000,1.580000,1.330000,1.420000
15c8ddd1-8279-4149-9037-ae79eacec7ff,SPY   260508C00729000,2026-05-05T19:00:00Z,1.430000,1.710000,1.240000,1.280000
15c8ddd1-8279-4149-9037-ae79eacec7ff,SPY   260508C00729000,2026-05-06T14:00:00Z,3.540000,5.160000,3.080000,5.100000
15c8ddd1-8279-4149-9037-ae79eacec7ff,SPY   260508C00729000,2026-05-06T15:00:00Z,5.100000,5.390000,4.450000,4.830000
15c8ddd1-8279-4149-9037-ae79eacec7ff,SPY   260508C00729000,2026-05-06T16:00:00Z,4.820000,5.080000,4.140000,4.370000
15c8ddd1-8279-4149-9037-ae79eacec7ff,SPY   260508C00729000,2026-05-06T17:00:00Z,4.370000,5.010000,4.200000,5.010000
15c8ddd1-8279-4149-9037-ae79eacec7ff,SPY   260508C00729000,2026-05-06T18:00:00Z,5.010000,6.070000,4.970000,5.830000
15c8ddd1-8279-4149-9037-ae79eacec7ff,SPY   260508C00729000,2026-05-06T19:00:00Z,5.820000,6.990000,5.750000,6.870000
15c8ddd1-8279-4149-9037-ae79eacec7ff,SPY   260508C00729000,2026-05-07T14:00:00Z,6.170000,7.910000,6.120000,7.830000
15c8ddd1-8279-4149-9037-ae79eacec7ff,SPY   260508C00729000,2026-05-07T15:00:00Z,7.830000,7.920000,5.960000,6.100000
15c8ddd1-8279-4149-9037-ae79eacec7ff,SPY   260508C00729000,2026-05-07T16:00:00Z,6.110000,6.110000,4.480000,4.740000
15c8ddd1-8279-4149-9037-ae79eacec7ff,SPY   260508C00729000,2026-05-07T17:00:00Z,4.770000,5.090000,3.420000,4.320000
15c8ddd1-8279-4149-9037-ae79eacec7ff,SPY   260508C00729000,2026-05-07T18:00:00Z,4.370000,4.580000,3.130000,3.860000
15c8ddd1-8279-4149-9037-ae79eacec7ff,SPY   260508C00729000,2026-05-07T19:00:00Z,3.810000,4.220000,3.190000,4.080000
15c8ddd1-8279-4149-9037-ae79eacec7ff,SPY   260508C00729000,2026-05-08T14:00:00Z,8.010000,8.620000,7.330000,8.210000
15c8ddd1-8279-4149-9037-ae79eacec7ff,SPY   260508C00729000,2026-05-08T15:00:00Z,8.190000,8.740000,7.240000,7.970000
15c8ddd1-8279-4149-9037-ae79eacec7ff,SPY   260508C00729000,2026-05-08T16:00:00Z,7.970000,8.890000,7.920000,8.020000
15c8ddd1-8279-4149-9037-ae79eacec7ff,SPY   260508C00729000,2026-05-08T17:00:00Z,7.980000,8.940000,7.910000,8.240000
15c8ddd1-8279-4149-9037-ae79eacec7ff,SPY   260508C00729000,2026-05-08T18:00:00Z,8.240000,8.990000,7.180000,7.440000
15c8ddd1-8279-4149-9037-ae79eacec7ff,SPY   260508C00729000,2026-05-08T19:00:00Z,7.400000,8.640000,7.400000,8.440000
15ccb334-4de6-4b2a-8df9-b5865cd7f30f,SPY   260109C00699000,2025-12-30T15:00:00Z,0.820000,0.830000,0.640000,0.730000
15ccb334-4de6-4b2a-8df9-b5865cd7f30f,SPY   260109C00699000,2025-12-30T16:00:00Z,0.720000,0.830000,0.650000,0.660000
15ccb334-4de6-4b2a-8df9-b5865cd7f30f,SPY   260109C00699000,2025-12-30T17:00:00Z,0.660000,0.720000,0.640000,0.710000
15ccb334-4de6-4b2a-8df9-b5865cd7f30f,SPY   260109C00699000,2025-12-30T18:00:00Z,0.710000,0.760000,0.670000,0.740000
15ccb334-4de6-4b2a-8df9-b5865cd7f30f,SPY   260109C00699000,2025-12-30T19:00:00Z,0.730000,0.770000,0.660000,0.680000
15ccb334-4de6-4b2a-8df9-b5865cd7f30f,SPY   260109C00699000,2025-12-30T20:00:00Z,0.660000,0.670000,0.620000,0.630000
15ccb334-4de6-4b2a-8df9-b5865cd7f30f,SPY   260109C00699000,2025-12-31T15:00:00Z,0.470000,0.470000,0.310000,0.310000
15ccb334-4de6-4b2a-8df9-b5865cd7f30f,SPY   260109C00699000,2025-12-31T16:00:00Z,0.310000,0.350000,0.310000,0.350000
15ccb334-4de6-4b2a-8df9-b5865cd7f30f,SPY   260109C00699000,2025-12-31T17:00:00Z,0.350000,0.350000,0.310000,0.310000
15ccb334-4de6-4b2a-8df9-b5865cd7f30f,SPY   260109C00699000,2025-12-31T18:00:00Z,0.310000,0.370000,0.300000,0.350000
15ccb334-4de6-4b2a-8df9-b5865cd7f30f,SPY   260109C00699000,2025-12-31T19:00:00Z,0.350000,0.370000,0.290000,0.290000
15ccb334-4de6-4b2a-8df9-b5865cd7f30f,SPY   260109C00699000,2025-12-31T20:00:00Z,0.230000,0.230000,0.150000,0.160000
15ccb334-4de6-4b2a-8df9-b5865cd7f30f,SPY   260109C00699000,2026-01-02T15:00:00Z,0.240000,0.280000,0.110000,0.110000
15ccb334-4de6-4b2a-8df9-b5865cd7f30f,SPY   260109C00699000,2026-01-02T16:00:00Z,0.110000,0.110000,0.080000,0.080000
15ccb334-4de6-4b2a-8df9-b5865cd7f30f,SPY   260109C00699000,2026-01-02T17:00:00Z,0.080000,0.100000,0.070000,0.070000
15ccb334-4de6-4b2a-8df9-b5865cd7f30f,SPY   260109C00699000,2026-01-02T18:00:00Z,0.070000,0.070000,0.060000,0.060000
15ccb334-4de6-4b2a-8df9-b5865cd7f30f,SPY   260109C00699000,2026-01-02T19:00:00Z,0.060000,0.110000,0.060000,0.100000
15ccb334-4de6-4b2a-8df9-b5865cd7f30f,SPY   260109C00699000,2026-01-02T20:00:00Z,0.070000,0.070000,0.060000,0.060000
15ccb334-4de6-4b2a-8df9-b5865cd7f30f,SPY   260109C00699000,2026-01-05T15:00:00Z,0.230000,0.320000,0.170000,0.280000
15ccb334-4de6-4b2a-8df9-b5865cd7f30f,SPY   260109C00699000,2026-01-05T16:00:00Z,0.280000,0.310000,0.250000,0.270000
15ccb334-4de6-4b2a-8df9-b5865cd7f30f,SPY   260109C00699000,2026-01-05T17:00:00Z,0.270000,0.290000,0.220000,0.240000
15ccb334-4de6-4b2a-8df9-b5865cd7f30f,SPY   260109C00699000,2026-01-05T18:00:00Z,0.230000,0.230000,0.170000,0.200000
15ccb334-4de6-4b2a-8df9-b5865cd7f30f,SPY   260109C00699000,2026-01-05T19:00:00Z,0.200000,0.200000,0.120000,0.120000
15ccb334-4de6-4b2a-8df9-b5865cd7f30f,SPY   260109C00699000,2026-01-05T20:00:00Z,0.130000,0.140000,0.120000,0.120000
15ccb334-4de6-4b2a-8df9-b5865cd7f30f,SPY   260109C00699000,2026-01-06T15:00:00Z,0.180000,0.250000,0.160000,0.160000
15ccb334-4de6-4b2a-8df9-b5865cd7f30f,SPY   260109C00699000,2026-01-06T16:00:00Z,0.160000,0.170000,0.130000,0.160000
15ccb334-4de6-4b2a-8df9-b5865cd7f30f,SPY   260109C00699000,2026-01-06T17:00:00Z,0.160000,0.270000,0.150000,0.260000
15ccb334-4de6-4b2a-8df9-b5865cd7f30f,SPY   260109C00699000,2026-01-06T18:00:00Z,0.260000,0.340000,0.220000,0.330000
15ccb334-4de6-4b2a-8df9-b5865cd7f30f,SPY   260109C00699000,2026-01-06T19:00:00Z,0.330000,0.410000,0.330000,0.360000
15ccb334-4de6-4b2a-8df9-b5865cd7f30f,SPY   260109C00699000,2026-01-06T20:00:00Z,0.360000,0.400000,0.310000,0.310000
15ccb334-4de6-4b2a-8df9-b5865cd7f30f,SPY   260109C00699000,2026-01-07T15:00:00Z,0.350000,0.370000,0.200000,0.300000
15ccb334-4de6-4b2a-8df9-b5865cd7f30f,SPY   260109C00699000,2026-01-07T16:00:00Z,0.310000,0.330000,0.280000,0.300000
15ccb334-4de6-4b2a-8df9-b5865cd7f30f,SPY   260109C00699000,2026-01-07T17:00:00Z,0.390000,0.500000,0.290000,0.320000
15ccb334-4de6-4b2a-8df9-b5865cd7f30f,SPY   260109C00699000,2026-01-07T18:00:00Z,0.320000,0.320000,0.230000,0.270000
15ccb334-4de6-4b2a-8df9-b5865cd7f30f,SPY   260109C00699000,2026-01-07T19:00:00Z,0.270000,0.270000,0.150000,0.150000
15ccb334-4de6-4b2a-8df9-b5865cd7f30f,SPY   260109C00699000,2026-01-07T20:00:00Z,0.150000,0.150000,0.090000,0.090000
15ccb334-4de6-4b2a-8df9-b5865cd7f30f,SPY   260109C00699000,2026-01-08T15:00:00Z,0.050000,0.070000,0.050000,0.050000
15ccb334-4de6-4b2a-8df9-b5865cd7f30f,SPY   260109C00699000,2026-01-08T16:00:00Z,0.050000,0.060000,0.050000,0.060000
15ccb334-4de6-4b2a-8df9-b5865cd7f30f,SPY   260109C00699000,2026-01-08T17:00:00Z,0.070000,0.080000,0.060000,0.080000
15ccb334-4de6-4b2a-8df9-b5865cd7f30f,SPY   260109C00699000,2026-01-08T18:00:00Z,0.080000,0.080000,0.070000,0.070000
15ccb334-4de6-4b2a-8df9-b5865cd7f30f,SPY   260109C00699000,2026-01-08T19:00:00Z,0.070000,0.070000,0.050000,0.050000
15ccb334-4de6-4b2a-8df9-b5865cd7f30f,SPY   260109C00699000,2026-01-08T20:00:00Z,0.050000,0.060000,0.050000,0.060000
15ccb334-4de6-4b2a-8df9-b5865cd7f30f,SPY   260109C00699000,2026-01-09T15:00:00Z,0.060000,0.060000,0.020000,0.020000
15ccb334-4de6-4b2a-8df9-b5865cd7f30f,SPY   260109C00699000,2026-01-09T16:00:00Z,0.020000,0.020000,0.010000,0.010000
15ccb334-4de6-4b2a-8df9-b5865cd7f30f,SPY   260109C00699000,2026-01-09T17:00:00Z,0.010000,0.020000,0.010000,0.020000
15ccb334-4de6-4b2a-8df9-b5865cd7f30f,SPY   260109C00699000,2026-01-09T18:00:00Z,0.020000,0.020000,0.020000,0.020000
15ccb334-4de6-4b2a-8df9-b5865cd7f30f,SPY   260109C00699000,2026-01-09T19:00:00Z,0.020000,0.020000,0.020000,0.020000
15ccb334-4de6-4b2a-8df9-b5865cd7f30f,SPY   260109C00699000,2026-01-09T20:00:00Z,0.020000,0.020000,0.020000,0.020000
1a85c553-6cbc-4cae-855a-c060f02d7dfc,SPY   260508P00701000,2026-05-04T14:00:00Z,0.650000,0.710000,0.520000,0.630000
1a85c553-6cbc-4cae-855a-c060f02d7dfc,SPY   260508P00701000,2026-05-04T15:00:00Z,0.630000,1.310000,0.560000,1.190000
1a85c553-6cbc-4cae-855a-c060f02d7dfc,SPY   260508P00701000,2026-05-04T16:00:00Z,1.310000,1.340000,1.260000,1.300000
1a85c553-6cbc-4cae-855a-c060f02d7dfc,SPY   260508P00701000,2026-05-04T17:00:00Z,1.000000,1.030000,0.950000,0.970000
1a85c553-6cbc-4cae-855a-c060f02d7dfc,SPY   260508P00701000,2026-05-04T18:00:00Z,1.010000,1.210000,0.890000,1.140000
1a85c553-6cbc-4cae-855a-c060f02d7dfc,SPY   260508P00701000,2026-05-04T19:00:00Z,1.050000,1.100000,0.880000,0.920000
1a85c553-6cbc-4cae-855a-c060f02d7dfc,SPY   260508P00701000,2026-05-05T14:00:00Z,0.350000,0.430000,0.310000,0.350000
1a85c553-6cbc-4cae-855a-c060f02d7dfc,SPY   260508P00701000,2026-05-05T15:00:00Z,0.350000,0.370000,0.340000,0.360000
1a85c553-6cbc-4cae-855a-c060f02d7dfc,SPY   260508P00701000,2026-05-05T16:00:00Z,0.320000,0.320000,0.320000,0.320000
1a85c553-6cbc-4cae-855a-c060f02d7dfc,SPY   260508P00701000,2026-05-05T17:00:00Z,0.320000,0.320000,0.250000,0.250000
1a85c553-6cbc-4cae-855a-c060f02d7dfc,SPY   260508P00701000,2026-05-05T18:00:00Z,0.250000,0.250000,0.230000,0.230000
1a85c553-6cbc-4cae-855a-c060f02d7dfc,SPY   260508P00701000,2026-05-05T19:00:00Z,0.230000,0.270000,0.220000,0.260000
1a85c553-6cbc-4cae-855a-c060f02d7dfc,SPY   260508P00701000,2026-05-06T14:00:00Z,0.120000,0.140000,0.100000,0.110000
1a85c553-6cbc-4cae-855a-c060f02d7dfc,SPY   260508P00701000,2026-05-06T15:00:00Z,0.100000,0.140000,0.100000,0.140000
1a85c553-6cbc-4cae-855a-c060f02d7dfc,SPY   260508P00701000,2026-05-06T16:00:00Z,0.120000,0.120000,0.110000,0.110000
1a85c553-6cbc-4cae-855a-c060f02d7dfc,SPY   260508P00701000,2026-05-06T17:00:00Z,0.110000,0.110000,0.100000,0.100000
1a85c553-6cbc-4cae-855a-c060f02d7dfc,SPY   260508P00701000,2026-05-06T18:00:00Z,0.090000,0.090000,0.090000,0.090000
1a85c553-6cbc-4cae-855a-c060f02d7dfc,SPY   260508P00701000,2026-05-06T19:00:00Z,0.090000,0.090000,0.070000,0.070000
1a85c553-6cbc-4cae-855a-c060f02d7dfc,SPY   260508P00701000,2026-05-07T14:00:00Z,0.050000,0.050000,0.040000,0.040000
1a85c553-6cbc-4cae-855a-c060f02d7dfc,SPY   260508P00701000,2026-05-07T15:00:00Z,0.040000,0.040000,0.040000,0.040000
1a85c553-6cbc-4cae-855a-c060f02d7dfc,SPY   260508P00701000,2026-05-07T16:00:00Z,0.040000,0.060000,0.040000,0.060000
1a85c553-6cbc-4cae-855a-c060f02d7dfc,SPY   260508P00701000,2026-05-07T17:00:00Z,0.060000,0.080000,0.050000,0.050000
1a85c553-6cbc-4cae-855a-c060f02d7dfc,SPY   260508P00701000,2026-05-07T18:00:00Z,0.050000,0.050000,0.050000,0.050000
1a85c553-6cbc-4cae-855a-c060f02d7dfc,SPY   260508P00701000,2026-05-07T19:00:00Z,0.050000,0.050000,0.020000,0.020000
1a85c553-6cbc-4cae-855a-c060f02d7dfc,SPY   260508P00701000,2026-05-08T14:00:00Z,0.010000,0.010000,0.010000,0.010000
1a85c553-6cbc-4cae-855a-c060f02d7dfc,SPY   260508P00701000,2026-05-08T15:00:00Z,0.010000,0.010000,0.010000,0.010000
1a85c553-6cbc-4cae-855a-c060f02d7dfc,SPY   260508P00701000,2026-05-08T16:00:00Z,0.010000,0.010000,0.010000,0.010000
1a85c553-6cbc-4cae-855a-c060f02d7dfc,SPY   260508P00701000,2026-05-08T17:00:00Z,0.010000,0.010000,0.010000,0.010000
1a85c553-6cbc-4cae-855a-c060f02d7dfc,SPY   260508P00701000,2026-05-08T18:00:00Z,0.010000,0.010000,0.010000,0.010000
1a85c553-6cbc-4cae-855a-c060f02d7dfc,SPY   260508P00701000,2026-05-08T19:00:00Z,0.010000,0.010000,0.010000,0.010000
1d88b2e3-a82b-420f-ba43-d478f791031f,SPY   260130C00698000,2026-01-26T15:00:00Z,1.850000,2.170000,1.680000,1.940000
1d88b2e3-a82b-420f-ba43-d478f791031f,SPY   260130C00698000,2026-01-26T16:00:00Z,1.940000,1.970000,1.820000,1.890000
1d88b2e3-a82b-420f-ba43-d478f791031f,SPY   260130C00698000,2026-01-26T17:00:00Z,2.080000,2.090000,2.040000,2.040000
1d88b2e3-a82b-420f-ba43-d478f791031f,SPY   260130C00698000,2026-01-26T18:00:00Z,1.890000,2.220000,1.800000,1.980000
1d88b2e3-a82b-420f-ba43-d478f791031f,SPY   260130C00698000,2026-01-26T19:00:00Z,1.980000,2.110000,1.930000,1.960000
1d88b2e3-a82b-420f-ba43-d478f791031f,SPY   260130C00698000,2026-01-26T20:00:00Z,1.950000,2.070000,1.830000,1.840000
1d88b2e3-a82b-420f-ba43-d478f791031f,SPY   260130C00698000,2026-01-27T15:00:00Z,2.440000,2.740000,2.130000,2.670000
1d88b2e3-a82b-420f-ba43-d478f791031f,SPY   260130C00698000,2026-01-27T16:00:00Z,2.670000,2.950000,2.670000,2.700000
1d88b2e3-a82b-420f-ba43-d478f791031f,SPY   260130C00698000,2026-01-27T17:00:00Z,2.690000,2.750000,2.440000,2.560000
1d88b2e3-a82b-420f-ba43-d478f791031f,SPY   260130C00698000,2026-01-27T18:00:00Z,2.350000,2.500000,2.250000,2.480000
1d88b2e3-a82b-420f-ba43-d478f791031f,SPY   260130C00698000,2026-01-27T19:00:00Z,2.640000,2.820000,2.540000,2.690000
1d88b2e3-a82b-420f-ba43-d478f791031f,SPY   260130C00698000,2026-01-27T20:00:00Z,2.790000,2.870000,2.580000,2.600000
1d88b2e3-a82b-420f-ba43-d478f791031f,SPY   260130C00698000,2026-01-28T15:00:00Z,3.060000,3.130000,2.420000,2.420000
1d88b2e3-a82b-420f-ba43-d478f791031f,SPY   260130C00698000,2026-01-28T16:00:00Z,2.650000,2.660000,2.060000,2.120000
1d88b2e3-a82b-420f-ba43-d478f791031f,SPY   260130C00698000,2026-01-28T17:00:00Z,2.120000,2.390000,2.040000,2.130000
1d88b2e3-a82b-420f-ba43-d478f791031f,SPY   260130C00698000,2026-01-28T18:00:00Z,2.150000,2.200000,2.010000,2.090000
1d88b2e3-a82b-420f-ba43-d478f791031f,SPY   260130C00698000,2026-01-28T19:00:00Z,2.190000,2.370000,1.710000,1.850000
1d88b2e3-a82b-420f-ba43-d478f791031f,SPY   260130C00698000,2026-01-28T20:00:00Z,2.070000,2.150000,1.980000,2.100000
1d88b2e3-a82b-420f-ba43-d478f791031f,SPY   260130C00698000,2026-01-29T15:00:00Z,0.710000,0.720000,0.170000,0.200000
1d88b2e3-a82b-420f-ba43-d478f791031f,SPY   260130C00698000,2026-01-29T16:00:00Z,0.250000,0.250000,0.190000,0.210000
1d88b2e3-a82b-420f-ba43-d478f791031f,SPY   260130C00698000,2026-01-29T17:00:00Z,0.330000,0.330000,0.320000,0.320000
1d88b2e3-a82b-420f-ba43-d478f791031f,SPY   260130C00698000,2026-01-29T18:00:00Z,0.220000,0.290000,0.210000,0.290000
1d88b2e3-a82b-420f-ba43-d478f791031f,SPY   260130C00698000,2026-01-29T19:00:00Z,0.240000,0.340000,0.230000,0.260000
1d88b2e3-a82b-420f-ba43-d478f791031f,SPY   260130C00698000,2026-01-29T20:00:00Z,0.230000,0.400000,0.230000,0.340000
1d88b2e3-a82b-420f-ba43-d478f791031f,SPY   260130C00698000,2026-01-30T15:00:00Z,0.110000,0.270000,0.080000,0.090000
1d88b2e3-a82b-420f-ba43-d478f791031f,SPY   260130C00698000,2026-01-30T16:00:00Z,0.090000,0.100000,0.040000,0.050000
1d88b2e3-a82b-420f-ba43-d478f791031f,SPY   260130C00698000,2026-01-30T17:00:00Z,0.030000,0.030000,0.030000,0.030000
1d88b2e3-a82b-420f-ba43-d478f791031f,SPY   260130C00698000,2026-01-30T18:00:00Z,0.020000,0.080000,0.020000,0.060000
1d88b2e3-a82b-420f-ba43-d478f791031f,SPY   260130C00698000,2026-01-30T19:00:00Z,0.060000,0.070000,0.020000,0.020000
1d88b2e3-a82b-420f-ba43-d478f791031f,SPY   260130C00698000,2026-01-30T20:00:00Z,0.020000,0.020000,0.010000,0.010000
1dd336b1-bad8-479f-bbdb-7f23972cb40a,SPY   260717P00736000,2026-07-13T14:00:00Z,0.570000,0.960000,0.540000,0.600000
1dd336b1-bad8-479f-bbdb-7f23972cb40a,SPY   260717P00736000,2026-07-13T15:00:00Z,0.590000,0.750000,0.570000,0.720000
1dd336b1-bad8-479f-bbdb-7f23972cb40a,SPY   260717P00736000,2026-07-13T16:00:00Z,0.720000,1.260000,0.640000,1.010000
1dd336b1-bad8-479f-bbdb-7f23972cb40a,SPY   260717P00736000,2026-07-13T17:00:00Z,1.000000,1.150000,0.860000,1.150000
1dd336b1-bad8-479f-bbdb-7f23972cb40a,SPY   260717P00736000,2026-07-13T18:00:00Z,1.140000,1.290000,1.010000,1.140000
1dd336b1-bad8-479f-bbdb-7f23972cb40a,SPY   260717P00736000,2026-07-13T19:00:00Z,1.130000,1.430000,1.060000,1.130000
1dd336b1-bad8-479f-bbdb-7f23972cb40a,SPY   260717P00736000,2026-07-14T14:00:00Z,0.560000,0.970000,0.550000,0.700000
1dd336b1-bad8-479f-bbdb-7f23972cb40a,SPY   260717P00736000,2026-07-14T15:00:00Z,0.500000,0.650000,0.440000,0.590000
1dd336b1-bad8-479f-bbdb-7f23972cb40a,SPY   260717P00736000,2026-07-14T16:00:00Z,0.650000,0.720000,0.450000,0.450000
1dd336b1-bad8-479f-bbdb-7f23972cb40a,SPY   260717P00736000,2026-07-14T17:00:00Z,0.470000,0.490000,0.420000,0.440000
1dd336b1-bad8-479f-bbdb-7f23972cb40a,SPY   260717P00736000,2026-07-14T18:00:00Z,0.450000,0.470000,0.390000,0.440000
1dd336b1-bad8-479f-bbdb-7f23972cb40a,SPY   260717P00736000,2026-07-14T19:00:00Z,0.440000,0.470000,0.390000,0.400000
1dd336b1-bad8-479f-bbdb-7f23972cb40a,SPY   260717P00736000,2026-07-15T14:00:00Z,0.210000,0.310000,0.190000,0.250000
1dd336b1-bad8-479f-bbdb-7f23972cb40a,SPY   260717P00736000,2026-07-15T15:00:00Z,0.250000,0.310000,0.210000,0.230000
1dd336b1-bad8-479f-bbdb-7f23972cb40a,SPY   260717P00736000,2026-07-15T16:00:00Z,0.230000,0.360000,0.210000,0.240000
1dd336b1-bad8-479f-bbdb-7f23972cb40a,SPY   260717P00736000,2026-07-15T17:00:00Z,0.240000,0.240000,0.160000,0.170000
1dd336b1-bad8-479f-bbdb-7f23972cb40a,SPY   260717P00736000,2026-07-15T18:00:00Z,0.170000,0.170000,0.130000,0.160000
1dd336b1-bad8-479f-bbdb-7f23972cb40a,SPY   260717P00736000,2026-07-15T19:00:00Z,0.160000,0.170000,0.140000,0.140000
1dd336b1-bad8-479f-bbdb-7f23972cb40a,SPY   260717P00736000,2026-07-16T14:00:00Z,0.070000,0.070000,0.070000,0.070000
1dd336b1-bad8-479f-bbdb-7f23972cb40a,SPY   260717P00736000,2026-07-16T15:00:00Z,0.070000,0.080000,0.060000,0.070000
1dd336b1-bad8-479f-bbdb-7f23972cb40a,SPY   260717P00736000,2026-07-16T16:00:00Z,0.070000,0.110000,0.070000,0.080000
1dd336b1-bad8-479f-bbdb-7f23972cb40a,SPY   260717P00736000,2026-07-16T17:00:00Z,0.080000,0.120000,0.080000,0.110000
1dd336b1-bad8-479f-bbdb-7f23972cb40a,SPY   260717P00736000,2026-07-16T18:00:00Z,0.110000,0.130000,0.090000,0.100000
1dd336b1-bad8-479f-bbdb-7f23972cb40a,SPY   260717P00736000,2026-07-16T19:00:00Z,0.100000,0.180000,0.090000,0.100000
1dd336b1-bad8-479f-bbdb-7f23972cb40a,SPY   260717P00736000,2026-07-17T14:00:00Z,0.150000,0.150000,0.070000,0.090000
1dd336b1-bad8-479f-bbdb-7f23972cb40a,SPY   260717P00736000,2026-07-17T15:00:00Z,0.050000,0.050000,0.050000,0.050000
1dd336b1-bad8-479f-bbdb-7f23972cb40a,SPY   260717P00736000,2026-07-17T16:00:00Z,0.030000,0.060000,0.030000,0.040000
1dd336b1-bad8-479f-bbdb-7f23972cb40a,SPY   260717P00736000,2026-07-17T17:00:00Z,0.040000,0.040000,0.030000,0.040000
1dd336b1-bad8-479f-bbdb-7f23972cb40a,SPY   260717P00736000,2026-07-17T18:00:00Z,0.040000,0.040000,0.030000,0.030000
1dd336b1-bad8-479f-bbdb-7f23972cb40a,SPY   260717P00736000,2026-07-17T19:00:00Z,0.020000,0.020000,0.020000,0.020000
1e7ac779-657d-4d0c-af1b-01d060ba8e1a,SPY   260130P00673000,2026-01-26T15:00:00Z,0.730000,0.780000,0.610000,0.640000
1e7ac779-657d-4d0c-af1b-01d060ba8e1a,SPY   260130P00673000,2026-01-26T16:00:00Z,0.650000,0.650000,0.650000,0.650000
1e7ac779-657d-4d0c-af1b-01d060ba8e1a,SPY   260130P00673000,2026-01-26T17:00:00Z,0.560000,0.560000,0.560000,0.560000
1e7ac779-657d-4d0c-af1b-01d060ba8e1a,SPY   260130P00673000,2026-01-26T18:00:00Z,0.580000,0.600000,0.500000,0.520000
1e7ac779-657d-4d0c-af1b-01d060ba8e1a,SPY   260130P00673000,2026-01-26T19:00:00Z,0.520000,0.530000,0.450000,0.470000
1e7ac779-657d-4d0c-af1b-01d060ba8e1a,SPY   260130P00673000,2026-01-26T20:00:00Z,0.470000,0.500000,0.460000,0.500000
1e7ac779-657d-4d0c-af1b-01d060ba8e1a,SPY   260130P00673000,2026-01-27T15:00:00Z,0.350000,0.370000,0.290000,0.300000
1e7ac779-657d-4d0c-af1b-01d060ba8e1a,SPY   260130P00673000,2026-01-27T16:00:00Z,0.300000,0.300000,0.290000,0.300000
1e7ac779-657d-4d0c-af1b-01d060ba8e1a,SPY   260130P00673000,2026-01-27T17:00:00Z,0.330000,0.330000,0.300000,0.330000
1e7ac779-657d-4d0c-af1b-01d060ba8e1a,SPY   260130P00673000,2026-01-27T18:00:00Z,0.340000,0.350000,0.340000,0.350000
1e7ac779-657d-4d0c-af1b-01d060ba8e1a,SPY   260130P00673000,2026-01-27T19:00:00Z,0.300000,0.300000,0.260000,0.260000
1e7ac779-657d-4d0c-af1b-01d060ba8e1a,SPY   260130P00673000,2026-01-27T20:00:00Z,0.270000,0.270000,0.260000,0.270000
1e7ac779-657d-4d0c-af1b-01d060ba8e1a,SPY   260130P00673000,2026-01-28T15:00:00Z,0.210000,0.240000,0.200000,0.230000
1e7ac779-657d-4d0c-af1b-01d060ba8e1a,SPY   260130P00673000,2026-01-28T16:00:00Z,0.250000,0.280000,0.230000,0.270000
1e7ac779-657d-4d0c-af1b-01d060ba8e1a,SPY   260130P00673000,2026-01-28T17:00:00Z,0.270000,0.280000,0.220000,0.240000
1e7ac779-657d-4d0c-af1b-01d060ba8e1a,SPY   260130P00673000,2026-01-28T18:00:00Z,0.240000,0.260000,0.220000,0.230000
1e7ac779-657d-4d0c-af1b-01d060ba8e1a,SPY   260130P00673000,2026-01-28T19:00:00Z,0.240000,0.240000,0.150000,0.150000
1e7ac779-657d-4d0c-af1b-01d060ba8e1a,SPY   260130P00673000,2026-01-28T20:00:00Z,0.150000,0.160000,0.140000,0.140000
1e7ac779-657d-4d0c-af1b-01d060ba8e1a,SPY   260130P00673000,2026-01-29T15:00:00Z,0.250000,0.650000,0.210000,0.530000
1e7ac779-657d-4d0c-af1b-01d060ba8e1a,SPY   260130P00673000,2026-01-29T16:00:00Z,0.310000,0.310000,0.180000,0.210000
1e7ac779-657d-4d0c-af1b-01d060ba8e1a,SPY   260130P00673000,2026-01-29T17:00:00Z,0.140000,0.140000,0.110000,0.120000
1e7ac779-657d-4d0c-af1b-01d060ba8e1a,SPY   260130P00673000,2026-01-29T18:00:00Z,0.180000,0.180000,0.100000,0.110000
1e7ac779-657d-4d0c-af1b-01d060ba8e1a,SPY   260130P00673000,2026-01-29T19:00:00Z,0.080000,0.080000,0.080000,0.080000
1e7ac779-657d-4d0c-af1b-01d060ba8e1a,SPY   260130P00673000,2026-01-29T20:00:00Z,0.080000,0.090000,0.060000,0.060000
1e7ac779-657d-4d0c-af1b-01d060ba8e1a,SPY   260130P00673000,2026-01-30T15:00:00Z,0.030000,0.030000,0.020000,0.020000
1e7ac779-657d-4d0c-af1b-01d060ba8e1a,SPY   260130P00673000,2026-01-30T16:00:00Z,0.020000,0.020000,0.020000,0.020000
1e7ac779-657d-4d0c-af1b-01d060ba8e1a,SPY   260130P00673000,2026-01-30T17:00:00Z,0.020000,0.020000,0.020000,0.020000
1e7ac779-657d-4d0c-af1b-01d060ba8e1a,SPY   260130P00673000,2026-01-30T18:00:00Z,0.020000,0.020000,0.020000,0.020000
1e7ac779-657d-4d0c-af1b-01d060ba8e1a,SPY   260130P00673000,2026-01-30T19:00:00Z,0.010000,0.010000,0.010000,0.010000
1e7ac779-657d-4d0c-af1b-01d060ba8e1a,SPY   260130P00673000,2026-01-30T20:00:00Z,0.010000,0.010000,0.010000,0.010000
1ea1f5d8-e728-4c70-ab1d-5e1f8f9309c9,SPY   260731P00726000,2026-07-27T14:00:00Z,1.870000,1.970000,1.730000,1.730000
1ea1f5d8-e728-4c70-ab1d-5e1f8f9309c9,SPY   260731P00726000,2026-07-27T15:00:00Z,2.080000,3.060000,1.950000,2.610000
1ea1f5d8-e728-4c70-ab1d-5e1f8f9309c9,SPY   260731P00726000,2026-07-27T16:00:00Z,2.590000,2.820000,2.090000,2.310000
1ea1f5d8-e728-4c70-ab1d-5e1f8f9309c9,SPY   260731P00726000,2026-07-27T17:00:00Z,2.720000,3.100000,2.460000,2.470000
1ea1f5d8-e728-4c70-ab1d-5e1f8f9309c9,SPY   260731P00726000,2026-07-27T18:00:00Z,2.460000,2.810000,2.240000,2.260000
1ea1f5d8-e728-4c70-ab1d-5e1f8f9309c9,SPY   260731P00726000,2026-07-27T19:00:00Z,2.150000,2.310000,1.940000,2.220000
1ea1f5d8-e728-4c70-ab1d-5e1f8f9309c9,SPY   260731P00726000,2026-07-28T14:00:00Z,2.500000,2.500000,1.490000,1.750000
1ea1f5d8-e728-4c70-ab1d-5e1f8f9309c9,SPY   260731P00726000,2026-07-28T15:00:00Z,1.590000,1.590000,1.550000,1.550000
1ea1f5d8-e728-4c70-ab1d-5e1f8f9309c9,SPY   260731P00726000,2026-07-28T16:00:00Z,1.180000,1.370000,1.090000,1.110000
1ea1f5d8-e728-4c70-ab1d-5e1f8f9309c9,SPY   260731P00726000,2026-07-28T17:00:00Z,1.110000,1.480000,1.100000,1.340000
1ea1f5d8-e728-4c70-ab1d-5e1f8f9309c9,SPY   260731P00726000,2026-07-28T18:00:00Z,1.330000,1.470000,1.210000,1.230000
1ea1f5d8-e728-4c70-ab1d-5e1f8f9309c9,SPY   260731P00726000,2026-07-28T19:00:00Z,1.230000,1.310000,1.170000,1.210000
1ea1f5d8-e728-4c70-ab1d-5e1f8f9309c9,SPY   260731P00726000,2026-07-29T14:00:00Z,2.050000,2.770000,1.990000,2.740000
1ea1f5d8-e728-4c70-ab1d-5e1f8f9309c9,SPY   260731P00726000,2026-07-29T15:00:00Z,2.520000,2.750000,2.220000,2.640000
1ea1f5d8-e728-4c70-ab1d-5e1f8f9309c9,SPY   260731P00726000,2026-07-29T16:00:00Z,2.620000,2.970000,2.560000,2.960000
1ea1f5d8-e728-4c70-ab1d-5e1f8f9309c9,SPY   260731P00726000,2026-07-29T17:00:00Z,2.330000,2.420000,1.860000,2.050000
1ea1f5d8-e728-4c70-ab1d-5e1f8f9309c9,SPY   260731P00726000,2026-07-29T18:00:00Z,2.030000,2.170000,0.630000,0.700000
1ea1f5d8-e728-4c70-ab1d-5e1f8f9309c9,SPY   260731P00726000,2026-07-29T19:00:00Z,0.710000,3.260000,0.660000,3.100000
1ea1f5d8-e728-4c70-ab1d-5e1f8f9309c9,SPY   260731P00726000,2026-07-30T14:00:00Z,0.560000,0.890000,0.490000,0.880000
1ea1f5d8-e728-4c70-ab1d-5e1f8f9309c9,SPY   260731P00726000,2026-07-30T15:00:00Z,0.870000,1.190000,0.640000,0.710000
1ea1f5d8-e728-4c70-ab1d-5e1f8f9309c9,SPY   260731P00726000,2026-07-30T16:00:00Z,0.700000,0.740000,0.450000,0.470000
1ea1f5d8-e728-4c70-ab1d-5e1f8f9309c9,SPY   260731P00726000,2026-07-30T17:00:00Z,0.470000,0.470000,0.310000,0.330000
1ea1f5d8-e728-4c70-ab1d-5e1f8f9309c9,SPY   260731P00726000,2026-07-30T18:00:00Z,0.340000,0.350000,0.260000,0.260000
1ea1f5d8-e728-4c70-ab1d-5e1f8f9309c9,SPY   260731P00726000,2026-07-30T19:00:00Z,0.260000,0.260000,0.150000,0.160000
1ea1f5d8-e728-4c70-ab1d-5e1f8f9309c9,SPY   260731P00726000,2026-07-31T14:00:00Z,0.130000,0.180000,0.050000,0.050000
1ea1f5d8-e728-4c70-ab1d-5e1f8f9309c9,SPY   260731P00726000,2026-07-31T15:00:00Z,0.030000,0.040000,0.030000,0.030000
1ea1f5d8-e728-4c70-ab1d-5e1f8f9309c9,SPY   260731P00726000,2026-07-31T16:00:00Z,0.030000,0.030000,0.020000,0.020000
1ea1f5d8-e728-4c70-ab1d-5e1f8f9309c9,SPY   260731P00726000,2026-07-31T17:00:00Z,0.020000,0.020000,0.020000,0.020000
1ea1f5d8-e728-4c70-ab1d-5e1f8f9309c9,SPY   260731P00726000,2026-07-31T18:00:00Z,0.020000,0.020000,0.020000,0.020000
1ea1f5d8-e728-4c70-ab1d-5e1f8f9309c9,SPY   260731P00726000,2026-07-31T19:00:00Z,0.020000,0.020000,0.020000,0.020000
1f69f3bd-29dd-4785-8bd0-abdc35198753,SPY   260618P00731000,2026-06-15T14:00:00Z,0.610000,0.680000,0.560000,0.570000
1f69f3bd-29dd-4785-8bd0-abdc35198753,SPY   260618P00731000,2026-06-15T15:00:00Z,0.570000,0.590000,0.520000,0.530000
1f69f3bd-29dd-4785-8bd0-abdc35198753,SPY   260618P00731000,2026-06-15T16:00:00Z,0.530000,0.540000,0.460000,0.470000
1f69f3bd-29dd-4785-8bd0-abdc35198753,SPY   260618P00731000,2026-06-15T17:00:00Z,0.470000,0.560000,0.450000,0.540000
1f69f3bd-29dd-4785-8bd0-abdc35198753,SPY   260618P00731000,2026-06-15T18:00:00Z,0.540000,0.580000,0.500000,0.510000
1f69f3bd-29dd-4785-8bd0-abdc35198753,SPY   260618P00731000,2026-06-15T19:00:00Z,0.510000,0.610000,0.510000,0.540000
1f69f3bd-29dd-4785-8bd0-abdc35198753,SPY   260618P00731000,2026-06-16T14:00:00Z,0.400000,0.510000,0.340000,0.470000
1f69f3bd-29dd-4785-8bd0-abdc35198753,SPY   260618P00731000,2026-06-16T15:00:00Z,0.410000,0.440000,0.410000,0.440000
1f69f3bd-29dd-4785-8bd0-abdc35198753,SPY   260618P00731000,2026-06-16T16:00:00Z,0.490000,0.490000,0.410000,0.430000
1f69f3bd-29dd-4785-8bd0-abdc35198753,SPY   260618P00731000,2026-06-16T17:00:00Z,0.430000,0.510000,0.420000,0.470000
1f69f3bd-29dd-4785-8bd0-abdc35198753,SPY   260618P00731000,2026-06-16T18:00:00Z,0.470000,0.490000,0.420000,0.480000
1f69f3bd-29dd-4785-8bd0-abdc35198753,SPY   260618P00731000,2026-06-16T19:00:00Z,0.480000,0.650000,0.470000,0.530000
1f69f3bd-29dd-4785-8bd0-abdc35198753,SPY   260618P00731000,2026-06-17T14:00:00Z,0.490000,0.680000,0.310000,0.510000
1f69f3bd-29dd-4785-8bd0-abdc35198753,SPY   260618P00731000,2026-06-17T15:00:00Z,0.510000,0.530000,0.410000,0.410000
1f69f3bd-29dd-4785-8bd0-abdc35198753,SPY   260618P00731000,2026-06-17T16:00:00Z,0.350000,0.360000,0.340000,0.360000
1f69f3bd-29dd-4785-8bd0-abdc35198753,SPY   260618P00731000,2026-06-17T17:00:00Z,0.420000,0.490000,0.330000,0.330000
1f69f3bd-29dd-4785-8bd0-abdc35198753,SPY   260618P00731000,2026-06-17T18:00:00Z,0.580000,1.380000,0.260000,0.460000
1f69f3bd-29dd-4785-8bd0-abdc35198753,SPY   260618P00731000,2026-06-17T19:00:00Z,0.470000,1.750000,0.370000,1.350000
1f69f3bd-29dd-4785-8bd0-abdc35198753,SPY   260618P00731000,2026-06-18T14:00:00Z,0.120000,0.130000,0.070000,0.070000
1f69f3bd-29dd-4785-8bd0-abdc35198753,SPY   260618P00731000,2026-06-18T15:00:00Z,0.050000,0.060000,0.050000,0.050000
1f69f3bd-29dd-4785-8bd0-abdc35198753,SPY   260618P00731000,2026-06-18T16:00:00Z,0.050000,0.050000,0.030000,0.030000
1f69f3bd-29dd-4785-8bd0-abdc35198753,SPY   260618P00731000,2026-06-18T17:00:00Z,0.030000,0.030000,0.030000,0.030000
1f69f3bd-29dd-4785-8bd0-abdc35198753,SPY   260618P00731000,2026-06-18T18:00:00Z,0.030000,0.030000,0.020000,0.020000
1f69f3bd-29dd-4785-8bd0-abdc35198753,SPY   260618P00731000,2026-06-18T19:00:00Z,0.020000,0.020000,0.020000,0.020000
202e4691-632c-4158-af0c-192c168893cd,SPY   260306P00665000,2026-02-24T15:00:00Z,3.710000,3.720000,3.420000,3.550000
202e4691-632c-4158-af0c-192c168893cd,SPY   260306P00665000,2026-02-24T16:00:00Z,2.530000,2.700000,2.510000,2.650000
202e4691-632c-4158-af0c-192c168893cd,SPY   260306P00665000,2026-02-24T17:00:00Z,2.340000,2.420000,2.260000,2.310000
202e4691-632c-4158-af0c-192c168893cd,SPY   260306P00665000,2026-02-24T18:00:00Z,2.200000,2.220000,2.150000,2.160000
202e4691-632c-4158-af0c-192c168893cd,SPY   260306P00665000,2026-02-24T19:00:00Z,2.220000,2.450000,2.220000,2.290000
202e4691-632c-4158-af0c-192c168893cd,SPY   260306P00665000,2026-02-24T20:00:00Z,2.320000,2.400000,2.270000,2.280000
202e4691-632c-4158-af0c-192c168893cd,SPY   260306P00665000,2026-02-25T15:00:00Z,1.450000,1.600000,1.410000,1.470000
202e4691-632c-4158-af0c-192c168893cd,SPY   260306P00665000,2026-02-25T16:00:00Z,1.470000,1.490000,1.260000,1.300000
202e4691-632c-4158-af0c-192c168893cd,SPY   260306P00665000,2026-02-25T17:00:00Z,1.300000,1.310000,1.270000,1.280000
202e4691-632c-4158-af0c-192c168893cd,SPY   260306P00665000,2026-02-25T18:00:00Z,1.270000,1.270000,1.260000,1.260000
202e4691-632c-4158-af0c-192c168893cd,SPY   260306P00665000,2026-02-25T19:00:00Z,1.220000,1.220000,1.110000,1.110000
202e4691-632c-4158-af0c-192c168893cd,SPY   260306P00665000,2026-02-25T20:00:00Z,1.110000,1.180000,1.080000,1.120000
202e4691-632c-4158-af0c-192c168893cd,SPY   260306P00665000,2026-02-26T15:00:00Z,1.850000,1.900000,1.750000,1.760000
202e4691-632c-4158-af0c-192c168893cd,SPY   260306P00665000,2026-02-26T16:00:00Z,1.830000,2.010000,1.580000,1.990000
202e4691-632c-4158-af0c-192c168893cd,SPY   260306P00665000,2026-02-26T17:00:00Z,2.050000,2.080000,1.850000,1.880000
202e4691-632c-4158-af0c-192c168893cd,SPY   260306P00665000,2026-02-26T18:00:00Z,2.320000,2.350000,1.520000,1.570000
202e4691-632c-4158-af0c-192c168893cd,SPY   260306P00665000,2026-02-26T19:00:00Z,1.310000,1.350000,1.290000,1.310000
202e4691-632c-4158-af0c-192c168893cd,SPY   260306P00665000,2026-02-26T20:00:00Z,1.360000,1.360000,1.330000,1.340000
202e4691-632c-4158-af0c-192c168893cd,SPY   260306P00665000,2026-02-27T15:00:00Z,2.770000,2.800000,1.910000,1.940000
202e4691-632c-4158-af0c-192c168893cd,SPY   260306P00665000,2026-02-27T16:00:00Z,1.670000,1.990000,1.670000,1.980000
202e4691-632c-4158-af0c-192c168893cd,SPY   260306P00665000,2026-02-27T17:00:00Z,2.090000,2.100000,1.860000,2.060000
202e4691-632c-4158-af0c-192c168893cd,SPY   260306P00665000,2026-02-27T18:00:00Z,2.040000,2.120000,1.980000,2.120000
202e4691-632c-4158-af0c-192c168893cd,SPY   260306P00665000,2026-02-27T19:00:00Z,2.180000,2.430000,1.950000,2.290000
202e4691-632c-4158-af0c-192c168893cd,SPY   260306P00665000,2026-02-27T20:00:00Z,2.290000,2.290000,1.630000,1.760000
202e4691-632c-4158-af0c-192c168893cd,SPY   260306P00665000,2026-03-02T15:00:00Z,2.040000,2.040000,1.860000,1.880000
202e4691-632c-4158-af0c-192c168893cd,SPY   260306P00665000,2026-03-02T16:00:00Z,1.670000,1.930000,1.670000,1.880000
202e4691-632c-4158-af0c-192c168893cd,SPY   260306P00665000,2026-03-02T17:00:00Z,1.300000,1.380000,1.090000,1.120000
202e4691-632c-4158-af0c-192c168893cd,SPY   260306P00665000,2026-03-02T18:00:00Z,1.310000,1.330000,1.280000,1.290000
202e4691-632c-4158-af0c-192c168893cd,SPY   260306P00665000,2026-03-02T19:00:00Z,1.140000,1.160000,0.910000,0.930000
202e4691-632c-4158-af0c-192c168893cd,SPY   260306P00665000,2026-03-02T20:00:00Z,0.920000,1.590000,0.910000,1.200000
202e4691-632c-4158-af0c-192c168893cd,SPY   260306P00665000,2026-03-03T15:00:00Z,5.080000,5.080000,4.820000,5.070000
202e4691-632c-4158-af0c-192c168893cd,SPY   260306P00665000,2026-03-03T16:00:00Z,4.430000,4.490000,2.260000,2.470000
202e4691-632c-4158-af0c-192c168893cd,SPY   260306P00665000,2026-03-03T17:00:00Z,2.470000,2.510000,2.390000,2.410000
202e4691-632c-4158-af0c-192c168893cd,SPY   260306P00665000,2026-03-03T18:00:00Z,2.430000,2.430000,1.440000,1.620000
202e4691-632c-4158-af0c-192c168893cd,SPY   260306P00665000,2026-03-03T19:00:00Z,1.790000,2.040000,1.510000,1.670000
202e4691-632c-4158-af0c-192c168893cd,SPY   260306P00665000,2026-03-03T20:00:00Z,1.570000,1.970000,1.450000,1.970000
202e4691-632c-4158-af0c-192c168893cd,SPY   260306P00665000,2026-03-04T15:00:00Z,0.950000,1.230000,0.910000,0.920000
202e4691-632c-4158-af0c-192c168893cd,SPY   260306P00665000,2026-03-04T16:00:00Z,0.530000,0.680000,0.480000,0.600000
202e4691-632c-4158-af0c-192c168893cd,SPY   260306P00665000,2026-03-04T17:00:00Z,0.520000,0.650000,0.460000,0.470000
202e4691-632c-4158-af0c-192c168893cd,SPY   260306P00665000,2026-03-04T18:00:00Z,0.470000,0.530000,0.410000,0.410000
202e4691-632c-4158-af0c-192c168893cd,SPY   260306P00665000,2026-03-04T19:00:00Z,0.410000,0.410000,0.360000,0.400000
202e4691-632c-4158-af0c-192c168893cd,SPY   260306P00665000,2026-03-04T20:00:00Z,0.360000,0.510000,0.350000,0.490000
202e4691-632c-4158-af0c-192c168893cd,SPY   260306P00665000,2026-03-05T15:00:00Z,0.370000,0.370000,0.360000,0.360000
202e4691-632c-4158-af0c-192c168893cd,SPY   260306P00665000,2026-03-05T16:00:00Z,0.400000,0.750000,0.370000,0.450000
202e4691-632c-4158-af0c-192c168893cd,SPY   260306P00665000,2026-03-05T17:00:00Z,0.450000,1.180000,0.330000,1.030000
202e4691-632c-4158-af0c-192c168893cd,SPY   260306P00665000,2026-03-05T18:00:00Z,1.050000,1.070000,0.780000,1.040000
202e4691-632c-4158-af0c-192c168893cd,SPY   260306P00665000,2026-03-05T19:00:00Z,0.890000,1.080000,0.640000,0.750000
202e4691-632c-4158-af0c-192c168893cd,SPY   260306P00665000,2026-03-05T20:00:00Z,0.750000,0.890000,0.320000,0.330000
202e4691-632c-4158-af0c-192c168893cd,SPY   260306P00665000,2026-03-06T15:00:00Z,0.600000,0.720000,0.540000,0.580000
202e4691-632c-4158-af0c-192c168893cd,SPY   260306P00665000,2026-03-06T16:00:00Z,0.190000,0.220000,0.100000,0.110000
202e4691-632c-4158-af0c-192c168893cd,SPY   260306P00665000,2026-03-06T17:00:00Z,0.120000,0.290000,0.090000,0.170000
202e4691-632c-4158-af0c-192c168893cd,SPY   260306P00665000,2026-03-06T18:00:00Z,0.060000,0.070000,0.060000,0.060000
202e4691-632c-4158-af0c-192c168893cd,SPY   260306P00665000,2026-03-06T19:00:00Z,0.060000,0.060000,0.030000,0.030000
202e4691-632c-4158-af0c-192c168893cd,SPY   260306P00665000,2026-03-06T20:00:00Z,0.030000,0.060000,0.020000,0.030000
256b3113-ffe5-4c71-8574-a187d9f47563,SPY   251024P00648000,2025-10-20T14:00:00Z,0.770000,0.770000,0.530000,0.540000
256b3113-ffe5-4c71-8574-a187d9f47563,SPY   251024P00648000,2025-10-20T15:00:00Z,0.540000,0.640000,0.540000,0.610000
256b3113-ffe5-4c71-8574-a187d9f47563,SPY   251024P00648000,2025-10-20T16:00:00Z,0.610000,0.650000,0.590000,0.610000
256b3113-ffe5-4c71-8574-a187d9f47563,SPY   251024P00648000,2025-10-20T17:00:00Z,0.580000,0.580000,0.500000,0.520000
256b3113-ffe5-4c71-8574-a187d9f47563,SPY   251024P00648000,2025-10-20T18:00:00Z,0.520000,0.520000,0.450000,0.460000
256b3113-ffe5-4c71-8574-a187d9f47563,SPY   251024P00648000,2025-10-20T19:00:00Z,0.390000,0.400000,0.390000,0.400000
256b3113-ffe5-4c71-8574-a187d9f47563,SPY   251024P00648000,2025-10-21T14:00:00Z,0.440000,0.480000,0.250000,0.250000
256b3113-ffe5-4c71-8574-a187d9f47563,SPY   251024P00648000,2025-10-21T15:00:00Z,0.250000,0.270000,0.250000,0.260000
256b3113-ffe5-4c71-8574-a187d9f47563,SPY   251024P00648000,2025-10-21T16:00:00Z,0.270000,0.290000,0.240000,0.280000
256b3113-ffe5-4c71-8574-a187d9f47563,SPY   251024P00648000,2025-10-21T17:00:00Z,0.320000,0.360000,0.230000,0.230000
256b3113-ffe5-4c71-8574-a187d9f47563,SPY   251024P00648000,2025-10-21T18:00:00Z,0.230000,0.240000,0.190000,0.200000
256b3113-ffe5-4c71-8574-a187d9f47563,SPY   251024P00648000,2025-10-21T19:00:00Z,0.200000,0.230000,0.200000,0.210000
256b3113-ffe5-4c71-8574-a187d9f47563,SPY   251024P00648000,2025-10-22T14:00:00Z,0.230000,0.360000,0.220000,0.220000
256b3113-ffe5-4c71-8574-a187d9f47563,SPY   251024P00648000,2025-10-22T15:00:00Z,0.240000,0.340000,0.230000,0.270000
256b3113-ffe5-4c71-8574-a187d9f47563,SPY   251024P00648000,2025-10-22T16:00:00Z,0.250000,0.650000,0.240000,0.370000
256b3113-ffe5-4c71-8574-a187d9f47563,SPY   251024P00648000,2025-10-22T17:00:00Z,0.370000,0.630000,0.350000,0.630000
256b3113-ffe5-4c71-8574-a187d9f47563,SPY   251024P00648000,2025-10-22T18:00:00Z,0.430000,0.480000,0.410000,0.480000
256b3113-ffe5-4c71-8574-a187d9f47563,SPY   251024P00648000,2025-10-22T19:00:00Z,0.340000,0.350000,0.160000,0.180000
256b3113-ffe5-4c71-8574-a187d9f47563,SPY   251024P00648000,2025-10-23T14:00:00Z,0.100000,0.120000,0.090000,0.090000
256b3113-ffe5-4c71-8574-a187d9f47563,SPY   251024P00648000,2025-10-23T15:00:00Z,0.090000,0.100000,0.080000,0.090000
256b3113-ffe5-4c71-8574-a187d9f47563,SPY   251024P00648000,2025-10-23T16:00:00Z,0.070000,0.070000,0.070000,0.070000
256b3113-ffe5-4c71-8574-a187d9f47563,SPY   251024P00648000,2025-10-23T17:00:00Z,0.070000,0.090000,0.070000,0.070000
256b3113-ffe5-4c71-8574-a187d9f47563,SPY   251024P00648000,2025-10-23T18:00:00Z,0.070000,0.070000,0.060000,0.060000
256b3113-ffe5-4c71-8574-a187d9f47563,SPY   251024P00648000,2025-10-23T19:00:00Z,0.060000,0.060000,0.050000,0.050000
256b3113-ffe5-4c71-8574-a187d9f47563,SPY   251024P00648000,2025-10-24T14:00:00Z,0.020000,0.030000,0.020000,0.030000
256b3113-ffe5-4c71-8574-a187d9f47563,SPY   251024P00648000,2025-10-24T15:00:00Z,0.030000,0.030000,0.020000,0.030000
256b3113-ffe5-4c71-8574-a187d9f47563,SPY   251024P00648000,2025-10-24T16:00:00Z,0.030000,0.030000,0.020000,0.020000
256b3113-ffe5-4c71-8574-a187d9f47563,SPY   251024P00648000,2025-10-24T17:00:00Z,0.020000,0.020000,0.020000,0.020000
256b3113-ffe5-4c71-8574-a187d9f47563,SPY   251024P00648000,2025-10-24T18:00:00Z,0.020000,0.020000,0.020000,0.020000
256b3113-ffe5-4c71-8574-a187d9f47563,SPY   251024P00648000,2025-10-24T19:00:00Z,0.010000,0.010000,0.010000,0.010000
25950724-a8a1-439f-9828-bb488ffcdd0f,SPY   251017C00669000,2025-10-07T14:00:00Z,7.090000,7.270000,6.870000,6.970000
25950724-a8a1-439f-9828-bb488ffcdd0f,SPY   251017C00669000,2025-10-07T15:00:00Z,6.440000,6.610000,5.780000,5.950000
25950724-a8a1-439f-9828-bb488ffcdd0f,SPY   251017C00669000,2025-10-07T16:00:00Z,5.940000,6.470000,5.700000,5.940000
25950724-a8a1-439f-9828-bb488ffcdd0f,SPY   251017C00669000,2025-10-07T17:00:00Z,6.230000,6.250000,6.020000,6.170000
25950724-a8a1-439f-9828-bb488ffcdd0f,SPY   251017C00669000,2025-10-07T18:00:00Z,5.890000,6.220000,5.670000,6.180000
25950724-a8a1-439f-9828-bb488ffcdd0f,SPY   251017C00669000,2025-10-07T19:00:00Z,6.160000,6.310000,5.920000,6.240000
25950724-a8a1-439f-9828-bb488ffcdd0f,SPY   251017C00669000,2025-10-08T14:00:00Z,7.050000,7.260000,6.970000,7.260000
25950724-a8a1-439f-9828-bb488ffcdd0f,SPY   251017C00669000,2025-10-08T15:00:00Z,7.280000,7.560000,7.240000,7.470000
25950724-a8a1-439f-9828-bb488ffcdd0f,SPY   251017C00669000,2025-10-08T16:00:00Z,7.870000,8.060000,7.500000,7.800000
25950724-a8a1-439f-9828-bb488ffcdd0f,SPY   251017C00669000,2025-10-08T17:00:00Z,7.810000,7.980000,7.630000,7.720000
25950724-a8a1-439f-9828-bb488ffcdd0f,SPY   251017C00669000,2025-10-08T18:00:00Z,7.730000,7.760000,7.700000,7.740000
25950724-a8a1-439f-9828-bb488ffcdd0f,SPY   251017C00669000,2025-10-08T19:00:00Z,7.390000,7.950000,7.330000,7.930000
25950724-a8a1-439f-9828-bb488ffcdd0f,SPY   251017C00669000,2025-10-09T14:00:00Z,7.010000,7.230000,5.900000,6.640000
25950724-a8a1-439f-9828-bb488ffcdd0f,SPY   251017C00669000,2025-10-09T15:00:00Z,6.660000,6.940000,5.910000,6.610000
25950724-a8a1-439f-9828-bb488ffcdd0f,SPY   251017C00669000,2025-10-09T16:00:00Z,6.630000,6.780000,5.710000,5.810000
25950724-a8a1-439f-9828-bb488ffcdd0f,SPY   251017C00669000,2025-10-09T17:00:00Z,5.870000,6.140000,5.670000,5.820000
25950724-a8a1-439f-9828-bb488ffcdd0f,SPY   251017C00669000,2025-10-09T18:00:00Z,6.010000,6.040000,5.560000,5.760000
25950724-a8a1-439f-9828-bb488ffcdd0f,SPY   251017C00669000,2025-10-09T19:00:00Z,6.000000,6.130000,5.990000,6.100000
25950724-a8a1-439f-9828-bb488ffcdd0f,SPY   251017C00669000,2025-10-10T14:00:00Z,7.220000,7.330000,3.820000,4.900000
25950724-a8a1-439f-9828-bb488ffcdd0f,SPY   251017C00669000,2025-10-10T15:00:00Z,4.730000,5.170000,2.590000,2.740000
25950724-a8a1-439f-9828-bb488ffcdd0f,SPY   251017C00669000,2025-10-10T16:00:00Z,2.670000,2.760000,2.420000,2.550000
25950724-a8a1-439f-9828-bb488ffcdd0f,SPY   251017C00669000,2025-10-10T17:00:00Z,1.900000,2.390000,1.730000,2.310000
25950724-a8a1-439f-9828-bb488ffcdd0f,SPY   251017C00669000,2025-10-10T18:00:00Z,2.320000,2.330000,1.580000,1.580000
25950724-a8a1-439f-9828-bb488ffcdd0f,SPY   251017C00669000,2025-10-10T19:00:00Z,1.570000,1.680000,1.340000,1.340000
25950724-a8a1-439f-9828-bb488ffcdd0f,SPY   251017C00669000,2025-10-13T14:00:00Z,2.330000,2.470000,1.690000,1.730000
25950724-a8a1-439f-9828-bb488ffcdd0f,SPY   251017C00669000,2025-10-13T15:00:00Z,2.040000,2.280000,2.030000,2.200000
25950724-a8a1-439f-9828-bb488ffcdd0f,SPY   251017C00669000,2025-10-13T16:00:00Z,2.210000,2.490000,2.110000,2.450000
25950724-a8a1-439f-9828-bb488ffcdd0f,SPY   251017C00669000,2025-10-13T17:00:00Z,2.450000,2.640000,1.860000,2.050000
25950724-a8a1-439f-9828-bb488ffcdd0f,SPY   251017C00669000,2025-10-13T18:00:00Z,2.040000,2.170000,1.480000,1.510000
25950724-a8a1-439f-9828-bb488ffcdd0f,SPY   251017C00669000,2025-10-13T19:00:00Z,1.520000,1.890000,1.480000,1.780000
25950724-a8a1-439f-9828-bb488ffcdd0f,SPY   251017C00669000,2025-10-14T14:00:00Z,0.770000,1.180000,0.730000,1.030000
25950724-a8a1-439f-9828-bb488ffcdd0f,SPY   251017C00669000,2025-10-14T15:00:00Z,1.040000,1.260000,1.000000,1.020000
25950724-a8a1-439f-9828-bb488ffcdd0f,SPY   251017C00669000,2025-10-14T16:00:00Z,1.840000,1.850000,1.630000,1.740000
25950724-a8a1-439f-9828-bb488ffcdd0f,SPY   251017C00669000,2025-10-14T17:00:00Z,2.070000,2.410000,1.840000,2.140000
25950724-a8a1-439f-9828-bb488ffcdd0f,SPY   251017C00669000,2025-10-14T18:00:00Z,2.160000,2.230000,1.950000,2.010000
25950724-a8a1-439f-9828-bb488ffcdd0f,SPY   251017C00669000,2025-10-14T19:00:00Z,2.020000,2.140000,1.330000,1.520000
25950724-a8a1-439f-9828-bb488ffcdd0f,SPY   251017C00669000,2025-10-15T14:00:00Z,3.350000,4.310000,3.220000,3.400000
25950724-a8a1-439f-9828-bb488ffcdd0f,SPY   251017C00669000,2025-10-15T15:00:00Z,3.400000,3.470000,2.910000,3.040000
25950724-a8a1-439f-9828-bb488ffcdd0f,SPY   251017C00669000,2025-10-15T16:00:00Z,1.950000,2.230000,1.880000,2.120000
25950724-a8a1-439f-9828-bb488ffcdd0f,SPY   251017C00669000,2025-10-15T17:00:00Z,1.370000,1.370000,1.160000,1.180000
25950724-a8a1-439f-9828-bb488ffcdd0f,SPY   251017C00669000,2025-10-15T18:00:00Z,1.620000,1.950000,1.430000,1.930000
25950724-a8a1-439f-9828-bb488ffcdd0f,SPY   251017C00669000,2025-10-15T19:00:00Z,1.930000,1.960000,1.390000,1.390000
25950724-a8a1-439f-9828-bb488ffcdd0f,SPY   251017C00669000,2025-10-16T14:00:00Z,1.930000,2.740000,1.710000,2.050000
25950724-a8a1-439f-9828-bb488ffcdd0f,SPY   251017C00669000,2025-10-16T15:00:00Z,2.080000,2.420000,1.230000,1.260000
25950724-a8a1-439f-9828-bb488ffcdd0f,SPY   251017C00669000,2025-10-16T16:00:00Z,1.070000,1.190000,0.740000,1.010000
25950724-a8a1-439f-9828-bb488ffcdd0f,SPY   251017C00669000,2025-10-16T17:00:00Z,1.090000,1.150000,0.820000,0.990000
25950724-a8a1-439f-9828-bb488ffcdd0f,SPY   251017C00669000,2025-10-16T18:00:00Z,0.670000,0.680000,0.480000,0.540000
25950724-a8a1-439f-9828-bb488ffcdd0f,SPY   251017C00669000,2025-10-16T19:00:00Z,0.510000,0.530000,0.510000,0.510000
25950724-a8a1-439f-9828-bb488ffcdd0f,SPY   251017C00669000,2025-10-17T14:00:00Z,0.240000,0.500000,0.100000,0.110000
25950724-a8a1-439f-9828-bb488ffcdd0f,SPY   251017C00669000,2025-10-17T15:00:00Z,0.110000,0.170000,0.060000,0.090000
25950724-a8a1-439f-9828-bb488ffcdd0f,SPY   251017C00669000,2025-10-17T16:00:00Z,0.090000,0.140000,0.040000,0.050000
25950724-a8a1-439f-9828-bb488ffcdd0f,SPY   251017C00669000,2025-10-17T17:00:00Z,0.050000,0.050000,0.020000,0.030000
25950724-a8a1-439f-9828-bb488ffcdd0f,SPY   251017C00669000,2025-10-17T18:00:00Z,0.030000,0.120000,0.020000,0.020000
25950724-a8a1-439f-9828-bb488ffcdd0f,SPY   251017C00669000,2025-10-17T19:00:00Z,0.020000,0.060000,0.010000,0.010000
25dd0121-5d6f-4187-b8c2-d2c242282771,SPY   260206C00703000,2026-01-27T15:00:00Z,2.530000,2.770000,2.310000,2.720000
25dd0121-5d6f-4187-b8c2-d2c242282771,SPY   260206C00703000,2026-01-27T16:00:00Z,2.720000,2.960000,2.720000,2.770000
25dd0121-5d6f-4187-b8c2-d2c242282771,SPY   260206C00703000,2026-01-27T17:00:00Z,2.770000,2.830000,2.590000,2.620000
25dd0121-5d6f-4187-b8c2-d2c242282771,SPY   260206C00703000,2026-01-27T18:00:00Z,2.620000,2.820000,2.460000,2.750000
25dd0121-5d6f-4187-b8c2-d2c242282771,SPY   260206C00703000,2026-01-27T19:00:00Z,2.740000,2.890000,2.680000,2.780000
25dd0121-5d6f-4187-b8c2-d2c242282771,SPY   260206C00703000,2026-01-27T20:00:00Z,2.760000,2.910000,2.730000,2.730000
25dd0121-5d6f-4187-b8c2-d2c242282771,SPY   260206C00703000,2026-01-28T15:00:00Z,3.140000,3.210000,2.680000,2.680000
25dd0121-5d6f-4187-b8c2-d2c242282771,SPY   260206C00703000,2026-01-28T16:00:00Z,2.680000,2.930000,2.430000,2.470000
25dd0121-5d6f-4187-b8c2-d2c242282771,SPY   260206C00703000,2026-01-28T17:00:00Z,2.480000,2.690000,2.370000,2.380000
25dd0121-5d6f-4187-b8c2-d2c242282771,SPY   260206C00703000,2026-01-28T18:00:00Z,2.380000,2.470000,2.200000,2.210000
25dd0121-5d6f-4187-b8c2-d2c242282771,SPY   260206C00703000,2026-01-28T19:00:00Z,2.450000,2.560000,2.100000,2.230000
25dd0121-5d6f-4187-b8c2-d2c242282771,SPY   260206C00703000,2026-01-28T20:00:00Z,2.490000,2.500000,2.470000,2.490000
25dd0121-5d6f-4187-b8c2-d2c242282771,SPY   260206C00703000,2026-01-29T15:00:00Z,1.560000,1.580000,0.710000,0.720000
25dd0121-5d6f-4187-b8c2-d2c242282771,SPY   260206C00703000,2026-01-29T16:00:00Z,0.720000,0.840000,0.670000,0.840000
25dd0121-5d6f-4187-b8c2-d2c242282771,SPY   260206C00703000,2026-01-29T17:00:00Z,0.840000,1.210000,0.840000,1.120000
25dd0121-5d6f-4187-b8c2-d2c242282771,SPY   260206C00703000,2026-01-29T18:00:00Z,0.870000,1.150000,0.840000,1.000000
25dd0121-5d6f-4187-b8c2-d2c242282771,SPY   260206C00703000,2026-01-29T19:00:00Z,0.990000,1.200000,0.960000,1.040000
25dd0121-5d6f-4187-b8c2-d2c242282771,SPY   260206C00703000,2026-01-29T20:00:00Z,1.070000,1.100000,1.050000,1.100000
25dd0121-5d6f-4187-b8c2-d2c242282771,SPY   260206C00703000,2026-01-30T15:00:00Z,1.080000,1.470000,0.930000,0.990000
25dd0121-5d6f-4187-b8c2-d2c242282771,SPY   260206C00703000,2026-01-30T16:00:00Z,0.990000,1.080000,0.790000,0.840000
25dd0121-5d6f-4187-b8c2-d2c242282771,SPY   260206C00703000,2026-01-30T17:00:00Z,0.830000,0.850000,0.670000,0.690000
25dd0121-5d6f-4187-b8c2-d2c242282771,SPY   260206C00703000,2026-01-30T18:00:00Z,0.640000,1.000000,0.540000,0.890000
25dd0121-5d6f-4187-b8c2-d2c242282771,SPY   260206C00703000,2026-01-30T19:00:00Z,0.890000,1.110000,0.820000,1.010000
25dd0121-5d6f-4187-b8c2-d2c242282771,SPY   260206C00703000,2026-01-30T20:00:00Z,0.840000,1.110000,0.690000,1.030000
25dd0121-5d6f-4187-b8c2-d2c242282771,SPY   260206C00703000,2026-02-02T15:00:00Z,0.730000,1.210000,0.690000,0.920000
25dd0121-5d6f-4187-b8c2-d2c242282771,SPY   260206C00703000,2026-02-02T16:00:00Z,0.920000,0.940000,0.790000,0.930000
25dd0121-5d6f-4187-b8c2-d2c242282771,SPY   260206C00703000,2026-02-02T17:00:00Z,0.970000,1.100000,0.880000,0.950000
25dd0121-5d6f-4187-b8c2-d2c242282771,SPY   260206C00703000,2026-02-02T18:00:00Z,0.950000,1.010000,0.820000,0.900000
25dd0121-5d6f-4187-b8c2-d2c242282771,SPY   260206C00703000,2026-02-02T19:00:00Z,0.900000,0.980000,0.740000,0.760000
25dd0121-5d6f-4187-b8c2-d2c242282771,SPY   260206C00703000,2026-02-02T20:00:00Z,0.760000,0.910000,0.680000,0.700000
25dd0121-5d6f-4187-b8c2-d2c242282771,SPY   260206C00703000,2026-02-03T15:00:00Z,0.430000,0.450000,0.290000,0.420000
25dd0121-5d6f-4187-b8c2-d2c242282771,SPY   260206C00703000,2026-02-03T16:00:00Z,0.420000,0.420000,0.340000,0.350000
25dd0121-5d6f-4187-b8c2-d2c242282771,SPY   260206C00703000,2026-02-03T17:00:00Z,0.230000,0.240000,0.210000,0.210000
25dd0121-5d6f-4187-b8c2-d2c242282771,SPY   260206C00703000,2026-02-03T18:00:00Z,0.160000,0.170000,0.150000,0.160000
25dd0121-5d6f-4187-b8c2-d2c242282771,SPY   260206C00703000,2026-02-03T19:00:00Z,0.140000,0.220000,0.140000,0.160000
25dd0121-5d6f-4187-b8c2-d2c242282771,SPY   260206C00703000,2026-02-03T20:00:00Z,0.160000,0.210000,0.150000,0.190000
25dd0121-5d6f-4187-b8c2-d2c242282771,SPY   260206C00703000,2026-02-04T15:00:00Z,0.120000,0.240000,0.100000,0.160000
25dd0121-5d6f-4187-b8c2-d2c242282771,SPY   260206C00703000,2026-02-04T16:00:00Z,0.140000,0.150000,0.140000,0.140000
25dd0121-5d6f-4187-b8c2-d2c242282771,SPY   260206C00703000,2026-02-04T17:00:00Z,0.100000,0.110000,0.080000,0.110000
25dd0121-5d6f-4187-b8c2-d2c242282771,SPY   260206C00703000,2026-02-04T18:00:00Z,0.110000,0.110000,0.080000,0.080000
25dd0121-5d6f-4187-b8c2-d2c242282771,SPY   260206C00703000,2026-02-04T19:00:00Z,0.080000,0.140000,0.080000,0.120000
25dd0121-5d6f-4187-b8c2-d2c242282771,SPY   260206C00703000,2026-02-04T20:00:00Z,0.120000,0.120000,0.080000,0.080000
25dd0121-5d6f-4187-b8c2-d2c242282771,SPY   260206C00703000,2026-02-05T15:00:00Z,0.030000,0.030000,0.030000,0.030000
25dd0121-5d6f-4187-b8c2-d2c242282771,SPY   260206C00703000,2026-02-05T16:00:00Z,0.030000,0.030000,0.030000,0.030000
25dd0121-5d6f-4187-b8c2-d2c242282771,SPY   260206C00703000,2026-02-05T17:00:00Z,0.030000,0.030000,0.030000,0.030000
25dd0121-5d6f-4187-b8c2-d2c242282771,SPY   260206C00703000,2026-02-05T18:00:00Z,0.030000,0.030000,0.020000,0.020000
25dd0121-5d6f-4187-b8c2-d2c242282771,SPY   260206C00703000,2026-02-05T19:00:00Z,0.020000,0.020000,0.020000,0.020000
25dd0121-5d6f-4187-b8c2-d2c242282771,SPY   260206C00703000,2026-02-05T20:00:00Z,0.020000,0.020000,0.020000,0.020000
25dd0121-5d6f-4187-b8c2-d2c242282771,SPY   260206C00703000,2026-02-06T15:00:00Z,0.010000,0.010000,0.010000,0.010000
25dd0121-5d6f-4187-b8c2-d2c242282771,SPY   260206C00703000,2026-02-06T16:00:00Z,0.010000,0.010000,0.010000,0.010000
25dd0121-5d6f-4187-b8c2-d2c242282771,SPY   260206C00703000,2026-02-06T17:00:00Z,0.010000,0.010000,0.010000,0.010000
25dd0121-5d6f-4187-b8c2-d2c242282771,SPY   260206C00703000,2026-02-06T18:00:00Z,0.010000,0.010000,0.010000,0.010000
25dd0121-5d6f-4187-b8c2-d2c242282771,SPY   260206C00703000,2026-02-06T19:00:00Z,0.010000,0.010000,0.010000,0.010000
25dd0121-5d6f-4187-b8c2-d2c242282771,SPY   260206C00703000,2026-02-06T20:00:00Z,0.010000,0.010000,0.010000,0.010000
26867bd1-c6bb-4695-a5cb-501a712d5e4e,SPY   260227C00696000,2026-02-23T15:00:00Z,1.580000,1.640000,1.230000,1.300000
26867bd1-c6bb-4695-a5cb-501a712d5e4e,SPY   260227C00696000,2026-02-23T16:00:00Z,0.890000,0.990000,0.760000,0.820000
26867bd1-c6bb-4695-a5cb-501a712d5e4e,SPY   260227C00696000,2026-02-23T17:00:00Z,0.820000,0.880000,0.700000,0.820000
26867bd1-c6bb-4695-a5cb-501a712d5e4e,SPY   260227C00696000,2026-02-23T18:00:00Z,0.820000,0.970000,0.720000,0.730000
26867bd1-c6bb-4695-a5cb-501a712d5e4e,SPY   260227C00696000,2026-02-23T19:00:00Z,0.730000,0.750000,0.600000,0.630000
26867bd1-c6bb-4695-a5cb-501a712d5e4e,SPY   260227C00696000,2026-02-23T20:00:00Z,0.640000,0.650000,0.640000,0.650000
26867bd1-c6bb-4695-a5cb-501a712d5e4e,SPY   260227C00696000,2026-02-24T15:00:00Z,0.540000,0.890000,0.540000,0.700000
26867bd1-c6bb-4695-a5cb-501a712d5e4e,SPY   260227C00696000,2026-02-24T16:00:00Z,0.700000,0.840000,0.650000,0.790000
26867bd1-c6bb-4695-a5cb-501a712d5e4e,SPY   260227C00696000,2026-02-24T17:00:00Z,0.790000,1.010000,0.780000,0.920000
26867bd1-c6bb-4695-a5cb-501a712d5e4e,SPY   260227C00696000,2026-02-24T18:00:00Z,0.990000,1.040000,0.810000,0.860000
26867bd1-c6bb-4695-a5cb-501a712d5e4e,SPY   260227C00696000,2026-02-24T19:00:00Z,0.870000,0.880000,0.740000,0.820000
26867bd1-c6bb-4695-a5cb-501a712d5e4e,SPY   260227C00696000,2026-02-24T20:00:00Z,0.780000,1.030000,0.680000,0.960000
26867bd1-c6bb-4695-a5cb-501a712d5e4e,SPY   260227C00696000,2026-02-25T15:00:00Z,1.570000,1.650000,1.190000,1.360000
26867bd1-c6bb-4695-a5cb-501a712d5e4e,SPY   260227C00696000,2026-02-25T16:00:00Z,1.350000,1.880000,1.300000,1.710000
26867bd1-c6bb-4695-a5cb-501a712d5e4e,SPY   260227C00696000,2026-02-25T17:00:00Z,1.710000,1.800000,1.690000,1.800000
26867bd1-c6bb-4695-a5cb-501a712d5e4e,SPY   260227C00696000,2026-02-25T18:00:00Z,1.760000,1.810000,1.760000,1.800000
26867bd1-c6bb-4695-a5cb-501a712d5e4e,SPY   260227C00696000,2026-02-25T19:00:00Z,1.840000,2.060000,1.840000,1.960000
26867bd1-c6bb-4695-a5cb-501a712d5e4e,SPY   260227C00696000,2026-02-25T20:00:00Z,1.970000,2.070000,1.850000,1.900000
26867bd1-c6bb-4695-a5cb-501a712d5e4e,SPY   260227C00696000,2026-02-26T15:00:00Z,0.210000,0.240000,0.210000,0.240000
26867bd1-c6bb-4695-a5cb-501a712d5e4e,SPY   260227C00696000,2026-02-26T16:00:00Z,0.220000,0.280000,0.130000,0.130000
26867bd1-c6bb-4695-a5cb-501a712d5e4e,SPY   260227C00696000,2026-02-26T17:00:00Z,0.090000,0.090000,0.090000,0.090000
26867bd1-c6bb-4695-a5cb-501a712d5e4e,SPY   260227C00696000,2026-02-26T18:00:00Z,0.080000,0.130000,0.070000,0.090000
26867bd1-c6bb-4695-a5cb-501a712d5e4e,SPY   260227C00696000,2026-02-26T19:00:00Z,0.100000,0.200000,0.100000,0.170000
26867bd1-c6bb-4695-a5cb-501a712d5e4e,SPY   260227C00696000,2026-02-26T20:00:00Z,0.170000,0.200000,0.130000,0.130000
26867bd1-c6bb-4695-a5cb-501a712d5e4e,SPY   260227C00696000,2026-02-27T15:00:00Z,0.020000,0.020000,0.020000,0.020000
26867bd1-c6bb-4695-a5cb-501a712d5e4e,SPY   260227C00696000,2026-02-27T16:00:00Z,0.020000,0.020000,0.020000,0.020000
26867bd1-c6bb-4695-a5cb-501a712d5e4e,SPY   260227C00696000,2026-02-27T17:00:00Z,0.020000,0.020000,0.020000,0.020000
26867bd1-c6bb-4695-a5cb-501a712d5e4e,SPY   260227C00696000,2026-02-27T18:00:00Z,0.010000,0.010000,0.010000,0.010000
26867bd1-c6bb-4695-a5cb-501a712d5e4e,SPY   260227C00696000,2026-02-27T19:00:00Z,0.010000,0.010000,0.010000,0.010000
26867bd1-c6bb-4695-a5cb-501a712d5e4e,SPY   260227C00696000,2026-02-27T20:00:00Z,0.010000,0.010000,0.010000,0.010000
2b4884e3-aa8d-4ab5-a71a-8768a9952a44,SPY   251212C00696000,2025-12-02T15:00:00Z,1.360000,1.540000,1.180000,1.520000
2b4884e3-aa8d-4ab5-a71a-8768a9952a44,SPY   251212C00696000,2025-12-02T16:00:00Z,1.520000,1.570000,1.020000,1.130000
2b4884e3-aa8d-4ab5-a71a-8768a9952a44,SPY   251212C00696000,2025-12-02T17:00:00Z,1.130000,1.360000,1.080000,1.330000
2b4884e3-aa8d-4ab5-a71a-8768a9952a44,SPY   251212C00696000,2025-12-02T18:00:00Z,1.040000,1.180000,1.020000,1.080000
2b4884e3-aa8d-4ab5-a71a-8768a9952a44,SPY   251212C00696000,2025-12-02T19:00:00Z,1.080000,1.270000,1.030000,1.210000
2b4884e3-aa8d-4ab5-a71a-8768a9952a44,SPY   251212C00696000,2025-12-02T20:00:00Z,1.130000,1.130000,1.110000,1.120000
2b4884e3-aa8d-4ab5-a71a-8768a9952a44,SPY   251212C00696000,2025-12-03T15:00:00Z,1.320000,1.320000,0.920000,1.060000
2b4884e3-aa8d-4ab5-a71a-8768a9952a44,SPY   251212C00696000,2025-12-03T16:00:00Z,1.020000,1.190000,0.950000,1.010000
2b4884e3-aa8d-4ab5-a71a-8768a9952a44,SPY   251212C00696000,2025-12-03T17:00:00Z,1.010000,1.260000,0.990000,1.220000
2b4884e3-aa8d-4ab5-a71a-8768a9952a44,SPY   251212C00696000,2025-12-03T18:00:00Z,1.220000,1.320000,1.150000,1.220000
2b4884e3-aa8d-4ab5-a71a-8768a9952a44,SPY   251212C00696000,2025-12-03T19:00:00Z,1.210000,1.310000,1.200000,1.260000
2b4884e3-aa8d-4ab5-a71a-8768a9952a44,SPY   251212C00696000,2025-12-03T20:00:00Z,1.270000,1.350000,1.210000,1.240000
2b4884e3-aa8d-4ab5-a71a-8768a9952a44,SPY   251212C00696000,2025-12-04T15:00:00Z,1.070000,1.210000,0.940000,1.020000
2b4884e3-aa8d-4ab5-a71a-8768a9952a44,SPY   251212C00696000,2025-12-04T16:00:00Z,1.020000,1.080000,0.940000,1.020000
2b4884e3-aa8d-4ab5-a71a-8768a9952a44,SPY   251212C00696000,2025-12-04T17:00:00Z,1.120000,1.140000,0.990000,1.080000
2b4884e3-aa8d-4ab5-a71a-8768a9952a44,SPY   251212C00696000,2025-12-04T18:00:00Z,1.080000,1.100000,0.970000,1.010000
2b4884e3-aa8d-4ab5-a71a-8768a9952a44,SPY   251212C00696000,2025-12-04T19:00:00Z,1.010000,1.020000,0.710000,0.890000
2b4884e3-aa8d-4ab5-a71a-8768a9952a44,SPY   251212C00696000,2025-12-04T20:00:00Z,0.850000,0.890000,0.740000,0.870000
2b4884e3-aa8d-4ab5-a71a-8768a9952a44,SPY   251212C00696000,2025-12-05T15:00:00Z,1.260000,1.720000,1.230000,1.320000
2b4884e3-aa8d-4ab5-a71a-8768a9952a44,SPY   251212C00696000,2025-12-05T16:00:00Z,1.320000,1.400000,1.070000,1.190000
2b4884e3-aa8d-4ab5-a71a-8768a9952a44,SPY   251212C00696000,2025-12-05T17:00:00Z,1.170000,1.220000,0.950000,1.160000
2b4884e3-aa8d-4ab5-a71a-8768a9952a44,SPY   251212C00696000,2025-12-05T18:00:00Z,1.170000,1.260000,1.020000,1.070000
2b4884e3-aa8d-4ab5-a71a-8768a9952a44,SPY   251212C00696000,2025-12-05T19:00:00Z,1.070000,1.100000,0.930000,1.010000
2b4884e3-aa8d-4ab5-a71a-8768a9952a44,SPY   251212C00696000,2025-12-05T20:00:00Z,1.010000,1.030000,0.760000,0.760000
2b4884e3-aa8d-4ab5-a71a-8768a9952a44,SPY   251212C00696000,2025-12-08T15:00:00Z,0.630000,0.640000,0.630000,0.630000
2b4884e3-aa8d-4ab5-a71a-8768a9952a44,SPY   251212C00696000,2025-12-08T16:00:00Z,0.580000,0.600000,0.530000,0.590000
2b4884e3-aa8d-4ab5-a71a-8768a9952a44,SPY   251212C00696000,2025-12-08T17:00:00Z,0.560000,0.630000,0.540000,0.610000
2b4884e3-aa8d-4ab5-a71a-8768a9952a44,SPY   251212C00696000,2025-12-08T18:00:00Z,0.470000,0.480000,0.430000,0.460000
2b4884e3-aa8d-4ab5-a71a-8768a9952a44,SPY   251212C00696000,2025-12-08T19:00:00Z,0.390000,0.420000,0.370000,0.390000
2b4884e3-aa8d-4ab5-a71a-8768a9952a44,SPY   251212C00696000,2025-12-08T20:00:00Z,0.390000,0.440000,0.380000,0.410000
2b4884e3-aa8d-4ab5-a71a-8768a9952a44,SPY   251212C00696000,2025-12-09T15:00:00Z,0.530000,0.600000,0.380000,0.510000
2b4884e3-aa8d-4ab5-a71a-8768a9952a44,SPY   251212C00696000,2025-12-09T16:00:00Z,0.510000,0.590000,0.510000,0.540000
2b4884e3-aa8d-4ab5-a71a-8768a9952a44,SPY   251212C00696000,2025-12-09T17:00:00Z,0.510000,0.550000,0.410000,0.420000
2b4884e3-aa8d-4ab5-a71a-8768a9952a44,SPY   251212C00696000,2025-12-09T18:00:00Z,0.410000,0.430000,0.410000,0.430000
2b4884e3-aa8d-4ab5-a71a-8768a9952a44,SPY   251212C00696000,2025-12-09T19:00:00Z,0.370000,0.370000,0.310000,0.330000
2b4884e3-aa8d-4ab5-a71a-8768a9952a44,SPY   251212C00696000,2025-12-09T20:00:00Z,0.310000,0.310000,0.310000,0.310000
2b4884e3-aa8d-4ab5-a71a-8768a9952a44,SPY   251212C00696000,2025-12-10T15:00:00Z,0.240000,0.250000,0.190000,0.210000
2b4884e3-aa8d-4ab5-a71a-8768a9952a44,SPY   251212C00696000,2025-12-10T16:00:00Z,0.210000,0.280000,0.200000,0.250000
2b4884e3-aa8d-4ab5-a71a-8768a9952a44,SPY   251212C00696000,2025-12-10T17:00:00Z,0.250000,0.330000,0.230000,0.300000
2b4884e3-aa8d-4ab5-a71a-8768a9952a44,SPY   251212C00696000,2025-12-10T18:00:00Z,0.300000,0.330000,0.240000,0.260000
2b4884e3-aa8d-4ab5-a71a-8768a9952a44,SPY   251212C00696000,2025-12-10T19:00:00Z,0.260000,0.410000,0.260000,0.380000
2b4884e3-aa8d-4ab5-a71a-8768a9952a44,SPY   251212C00696000,2025-12-10T20:00:00Z,0.300000,0.310000,0.260000,0.260000
2b4884e3-aa8d-4ab5-a71a-8768a9952a44,SPY   251212C00696000,2025-12-11T15:00:00Z,0.060000,0.090000,0.060000,0.070000
2b4884e3-aa8d-4ab5-a71a-8768a9952a44,SPY   251212C00696000,2025-12-11T16:00:00Z,0.060000,0.060000,0.050000,0.050000
2b4884e3-aa8d-4ab5-a71a-8768a9952a44,SPY   251212C00696000,2025-12-11T17:00:00Z,0.050000,0.090000,0.050000,0.080000
2b4884e3-aa8d-4ab5-a71a-8768a9952a44,SPY   251212C00696000,2025-12-11T18:00:00Z,0.060000,0.070000,0.060000,0.070000
2b4884e3-aa8d-4ab5-a71a-8768a9952a44,SPY   251212C00696000,2025-12-11T19:00:00Z,0.070000,0.080000,0.070000,0.080000
2b4884e3-aa8d-4ab5-a71a-8768a9952a44,SPY   251212C00696000,2025-12-11T20:00:00Z,0.070000,0.070000,0.070000,0.070000
2b4884e3-aa8d-4ab5-a71a-8768a9952a44,SPY   251212C00696000,2025-12-12T15:00:00Z,0.020000,0.020000,0.020000,0.020000
2b4884e3-aa8d-4ab5-a71a-8768a9952a44,SPY   251212C00696000,2025-12-12T16:00:00Z,0.020000,0.020000,0.020000,0.020000
2b4884e3-aa8d-4ab5-a71a-8768a9952a44,SPY   251212C00696000,2025-12-12T17:00:00Z,0.020000,0.020000,0.020000,0.020000
2b4884e3-aa8d-4ab5-a71a-8768a9952a44,SPY   251212C00696000,2025-12-12T18:00:00Z,0.020000,0.020000,0.010000,0.010000
2b4884e3-aa8d-4ab5-a71a-8768a9952a44,SPY   251212C00696000,2025-12-12T19:00:00Z,0.010000,0.010000,0.010000,0.010000
2b4884e3-aa8d-4ab5-a71a-8768a9952a44,SPY   251212C00696000,2025-12-12T20:00:00Z,0.010000,0.010000,0.010000,0.010000
2d14428e-9357-4cff-bae6-1960665cd33b,SPY   260213C00699000,2026-02-09T15:00:00Z,1.260000,2.140000,1.230000,2.040000
2d14428e-9357-4cff-bae6-1960665cd33b,SPY   260213C00699000,2026-02-09T16:00:00Z,2.050000,2.430000,1.960000,2.360000
2d14428e-9357-4cff-bae6-1960665cd33b,SPY   260213C00699000,2026-02-09T17:00:00Z,2.350000,2.450000,1.980000,2.000000
2d14428e-9357-4cff-bae6-1960665cd33b,SPY   260213C00699000,2026-02-09T18:00:00Z,1.890000,2.070000,1.830000,1.990000
2d14428e-9357-4cff-bae6-1960665cd33b,SPY   260213C00699000,2026-02-09T19:00:00Z,1.980000,2.470000,1.910000,2.300000
2d14428e-9357-4cff-bae6-1960665cd33b,SPY   260213C00699000,2026-02-09T20:00:00Z,2.140000,2.140000,1.980000,1.980000
2d14428e-9357-4cff-bae6-1960665cd33b,SPY   260213C00699000,2026-02-10T15:00:00Z,2.340000,2.550000,1.910000,2.030000
2d14428e-9357-4cff-bae6-1960665cd33b,SPY   260213C00699000,2026-02-10T16:00:00Z,1.850000,1.900000,1.840000,1.860000
2d14428e-9357-4cff-bae6-1960665cd33b,SPY   260213C00699000,2026-02-10T17:00:00Z,1.780000,2.050000,1.620000,1.920000
2d14428e-9357-4cff-bae6-1960665cd33b,SPY   260213C00699000,2026-02-10T18:00:00Z,1.740000,1.740000,1.280000,1.330000
2d14428e-9357-4cff-bae6-1960665cd33b,SPY   260213C00699000,2026-02-10T19:00:00Z,1.370000,1.470000,1.270000,1.350000
2d14428e-9357-4cff-bae6-1960665cd33b,SPY   260213C00699000,2026-02-10T20:00:00Z,1.350000,1.360000,1.060000,1.100000
2d14428e-9357-4cff-bae6-1960665cd33b,SPY   260213C00699000,2026-02-11T15:00:00Z,1.120000,1.230000,0.520000,0.740000
2d14428e-9357-4cff-bae6-1960665cd33b,SPY   260213C00699000,2026-02-11T16:00:00Z,0.750000,0.760000,0.740000,0.760000
2d14428e-9357-4cff-bae6-1960665cd33b,SPY   260213C00699000,2026-02-11T17:00:00Z,0.830000,0.830000,0.730000,0.740000
2d14428e-9357-4cff-bae6-1960665cd33b,SPY   260213C00699000,2026-02-11T18:00:00Z,0.670000,0.690000,0.520000,0.520000
2d14428e-9357-4cff-bae6-1960665cd33b,SPY   260213C00699000,2026-02-11T19:00:00Z,0.600000,0.750000,0.550000,0.590000
2d14428e-9357-4cff-bae6-1960665cd33b,SPY   260213C00699000,2026-02-11T20:00:00Z,0.540000,0.580000,0.410000,0.480000
2d14428e-9357-4cff-bae6-1960665cd33b,SPY   260213C00699000,2026-02-12T15:00:00Z,0.390000,0.490000,0.210000,0.210000
2d14428e-9357-4cff-bae6-1960665cd33b,SPY   260213C00699000,2026-02-12T16:00:00Z,0.110000,0.110000,0.090000,0.090000
2d14428e-9357-4cff-bae6-1960665cd33b,SPY   260213C00699000,2026-02-12T17:00:00Z,0.090000,0.090000,0.090000,0.090000
2d14428e-9357-4cff-bae6-1960665cd33b,SPY   260213C00699000,2026-02-12T18:00:00Z,0.080000,0.080000,0.070000,0.070000
2d14428e-9357-4cff-bae6-1960665cd33b,SPY   260213C00699000,2026-02-12T19:00:00Z,0.070000,0.070000,0.060000,0.060000
2d14428e-9357-4cff-bae6-1960665cd33b,SPY   260213C00699000,2026-02-12T20:00:00Z,0.050000,0.050000,0.040000,0.040000
2d14428e-9357-4cff-bae6-1960665cd33b,SPY   260213C00699000,2026-02-13T15:00:00Z,0.020000,0.020000,0.010000,0.010000
2d14428e-9357-4cff-bae6-1960665cd33b,SPY   260213C00699000,2026-02-13T16:00:00Z,0.010000,0.010000,0.010000,0.010000
2d14428e-9357-4cff-bae6-1960665cd33b,SPY   260213C00699000,2026-02-13T17:00:00Z,0.010000,0.010000,0.010000,0.010000
2d14428e-9357-4cff-bae6-1960665cd33b,SPY   260213C00699000,2026-02-13T18:00:00Z,0.010000,0.010000,0.010000,0.010000
2d14428e-9357-4cff-bae6-1960665cd33b,SPY   260213C00699000,2026-02-13T19:00:00Z,0.010000,0.010000,0.010000,0.010000
2d14428e-9357-4cff-bae6-1960665cd33b,SPY   260213C00699000,2026-02-13T20:00:00Z,0.010000,0.010000,0.010000,0.010000
2e28786c-252a-4fc8-b78b-6db0ebf525f6,SPY   260904P00749000,2026-08-24T14:00:00Z,2.460000,2.630000,2.300000,2.390000
2e28786c-252a-4fc8-b78b-6db0ebf525f6,SPY   260904P00749000,2026-08-24T15:00:00Z,2.520000,2.620000,2.180000,2.190000
2e28786c-252a-4fc8-b78b-6db0ebf525f6,SPY   260904P00749000,2026-08-24T16:00:00Z,2.180000,2.220000,2.060000,2.210000
2e28786c-252a-4fc8-b78b-6db0ebf525f6,SPY   260904P00749000,2026-08-24T17:00:00Z,2.210000,2.420000,2.090000,2.350000
2e28786c-252a-4fc8-b78b-6db0ebf525f6,SPY   260904P00749000,2026-08-24T18:00:00Z,2.350000,2.350000,2.040000,2.250000
2e28786c-252a-4fc8-b78b-6db0ebf525f6,SPY   260904P00749000,2026-08-24T19:00:00Z,2.320000,2.340000,2.240000,2.270000
2e28786c-252a-4fc8-b78b-6db0ebf525f6,SPY   260904P00749000,2026-08-25T14:00:00Z,2.060000,2.080000,2.040000,2.070000
2e28786c-252a-4fc8-b78b-6db0ebf525f6,SPY   260904P00749000,2026-08-25T15:00:00Z,1.940000,2.010000,1.700000,1.730000
2e28786c-252a-4fc8-b78b-6db0ebf525f6,SPY   260904P00749000,2026-08-25T16:00:00Z,1.730000,1.760000,1.630000,1.660000
2e28786c-252a-4fc8-b78b-6db0ebf525f6,SPY   260904P00749000,2026-08-25T17:00:00Z,1.660000,1.840000,1.650000,1.750000
2e28786c-252a-4fc8-b78b-6db0ebf525f6,SPY   260904P00749000,2026-08-25T18:00:00Z,1.770000,1.810000,1.670000,1.670000
2e28786c-252a-4fc8-b78b-6db0ebf525f6,SPY   260904P00749000,2026-08-25T19:00:00Z,1.690000,1.700000,1.670000,1.680000
2e28786c-252a-4fc8-b78b-6db0ebf525f6,SPY   260904P00749000,2026-08-26T14:00:00Z,1.400000,1.660000,1.400000,1.650000
2e28786c-252a-4fc8-b78b-6db0ebf525f6,SPY   260904P00749000,2026-08-26T15:00:00Z,1.520000,1.660000,1.450000,1.630000
2e28786c-252a-4fc8-b78b-6db0ebf525f6,SPY   260904P00749000,2026-08-26T16:00:00Z,1.630000,1.930000,1.620000,1.750000
2e28786c-252a-4fc8-b78b-6db0ebf525f6,SPY   260904P00749000,2026-08-26T17:00:00Z,1.760000,1.770000,1.500000,1.550000
2e28786c-252a-4fc8-b78b-6db0ebf525f6,SPY   260904P00749000,2026-08-26T18:00:00Z,1.550000,1.590000,1.410000,1.420000
2e28786c-252a-4fc8-b78b-6db0ebf525f6,SPY   260904P00749000,2026-08-26T19:00:00Z,1.420000,1.480000,1.320000,1.430000
2e28786c-252a-4fc8-b78b-6db0ebf525f6,SPY   260904P00749000,2026-08-27T14:00:00Z,0.910000,0.930000,0.690000,0.730000
2e28786c-252a-4fc8-b78b-6db0ebf525f6,SPY   260904P00749000,2026-08-27T15:00:00Z,0.620000,0.650000,0.620000,0.640000
2e28786c-252a-4fc8-b78b-6db0ebf525f6,SPY   260904P00749000,2026-08-27T16:00:00Z,0.680000,0.690000,0.590000,0.600000
2e28786c-252a-4fc8-b78b-6db0ebf525f6,SPY   260904P00749000,2026-08-27T17:00:00Z,0.590000,0.640000,0.570000,0.630000
2e28786c-252a-4fc8-b78b-6db0ebf525f6,SPY   260904P00749000,2026-08-27T18:00:00Z,0.630000,0.790000,0.620000,0.730000
2e28786c-252a-4fc8-b78b-6db0ebf525f6,SPY   260904P00749000,2026-08-27T19:00:00Z,0.730000,0.740000,0.610000,0.650000
2e28786c-252a-4fc8-b78b-6db0ebf525f6,SPY   260904P00749000,2026-08-28T14:00:00Z,0.480000,1.040000,0.010000,0.300000
2e28786c-252a-4fc8-b78b-6db0ebf525f6,SPY   260904P00749000,2026-08-28T15:00:00Z,0.290000,0.480000,0.270000,0.470000
2e28786c-252a-4fc8-b78b-6db0ebf525f6,SPY   260904P00749000,2026-08-28T16:00:00Z,0.470000,0.610000,0.390000,0.470000
2e28786c-252a-4fc8-b78b-6db0ebf525f6,SPY   260904P00749000,2026-08-28T17:00:00Z,0.470000,0.680000,0.460000,0.490000
2e28786c-252a-4fc8-b78b-6db0ebf525f6,SPY   260904P00749000,2026-08-28T18:00:00Z,0.480000,0.570000,0.460000,0.530000
2e28786c-252a-4fc8-b78b-6db0ebf525f6,SPY   260904P00749000,2026-08-28T19:00:00Z,0.530000,0.530000,0.420000,0.450000
2e28786c-252a-4fc8-b78b-6db0ebf525f6,SPY   260904P00749000,2026-08-31T14:00:00Z,0.520000,0.520000,0.480000,0.480000
2e28786c-252a-4fc8-b78b-6db0ebf525f6,SPY   260904P00749000,2026-08-31T15:00:00Z,0.460000,0.490000,0.400000,0.470000
2e28786c-252a-4fc8-b78b-6db0ebf525f6,SPY   260904P00749000,2026-08-31T16:00:00Z,0.480000,0.510000,0.420000,0.420000
2e28786c-252a-4fc8-b78b-6db0ebf525f6,SPY   260904P00749000,2026-08-31T17:00:00Z,0.430000,0.460000,0.360000,0.380000
2e28786c-252a-4fc8-b78b-6db0ebf525f6,SPY   260904P00749000,2026-08-31T18:00:00Z,0.380000,0.450000,0.360000,0.400000
2e28786c-252a-4fc8-b78b-6db0ebf525f6,SPY   260904P00749000,2026-08-31T19:00:00Z,0.400000,0.400000,0.320000,0.330000
2e28786c-252a-4fc8-b78b-6db0ebf525f6,SPY   260904P00749000,2026-09-01T14:00:00Z,0.640000,0.660000,0.390000,0.450000
2e28786c-252a-4fc8-b78b-6db0ebf525f6,SPY   260904P00749000,2026-09-01T15:00:00Z,0.510000,0.520000,0.370000,0.400000
2e28786c-252a-4fc8-b78b-6db0ebf525f6,SPY   260904P00749000,2026-09-01T16:00:00Z,0.400000,0.750000,0.400000,0.610000
2e28786c-252a-4fc8-b78b-6db0ebf525f6,SPY   260904P00749000,2026-09-01T17:00:00Z,0.610000,0.790000,0.610000,0.700000
2e28786c-252a-4fc8-b78b-6db0ebf525f6,SPY   260904P00749000,2026-09-01T18:00:00Z,0.690000,1.220000,0.670000,0.940000
2e28786c-252a-4fc8-b78b-6db0ebf525f6,SPY   260904P00749000,2026-09-01T19:00:00Z,0.940000,0.960000,0.770000,0.810000
2e28786c-252a-4fc8-b78b-6db0ebf525f6,SPY   260904P00749000,2026-09-02T14:00:00Z,0.340000,0.360000,0.290000,0.300000
2e28786c-252a-4fc8-b78b-6db0ebf525f6,SPY   260904P00749000,2026-09-02T15:00:00Z,0.210000,0.210000,0.200000,0.210000
2e28786c-252a-4fc8-b78b-6db0ebf525f6,SPY   260904P00749000,2026-09-02T16:00:00Z,0.190000,0.220000,0.190000,0.190000
2e28786c-252a-4fc8-b78b-6db0ebf525f6,SPY   260904P00749000,2026-09-02T17:00:00Z,0.190000,0.200000,0.160000,0.160000
2e28786c-252a-4fc8-b78b-6db0ebf525f6,SPY   260904P00749000,2026-09-02T18:00:00Z,0.160000,0.180000,0.140000,0.150000
2e28786c-252a-4fc8-b78b-6db0ebf525f6,SPY   260904P00749000,2026-09-02T19:00:00Z,0.150000,0.160000,0.130000,0.130000
2e28786c-252a-4fc8-b78b-6db0ebf525f6,SPY   260904P00749000,2026-09-03T14:00:00Z,0.070000,0.070000,0.040000,0.040000
2e28786c-252a-4fc8-b78b-6db0ebf525f6,SPY   260904P00749000,2026-09-03T15:00:00Z,0.040000,0.040000,0.040000,0.040000
2e28786c-252a-4fc8-b78b-6db0ebf525f6,SPY   260904P00749000,2026-09-03T16:00:00Z,0.050000,0.050000,0.040000,0.040000
2e28786c-252a-4fc8-b78b-6db0ebf525f6,SPY   260904P00749000,2026-09-03T17:00:00Z,0.040000,0.040000,0.030000,0.030000
2e28786c-252a-4fc8-b78b-6db0ebf525f6,SPY   260904P00749000,2026-09-03T18:00:00Z,0.030000,0.030000,0.030000,0.030000
2e28786c-252a-4fc8-b78b-6db0ebf525f6,SPY   260904P00749000,2026-09-03T19:00:00Z,0.030000,0.030000,0.020000,0.020000
2e28786c-252a-4fc8-b78b-6db0ebf525f6,SPY   260904P00749000,2026-09-04T14:00:00Z,0.020000,0.020000,0.020000,0.020000
2e28786c-252a-4fc8-b78b-6db0ebf525f6,SPY   260904P00749000,2026-09-04T15:00:00Z,0.020000,0.020000,0.020000,0.020000
2e28786c-252a-4fc8-b78b-6db0ebf525f6,SPY   260904P00749000,2026-09-04T16:00:00Z,0.020000,0.020000,0.010000,0.010000
2e28786c-252a-4fc8-b78b-6db0ebf525f6,SPY   260904P00749000,2026-09-04T17:00:00Z,0.010000,0.010000,0.010000,0.010000
2e28786c-252a-4fc8-b78b-6db0ebf525f6,SPY   260904P00749000,2026-09-04T18:00:00Z,0.010000,0.010000,0.010000,0.010000
2e28786c-252a-4fc8-b78b-6db0ebf525f6,SPY   260904P00749000,2026-09-04T19:00:00Z,0.010000,0.010000,0.010000,0.010000
30e9f872-c652-44e7-aef5-ac9a9f935bad,SPY   260424P00682000,2026-04-20T14:00:00Z,0.540000,0.750000,0.520000,0.680000
30e9f872-c652-44e7-aef5-ac9a9f935bad,SPY   260424P00682000,2026-04-20T15:00:00Z,0.680000,0.790000,0.650000,0.720000
30e9f872-c652-44e7-aef5-ac9a9f935bad,SPY   260424P00682000,2026-04-20T16:00:00Z,0.580000,0.610000,0.460000,0.460000
30e9f872-c652-44e7-aef5-ac9a9f935bad,SPY   260424P00682000,2026-04-20T17:00:00Z,0.460000,0.470000,0.400000,0.460000
30e9f872-c652-44e7-aef5-ac9a9f935bad,SPY   260424P00682000,2026-04-20T18:00:00Z,0.460000,0.480000,0.400000,0.410000
30e9f872-c652-44e7-aef5-ac9a9f935bad,SPY   260424P00682000,2026-04-20T19:00:00Z,0.410000,0.460000,0.390000,0.410000
30e9f872-c652-44e7-aef5-ac9a9f935bad,SPY   260424P00682000,2026-04-21T14:00:00Z,0.340000,0.480000,0.280000,0.470000
30e9f872-c652-44e7-aef5-ac9a9f935bad,SPY   260424P00682000,2026-04-21T15:00:00Z,0.470000,0.600000,0.410000,0.530000
30e9f872-c652-44e7-aef5-ac9a9f935bad,SPY   260424P00682000,2026-04-21T16:00:00Z,0.470000,0.670000,0.470000,0.670000
30e9f872-c652-44e7-aef5-ac9a9f935bad,SPY   260424P00682000,2026-04-21T17:00:00Z,0.690000,0.890000,0.500000,0.590000
30e9f872-c652-44e7-aef5-ac9a9f935bad,SPY   260424P00682000,2026-04-21T18:00:00Z,0.590000,0.670000,0.460000,0.500000
30e9f872-c652-44e7-aef5-ac9a9f935bad,SPY   260424P00682000,2026-04-21T19:00:00Z,0.450000,0.910000,0.370000,0.810000
30e9f872-c652-44e7-aef5-ac9a9f935bad,SPY   260424P00682000,2026-04-22T14:00:00Z,0.150000,0.160000,0.130000,0.130000
30e9f872-c652-44e7-aef5-ac9a9f935bad,SPY   260424P00682000,2026-04-22T15:00:00Z,0.130000,0.150000,0.130000,0.140000
30e9f872-c652-44e7-aef5-ac9a9f935bad,SPY   260424P00682000,2026-04-22T16:00:00Z,0.140000,0.150000,0.130000,0.150000
30e9f872-c652-44e7-aef5-ac9a9f935bad,SPY   260424P00682000,2026-04-22T17:00:00Z,0.150000,0.150000,0.120000,0.130000
30e9f872-c652-44e7-aef5-ac9a9f935bad,SPY   260424P00682000,2026-04-22T18:00:00Z,0.130000,0.130000,0.110000,0.110000
30e9f872-c652-44e7-aef5-ac9a9f935bad,SPY   260424P00682000,2026-04-22T19:00:00Z,0.110000,0.120000,0.070000,0.070000
30e9f872-c652-44e7-aef5-ac9a9f935bad,SPY   260424P00682000,2026-04-23T14:00:00Z,0.050000,0.050000,0.050000,0.050000
30e9f872-c652-44e7-aef5-ac9a9f935bad,SPY   260424P00682000,2026-04-23T15:00:00Z,0.050000,0.050000,0.050000,0.050000
30e9f872-c652-44e7-aef5-ac9a9f935bad,SPY   260424P00682000,2026-04-23T16:00:00Z,0.050000,0.050000,0.050000,0.050000
30e9f872-c652-44e7-aef5-ac9a9f935bad,SPY   260424P00682000,2026-04-23T17:00:00Z,0.050000,0.350000,0.040000,0.110000
30e9f872-c652-44e7-aef5-ac9a9f935bad,SPY   260424P00682000,2026-04-23T18:00:00Z,0.110000,0.120000,0.060000,0.080000
30e9f872-c652-44e7-aef5-ac9a9f935bad,SPY   260424P00682000,2026-04-23T19:00:00Z,0.080000,0.080000,0.040000,0.040000
30e9f872-c652-44e7-aef5-ac9a9f935bad,SPY   260424P00682000,2026-04-24T14:00:00Z,0.020000,0.020000,0.020000,0.020000
30e9f872-c652-44e7-aef5-ac9a9f935bad,SPY   260424P00682000,2026-04-24T15:00:00Z,0.020000,0.020000,0.020000,0.020000
30e9f872-c652-44e7-aef5-ac9a9f935bad,SPY   260424P00682000,2026-04-24T16:00:00Z,0.020000,0.020000,0.020000,0.020000
30e9f872-c652-44e7-aef5-ac9a9f935bad,SPY   260424P00682000,2026-04-24T17:00:00Z,0.020000,0.020000,0.020000,0.020000
30e9f872-c652-44e7-aef5-ac9a9f935bad,SPY   260424P00682000,2026-04-24T18:00:00Z,0.020000,0.020000,0.020000,0.020000
30e9f872-c652-44e7-aef5-ac9a9f935bad,SPY   260424P00682000,2026-04-24T19:00:00Z,0.020000,0.020000,0.010000,0.010000
31c2330d-7789-4e88-8d02-00f5b1c5ac8a,SPY   260206C00697000,2026-01-27T15:00:00Z,5.390000,5.790000,5.140000,5.720000
31c2330d-7789-4e88-8d02-00f5b1c5ac8a,SPY   260206C00697000,2026-01-27T16:00:00Z,5.720000,6.060000,5.720000,5.780000
31c2330d-7789-4e88-8d02-00f5b1c5ac8a,SPY   260206C00697000,2026-01-27T17:00:00Z,5.770000,5.870000,5.530000,5.540000
31c2330d-7789-4e88-8d02-00f5b1c5ac8a,SPY   260206C00697000,2026-01-27T18:00:00Z,5.550000,5.860000,5.310000,5.770000
31c2330d-7789-4e88-8d02-00f5b1c5ac8a,SPY   260206C00697000,2026-01-27T19:00:00Z,5.740000,5.900000,5.660000,5.820000
31c2330d-7789-4e88-8d02-00f5b1c5ac8a,SPY   260206C00697000,2026-01-27T20:00:00Z,5.730000,5.760000,5.600000,5.680000
31c2330d-7789-4e88-8d02-00f5b1c5ac8a,SPY   260206C00697000,2026-01-28T15:00:00Z,6.390000,6.490000,5.710000,5.760000
31c2330d-7789-4e88-8d02-00f5b1c5ac8a,SPY   260206C00697000,2026-01-28T16:00:00Z,5.970000,6.040000,5.750000,5.780000
31c2330d-7789-4e88-8d02-00f5b1c5ac8a,SPY   260206C00697000,2026-01-28T17:00:00Z,5.310000,5.690000,5.170000,5.230000
31c2330d-7789-4e88-8d02-00f5b1c5ac8a,SPY   260206C00697000,2026-01-28T18:00:00Z,5.240000,5.260000,5.240000,5.260000
31c2330d-7789-4e88-8d02-00f5b1c5ac8a,SPY   260206C00697000,2026-01-28T19:00:00Z,5.260000,5.640000,4.800000,5.210000
31c2330d-7789-4e88-8d02-00f5b1c5ac8a,SPY   260206C00697000,2026-01-28T20:00:00Z,5.040000,5.650000,5.020000,5.430000
31c2330d-7789-4e88-8d02-00f5b1c5ac8a,SPY   260206C00697000,2026-01-29T15:00:00Z,3.830000,3.860000,2.030000,2.140000
31c2330d-7789-4e88-8d02-00f5b1c5ac8a,SPY   260206C00697000,2026-01-29T16:00:00Z,2.140000,2.550000,1.940000,2.520000
31c2330d-7789-4e88-8d02-00f5b1c5ac8a,SPY   260206C00697000,2026-01-29T17:00:00Z,2.510000,3.310000,2.510000,2.550000
31c2330d-7789-4e88-8d02-00f5b1c5ac8a,SPY   260206C00697000,2026-01-29T18:00:00Z,2.580000,3.060000,2.560000,2.840000
31c2330d-7789-4e88-8d02-00f5b1c5ac8a,SPY   260206C00697000,2026-01-29T19:00:00Z,3.320000,3.320000,3.150000,3.240000
31c2330d-7789-4e88-8d02-00f5b1c5ac8a,SPY   260206C00697000,2026-01-29T20:00:00Z,3.140000,3.330000,3.140000,3.230000
31c2330d-7789-4e88-8d02-00f5b1c5ac8a,SPY   260206C00697000,2026-01-30T15:00:00Z,3.140000,3.960000,2.840000,3.070000
31c2330d-7789-4e88-8d02-00f5b1c5ac8a,SPY   260206C00697000,2026-01-30T16:00:00Z,3.080000,3.260000,2.560000,3.000000
31c2330d-7789-4e88-8d02-00f5b1c5ac8a,SPY   260206C00697000,2026-01-30T17:00:00Z,2.660000,2.900000,2.230000,2.590000
31c2330d-7789-4e88-8d02-00f5b1c5ac8a,SPY   260206C00697000,2026-01-30T18:00:00Z,2.210000,2.410000,2.110000,2.240000
31c2330d-7789-4e88-8d02-00f5b1c5ac8a,SPY   260206C00697000,2026-01-30T19:00:00Z,2.840000,3.070000,2.810000,3.040000
31c2330d-7789-4e88-8d02-00f5b1c5ac8a,SPY   260206C00697000,2026-01-30T20:00:00Z,2.680000,3.260000,2.350000,3.190000
31c2330d-7789-4e88-8d02-00f5b1c5ac8a,SPY   260206C00697000,2026-02-02T15:00:00Z,2.640000,3.840000,2.620000,3.430000
31c2330d-7789-4e88-8d02-00f5b1c5ac8a,SPY   260206C00697000,2026-02-02T16:00:00Z,3.290000,3.440000,2.970000,3.430000
31c2330d-7789-4e88-8d02-00f5b1c5ac8a,SPY   260206C00697000,2026-02-02T17:00:00Z,3.550000,3.750000,3.530000,3.640000
31c2330d-7789-4e88-8d02-00f5b1c5ac8a,SPY   260206C00697000,2026-02-02T18:00:00Z,3.630000,3.770000,3.260000,3.420000
31c2330d-7789-4e88-8d02-00f5b1c5ac8a,SPY   260206C00697000,2026-02-02T19:00:00Z,3.540000,3.550000,3.540000,3.540000
31c2330d-7789-4e88-8d02-00f5b1c5ac8a,SPY   260206C00697000,2026-02-02T20:00:00Z,3.230000,3.610000,3.050000,3.190000
31c2330d-7789-4e88-8d02-00f5b1c5ac8a,SPY   260206C00697000,2026-02-03T15:00:00Z,2.230000,2.330000,1.580000,2.120000
31c2330d-7789-4e88-8d02-00f5b1c5ac8a,SPY   260206C00697000,2026-02-03T16:00:00Z,2.120000,2.130000,1.780000,1.820000
31c2330d-7789-4e88-8d02-00f5b1c5ac8a,SPY   260206C00697000,2026-02-03T17:00:00Z,1.440000,1.490000,1.010000,1.020000
31c2330d-7789-4e88-8d02-00f5b1c5ac8a,SPY   260206C00697000,2026-02-03T18:00:00Z,1.020000,1.120000,0.800000,0.820000
31c2330d-7789-4e88-8d02-00f5b1c5ac8a,SPY   260206C00697000,2026-02-03T19:00:00Z,0.830000,1.030000,0.830000,0.950000
31c2330d-7789-4e88-8d02-00f5b1c5ac8a,SPY   260206C00697000,2026-02-03T20:00:00Z,1.140000,1.160000,1.140000,1.150000
31c2330d-7789-4e88-8d02-00f5b1c5ac8a,SPY   260206C00697000,2026-02-04T15:00:00Z,0.900000,1.400000,0.710000,1.000000
31c2330d-7789-4e88-8d02-00f5b1c5ac8a,SPY   260206C00697000,2026-02-04T16:00:00Z,1.020000,1.060000,0.730000,0.890000
31c2330d-7789-4e88-8d02-00f5b1c5ac8a,SPY   260206C00697000,2026-02-04T17:00:00Z,0.640000,0.720000,0.450000,0.480000
31c2330d-7789-4e88-8d02-00f5b1c5ac8a,SPY   260206C00697000,2026-02-04T18:00:00Z,0.540000,0.610000,0.440000,0.510000
31c2330d-7789-4e88-8d02-00f5b1c5ac8a,SPY   260206C00697000,2026-02-04T19:00:00Z,0.520000,0.820000,0.460000,0.810000
31c2330d-7789-4e88-8d02-00f5b1c5ac8a,SPY   260206C00697000,2026-02-04T20:00:00Z,0.820000,0.850000,0.660000,0.660000
31c2330d-7789-4e88-8d02-00f5b1c5ac8a,SPY   260206C00697000,2026-02-05T15:00:00Z,0.160000,0.210000,0.080000,0.080000
31c2330d-7789-4e88-8d02-00f5b1c5ac8a,SPY   260206C00697000,2026-02-05T16:00:00Z,0.080000,0.100000,0.070000,0.100000
31c2330d-7789-4e88-8d02-00f5b1c5ac8a,SPY   260206C00697000,2026-02-05T17:00:00Z,0.100000,0.100000,0.100000,0.100000
31c2330d-7789-4e88-8d02-00f5b1c5ac8a,SPY   260206C00697000,2026-02-05T18:00:00Z,0.060000,0.070000,0.050000,0.050000
31c2330d-7789-4e88-8d02-00f5b1c5ac8a,SPY   260206C00697000,2026-02-05T19:00:00Z,0.050000,0.050000,0.050000,0.050000
31c2330d-7789-4e88-8d02-00f5b1c5ac8a,SPY   260206C00697000,2026-02-05T20:00:00Z,0.040000,0.040000,0.040000,0.040000
31c2330d-7789-4e88-8d02-00f5b1c5ac8a,SPY   260206C00697000,2026-02-06T15:00:00Z,0.020000,0.020000,0.020000,0.020000
31c2330d-7789-4e88-8d02-00f5b1c5ac8a,SPY   260206C00697000,2026-02-06T16:00:00Z,0.020000,0.020000,0.020000,0.020000
31c2330d-7789-4e88-8d02-00f5b1c5ac8a,SPY   260206C00697000,2026-02-06T17:00:00Z,0.020000,0.020000,0.020000,0.020000
31c2330d-7789-4e88-8d02-00f5b1c5ac8a,SPY   260206C00697000,2026-02-06T18:00:00Z,0.020000,0.020000,0.020000,0.020000
31c2330d-7789-4e88-8d02-00f5b1c5ac8a,SPY   260206C00697000,2026-02-06T19:00:00Z,0.020000,0.020000,0.020000,0.020000
31c2330d-7789-4e88-8d02-00f5b1c5ac8a,SPY   260206C00697000,2026-02-06T20:00:00Z,0.010000,0.010000,0.010000,0.010000
329d1d24-26d4-4d3e-848c-0bf64aa6c87a,SPY   260116C00697000,2026-01-12T15:00:00Z,2.240000,2.300000,1.940000,2.210000
329d1d24-26d4-4d3e-848c-0bf64aa6c87a,SPY   260116C00697000,2026-01-12T16:00:00Z,2.470000,2.540000,2.370000,2.410000
329d1d24-26d4-4d3e-848c-0bf64aa6c87a,SPY   260116C00697000,2026-01-12T17:00:00Z,2.460000,2.560000,2.230000,2.460000
329d1d24-26d4-4d3e-848c-0bf64aa6c87a,SPY   260116C00697000,2026-01-12T18:00:00Z,2.460000,2.520000,2.420000,2.520000
329d1d24-26d4-4d3e-848c-0bf64aa6c87a,SPY   260116C00697000,2026-01-12T19:00:00Z,2.660000,3.120000,2.550000,3.050000
329d1d24-26d4-4d3e-848c-0bf64aa6c87a,SPY   260116C00697000,2026-01-12T20:00:00Z,2.790000,2.810000,2.790000,2.800000
329d1d24-26d4-4d3e-848c-0bf64aa6c87a,SPY   260116C00697000,2026-01-13T15:00:00Z,2.090000,2.170000,1.400000,1.780000
329d1d24-26d4-4d3e-848c-0bf64aa6c87a,SPY   260116C00697000,2026-01-13T16:00:00Z,1.940000,1.940000,1.430000,1.870000
329d1d24-26d4-4d3e-848c-0bf64aa6c87a,SPY   260116C00697000,2026-01-13T17:00:00Z,2.120000,2.210000,1.770000,1.930000
329d1d24-26d4-4d3e-848c-0bf64aa6c87a,SPY   260116C00697000,2026-01-13T18:00:00Z,1.460000,1.670000,1.370000,1.420000
329d1d24-26d4-4d3e-848c-0bf64aa6c87a,SPY   260116C00697000,2026-01-13T19:00:00Z,1.420000,1.520000,1.320000,1.390000
329d1d24-26d4-4d3e-848c-0bf64aa6c87a,SPY   260116C00697000,2026-01-13T20:00:00Z,1.390000,1.390000,1.050000,1.340000
329d1d24-26d4-4d3e-848c-0bf64aa6c87a,SPY   260116C00697000,2026-01-14T15:00:00Z,0.710000,0.760000,0.660000,0.720000
329d1d24-26d4-4d3e-848c-0bf64aa6c87a,SPY   260116C00697000,2026-01-14T16:00:00Z,0.350000,0.490000,0.240000,0.250000
329d1d24-26d4-4d3e-848c-0bf64aa6c87a,SPY   260116C00697000,2026-01-14T17:00:00Z,0.250000,0.290000,0.220000,0.240000
329d1d24-26d4-4d3e-848c-0bf64aa6c87a,SPY   260116C00697000,2026-01-14T18:00:00Z,0.240000,0.240000,0.230000,0.230000
329d1d24-26d4-4d3e-848c-0bf64aa6c87a,SPY   260116C00697000,2026-01-14T19:00:00Z,0.300000,0.330000,0.270000,0.290000
329d1d24-26d4-4d3e-848c-0bf64aa6c87a,SPY   260116C00697000,2026-01-14T20:00:00Z,0.350000,0.350000,0.350000,0.350000
329d1d24-26d4-4d3e-848c-0bf64aa6c87a,SPY   260116C00697000,2026-01-15T15:00:00Z,0.630000,0.910000,0.490000,0.770000
329d1d24-26d4-4d3e-848c-0bf64aa6c87a,SPY   260116C00697000,2026-01-15T16:00:00Z,0.710000,0.930000,0.710000,0.820000
329d1d24-26d4-4d3e-848c-0bf64aa6c87a,SPY   260116C00697000,2026-01-15T17:00:00Z,0.810000,0.970000,0.520000,0.530000
329d1d24-26d4-4d3e-848c-0bf64aa6c87a,SPY   260116C00697000,2026-01-15T18:00:00Z,0.550000,0.660000,0.540000,0.660000
329d1d24-26d4-4d3e-848c-0bf64aa6c87a,SPY   260116C00697000,2026-01-15T19:00:00Z,0.620000,0.620000,0.420000,0.430000
329d1d24-26d4-4d3e-848c-0bf64aa6c87a,SPY   260116C00697000,2026-01-15T20:00:00Z,0.300000,0.300000,0.160000,0.170000
329d1d24-26d4-4d3e-848c-0bf64aa6c87a,SPY   260116C00697000,2026-01-16T15:00:00Z,0.070000,0.070000,0.030000,0.030000
329d1d24-26d4-4d3e-848c-0bf64aa6c87a,SPY   260116C00697000,2026-01-16T16:00:00Z,0.030000,0.030000,0.030000,0.030000
329d1d24-26d4-4d3e-848c-0bf64aa6c87a,SPY   260116C00697000,2026-01-16T17:00:00Z,0.020000,0.020000,0.020000,0.020000
329d1d24-26d4-4d3e-848c-0bf64aa6c87a,SPY   260116C00697000,2026-01-16T18:00:00Z,0.020000,0.020000,0.020000,0.020000
329d1d24-26d4-4d3e-848c-0bf64aa6c87a,SPY   260116C00697000,2026-01-16T19:00:00Z,0.020000,0.020000,0.020000,0.020000
329d1d24-26d4-4d3e-848c-0bf64aa6c87a,SPY   260116C00697000,2026-01-16T20:00:00Z,0.020000,0.020000,0.010000,0.010000
32e31efd-763d-402c-a98c-597b95c68bc4,SPY   260828C00775000,2026-08-24T14:00:00Z,0.670000,0.680000,0.670000,0.680000
32e31efd-763d-402c-a98c-597b95c68bc4,SPY   260828C00775000,2026-08-24T15:00:00Z,0.690000,0.820000,0.560000,0.770000
32e31efd-763d-402c-a98c-597b95c68bc4,SPY   260828C00775000,2026-08-24T16:00:00Z,0.770000,0.880000,0.700000,0.710000
32e31efd-763d-402c-a98c-597b95c68bc4,SPY   260828C00775000,2026-08-24T17:00:00Z,0.710000,0.710000,0.710000,0.710000
32e31efd-763d-402c-a98c-597b95c68bc4,SPY   260828C00775000,2026-08-24T18:00:00Z,0.550000,0.790000,0.550000,0.640000
32e31efd-763d-402c-a98c-597b95c68bc4,SPY   260828C00775000,2026-08-24T19:00:00Z,0.600000,0.640000,0.580000,0.610000
32e31efd-763d-402c-a98c-597b95c68bc4,SPY   260828C00775000,2026-08-25T14:00:00Z,0.820000,0.840000,0.510000,0.620000
32e31efd-763d-402c-a98c-597b95c68bc4,SPY   260828C00775000,2026-08-25T15:00:00Z,0.620000,0.700000,0.560000,0.670000
32e31efd-763d-402c-a98c-597b95c68bc4,SPY   260828C00775000,2026-08-25T16:00:00Z,0.670000,0.740000,0.630000,0.680000
32e31efd-763d-402c-a98c-597b95c68bc4,SPY   260828C00775000,2026-08-25T17:00:00Z,0.690000,0.700000,0.530000,0.560000
32e31efd-763d-402c-a98c-597b95c68bc4,SPY   260828C00775000,2026-08-25T18:00:00Z,0.560000,0.680000,0.520000,0.640000
32e31efd-763d-402c-a98c-597b95c68bc4,SPY   260828C00775000,2026-08-25T19:00:00Z,0.580000,0.730000,0.570000,0.710000
32e31efd-763d-402c-a98c-597b95c68bc4,SPY   260828C00775000,2026-08-26T14:00:00Z,0.540000,0.560000,0.540000,0.560000
32e31efd-763d-402c-a98c-597b95c68bc4,SPY   260828C00775000,2026-08-26T15:00:00Z,0.600000,0.600000,0.590000,0.590000
32e31efd-763d-402c-a98c-597b95c68bc4,SPY   260828C00775000,2026-08-26T16:00:00Z,0.520000,0.540000,0.380000,0.440000
32e31efd-763d-402c-a98c-597b95c68bc4,SPY   260828C00775000,2026-08-26T17:00:00Z,0.450000,0.540000,0.430000,0.510000
32e31efd-763d-402c-a98c-597b95c68bc4,SPY   260828C00775000,2026-08-26T18:00:00Z,0.510000,0.640000,0.460000,0.620000
32e31efd-763d-402c-a98c-597b95c68bc4,SPY   260828C00775000,2026-08-26T19:00:00Z,0.620000,0.780000,0.530000,0.560000
32e31efd-763d-402c-a98c-597b95c68bc4,SPY   260828C00775000,2026-08-27T14:00:00Z,0.420000,0.650000,0.360000,0.630000
32e31efd-763d-402c-a98c-597b95c68bc4,SPY   260828C00775000,2026-08-27T15:00:00Z,0.790000,0.830000,0.730000,0.770000
32e31efd-763d-402c-a98c-597b95c68bc4,SPY   260828C00775000,2026-08-27T16:00:00Z,0.680000,1.060000,0.620000,1.050000
32e31efd-763d-402c-a98c-597b95c68bc4,SPY   260828C00775000,2026-08-27T17:00:00Z,1.060000,1.180000,0.770000,0.790000
32e31efd-763d-402c-a98c-597b95c68bc4,SPY   260828C00775000,2026-08-27T18:00:00Z,0.790000,0.830000,0.420000,0.470000
32e31efd-763d-402c-a98c-597b95c68bc4,SPY   260828C00775000,2026-08-27T19:00:00Z,0.470000,0.670000,0.430000,0.610000
32e31efd-763d-402c-a98c-597b95c68bc4,SPY   260828C00775000,2026-08-28T14:00:00Z,0.450000,0.950000,0.140000,0.950000
32e31efd-763d-402c-a98c-597b95c68bc4,SPY   260828C00775000,2026-08-28T15:00:00Z,1.030000,1.240000,0.090000,0.100000
32e31efd-763d-402c-a98c-597b95c68bc4,SPY   260828C00775000,2026-08-28T16:00:00Z,0.100000,0.110000,0.050000,0.050000
32e31efd-763d-402c-a98c-597b95c68bc4,SPY   260828C00775000,2026-08-28T17:00:00Z,0.050000,0.050000,0.030000,0.030000
32e31efd-763d-402c-a98c-597b95c68bc4,SPY   260828C00775000,2026-08-28T18:00:00Z,0.030000,0.030000,0.020000,0.020000
32e31efd-763d-402c-a98c-597b95c68bc4,SPY   260828C00775000,2026-08-28T19:00:00Z,0.020000,0.020000,0.010000,0.010000
34fb787e-72f1-48bd-8f3b-2d65fab44330,SPY   260807P00735000,2026-07-27T14:00:00Z,5.590000,5.790000,5.370000,5.410000
34fb787e-72f1-48bd-8f3b-2d65fab44330,SPY   260807P00735000,2026-07-27T15:00:00Z,6.260000,7.930000,5.990000,7.260000
34fb787e-72f1-48bd-8f3b-2d65fab44330,SPY   260807P00735000,2026-07-27T16:00:00Z,7.230000,7.600000,6.320000,6.740000
34fb787e-72f1-48bd-8f3b-2d65fab44330,SPY   260807P00735000,2026-07-27T17:00:00Z,7.490000,8.110000,7.070000,7.080000
34fb787e-72f1-48bd-8f3b-2d65fab44330,SPY   260807P00735000,2026-07-27T18:00:00Z,7.040000,7.680000,6.440000,6.540000
34fb787e-72f1-48bd-8f3b-2d65fab44330,SPY   260807P00735000,2026-07-27T19:00:00Z,6.530000,6.780000,6.150000,6.670000
34fb787e-72f1-48bd-8f3b-2d65fab44330,SPY   260807P00735000,2026-07-28T14:00:00Z,7.450000,7.450000,5.670000,6.190000
34fb787e-72f1-48bd-8f3b-2d65fab44330,SPY   260807P00735000,2026-07-28T15:00:00Z,6.180000,6.500000,5.770000,5.780000
34fb787e-72f1-48bd-8f3b-2d65fab44330,SPY   260807P00735000,2026-07-28T16:00:00Z,4.800000,5.300000,4.630000,4.690000
34fb787e-72f1-48bd-8f3b-2d65fab44330,SPY   260807P00735000,2026-07-28T17:00:00Z,4.690000,5.540000,4.640000,5.250000
34fb787e-72f1-48bd-8f3b-2d65fab44330,SPY   260807P00735000,2026-07-28T18:00:00Z,5.240000,5.590000,5.070000,5.130000
34fb787e-72f1-48bd-8f3b-2d65fab44330,SPY   260807P00735000,2026-07-28T19:00:00Z,5.120000,5.280000,4.970000,5.170000
34fb787e-72f1-48bd-8f3b-2d65fab44330,SPY   260807P00735000,2026-07-29T14:00:00Z,7.050000,8.570000,6.910000,8.000000
34fb787e-72f1-48bd-8f3b-2d65fab44330,SPY   260807P00735000,2026-07-29T15:00:00Z,8.010000,8.940000,7.510000,8.460000
34fb787e-72f1-48bd-8f3b-2d65fab44330,SPY   260807P00735000,2026-07-29T16:00:00Z,9.100000,9.570000,8.460000,8.630000
34fb787e-72f1-48bd-8f3b-2d65fab44330,SPY   260807P00735000,2026-07-29T17:00:00Z,7.870000,8.000000,6.840000,7.190000
34fb787e-72f1-48bd-8f3b-2d65fab44330,SPY   260807P00735000,2026-07-29T18:00:00Z,6.200000,6.270000,6.060000,6.270000
34fb787e-72f1-48bd-8f3b-2d65fab44330,SPY   260807P00735000,2026-07-29T19:00:00Z,4.380000,10.040000,4.210000,9.880000
34fb787e-72f1-48bd-8f3b-2d65fab44330,SPY   260807P00735000,2026-07-30T14:00:00Z,5.120000,6.180000,4.760000,6.150000
34fb787e-72f1-48bd-8f3b-2d65fab44330,SPY   260807P00735000,2026-07-30T15:00:00Z,6.130000,7.000000,5.450000,5.660000
34fb787e-72f1-48bd-8f3b-2d65fab44330,SPY   260807P00735000,2026-07-30T16:00:00Z,5.670000,5.790000,4.770000,4.820000
34fb787e-72f1-48bd-8f3b-2d65fab44330,SPY   260807P00735000,2026-07-30T17:00:00Z,4.820000,4.820000,4.270000,4.430000
34fb787e-72f1-48bd-8f3b-2d65fab44330,SPY   260807P00735000,2026-07-30T18:00:00Z,4.450000,4.510000,3.940000,3.970000
34fb787e-72f1-48bd-8f3b-2d65fab44330,SPY   260807P00735000,2026-07-30T19:00:00Z,3.960000,3.970000,3.510000,3.710000
34fb787e-72f1-48bd-8f3b-2d65fab44330,SPY   260807P00735000,2026-07-31T14:00:00Z,3.600000,5.250000,3.430000,3.540000
34fb787e-72f1-48bd-8f3b-2d65fab44330,SPY   260807P00735000,2026-07-31T15:00:00Z,3.330000,4.100000,2.800000,2.890000
34fb787e-72f1-48bd-8f3b-2d65fab44330,SPY   260807P00735000,2026-07-31T16:00:00Z,2.890000,3.120000,2.340000,2.420000
34fb787e-72f1-48bd-8f3b-2d65fab44330,SPY   260807P00735000,2026-07-31T17:00:00Z,2.420000,2.440000,1.920000,2.140000
34fb787e-72f1-48bd-8f3b-2d65fab44330,SPY   260807P00735000,2026-07-31T18:00:00Z,2.140000,2.180000,1.820000,1.880000
34fb787e-72f1-48bd-8f3b-2d65fab44330,SPY   260807P00735000,2026-07-31T19:00:00Z,1.890000,1.990000,1.320000,1.430000
34fb787e-72f1-48bd-8f3b-2d65fab44330,SPY   260807P00735000,2026-08-03T14:00:00Z,0.700000,0.700000,0.430000,0.450000
34fb787e-72f1-48bd-8f3b-2d65fab44330,SPY   260807P00735000,2026-08-03T15:00:00Z,0.410000,0.420000,0.350000,0.360000
34fb787e-72f1-48bd-8f3b-2d65fab44330,SPY   260807P00735000,2026-08-03T16:00:00Z,0.360000,0.360000,0.310000,0.310000
34fb787e-72f1-48bd-8f3b-2d65fab44330,SPY   260807P00735000,2026-08-03T17:00:00Z,0.330000,0.330000,0.300000,0.300000
34fb787e-72f1-48bd-8f3b-2d65fab44330,SPY   260807P00735000,2026-08-03T18:00:00Z,0.300000,0.310000,0.280000,0.290000
34fb787e-72f1-48bd-8f3b-2d65fab44330,SPY   260807P00735000,2026-08-03T19:00:00Z,0.290000,0.320000,0.280000,0.310000
34fb787e-72f1-48bd-8f3b-2d65fab44330,SPY   260807P00735000,2026-08-04T14:00:00Z,0.160000,0.160000,0.140000,0.140000
34fb787e-72f1-48bd-8f3b-2d65fab44330,SPY   260807P00735000,2026-08-04T15:00:00Z,0.140000,0.160000,0.140000,0.150000
34fb787e-72f1-48bd-8f3b-2d65fab44330,SPY   260807P00735000,2026-08-04T16:00:00Z,0.150000,0.150000,0.140000,0.140000
34fb787e-72f1-48bd-8f3b-2d65fab44330,SPY   260807P00735000,2026-08-04T17:00:00Z,0.140000,0.150000,0.140000,0.150000
34fb787e-72f1-48bd-8f3b-2d65fab44330,SPY   260807P00735000,2026-08-04T18:00:00Z,0.150000,0.160000,0.130000,0.130000
34fb787e-72f1-48bd-8f3b-2d65fab44330,SPY   260807P00735000,2026-08-04T19:00:00Z,0.130000,0.150000,0.120000,0.140000
34fb787e-72f1-48bd-8f3b-2d65fab44330,SPY   260807P00735000,2026-08-05T14:00:00Z,0.090000,0.090000,0.080000,0.080000
34fb787e-72f1-48bd-8f3b-2d65fab44330,SPY   260807P00735000,2026-08-05T15:00:00Z,0.080000,0.080000,0.080000,0.080000
34fb787e-72f1-48bd-8f3b-2d65fab44330,SPY   260807P00735000,2026-08-05T16:00:00Z,0.090000,0.100000,0.070000,0.070000
34fb787e-72f1-48bd-8f3b-2d65fab44330,SPY   260807P00735000,2026-08-05T17:00:00Z,0.070000,0.070000,0.070000,0.070000
34fb787e-72f1-48bd-8f3b-2d65fab44330,SPY   260807P00735000,2026-08-05T18:00:00Z,0.070000,0.070000,0.060000,0.060000
34fb787e-72f1-48bd-8f3b-2d65fab44330,SPY   260807P00735000,2026-08-05T19:00:00Z,0.060000,0.060000,0.040000,0.040000
34fb787e-72f1-48bd-8f3b-2d65fab44330,SPY   260807P00735000,2026-08-06T14:00:00Z,0.040000,0.040000,0.030000,0.030000
34fb787e-72f1-48bd-8f3b-2d65fab44330,SPY   260807P00735000,2026-08-06T15:00:00Z,0.030000,0.030000,0.030000,0.030000
34fb787e-72f1-48bd-8f3b-2d65fab44330,SPY   260807P00735000,2026-08-06T16:00:00Z,0.030000,0.030000,0.030000,0.030000
34fb787e-72f1-48bd-8f3b-2d65fab44330,SPY   260807P00735000,2026-08-06T17:00:00Z,0.030000,0.030000,0.030000,0.030000
34fb787e-72f1-48bd-8f3b-2d65fab44330,SPY   260807P00735000,2026-08-06T18:00:00Z,0.030000,0.030000,0.020000,0.020000
34fb787e-72f1-48bd-8f3b-2d65fab44330,SPY   260807P00735000,2026-08-06T19:00:00Z,0.020000,0.020000,0.020000,0.020000
34fb787e-72f1-48bd-8f3b-2d65fab44330,SPY   260807P00735000,2026-08-07T14:00:00Z,0.010000,0.010000,0.010000,0.010000
34fb787e-72f1-48bd-8f3b-2d65fab44330,SPY   260807P00735000,2026-08-07T15:00:00Z,0.010000,0.010000,0.010000,0.010000
34fb787e-72f1-48bd-8f3b-2d65fab44330,SPY   260807P00735000,2026-08-07T16:00:00Z,0.010000,0.010000,0.010000,0.010000
34fb787e-72f1-48bd-8f3b-2d65fab44330,SPY   260807P00735000,2026-08-07T17:00:00Z,0.010000,0.010000,0.010000,0.010000
34fb787e-72f1-48bd-8f3b-2d65fab44330,SPY   260807P00735000,2026-08-07T18:00:00Z,0.010000,0.010000,0.010000,0.010000
34fb787e-72f1-48bd-8f3b-2d65fab44330,SPY   260807P00735000,2026-08-07T19:00:00Z,0.010000,0.010000,0.010000,0.010000
36cd56bc-ee73-46fd-9051-7b1f4acd4eed,SPY   260424P00688000,2026-04-20T14:00:00Z,0.820000,1.180000,0.820000,1.080000
36cd56bc-ee73-46fd-9051-7b1f4acd4eed,SPY   260424P00688000,2026-04-20T15:00:00Z,0.930000,1.010000,0.910000,0.980000
36cd56bc-ee73-46fd-9051-7b1f4acd4eed,SPY   260424P00688000,2026-04-20T16:00:00Z,0.930000,0.990000,0.840000,0.840000
36cd56bc-ee73-46fd-9051-7b1f4acd4eed,SPY   260424P00688000,2026-04-20T17:00:00Z,0.780000,0.820000,0.680000,0.780000
36cd56bc-ee73-46fd-9051-7b1f4acd4eed,SPY   260424P00688000,2026-04-20T18:00:00Z,0.760000,0.760000,0.690000,0.690000
36cd56bc-ee73-46fd-9051-7b1f4acd4eed,SPY   260424P00688000,2026-04-20T19:00:00Z,0.700000,0.790000,0.670000,0.720000
36cd56bc-ee73-46fd-9051-7b1f4acd4eed,SPY   260424P00688000,2026-04-21T14:00:00Z,0.540000,0.800000,0.450000,0.790000
36cd56bc-ee73-46fd-9051-7b1f4acd4eed,SPY   260424P00688000,2026-04-21T15:00:00Z,0.790000,0.990000,0.700000,0.890000
36cd56bc-ee73-46fd-9051-7b1f4acd4eed,SPY   260424P00688000,2026-04-21T16:00:00Z,0.980000,1.110000,0.860000,1.030000
36cd56bc-ee73-46fd-9051-7b1f4acd4eed,SPY   260424P00688000,2026-04-21T17:00:00Z,1.200000,1.400000,0.900000,1.010000
36cd56bc-ee73-46fd-9051-7b1f4acd4eed,SPY   260424P00688000,2026-04-21T18:00:00Z,1.010000,1.140000,0.920000,1.060000
36cd56bc-ee73-46fd-9051-7b1f4acd4eed,SPY   260424P00688000,2026-04-21T19:00:00Z,0.790000,0.840000,0.720000,0.780000
36cd56bc-ee73-46fd-9051-7b1f4acd4eed,SPY   260424P00688000,2026-04-22T14:00:00Z,0.270000,0.290000,0.220000,0.220000
36cd56bc-ee73-46fd-9051-7b1f4acd4eed,SPY   260424P00688000,2026-04-22T15:00:00Z,0.220000,0.270000,0.220000,0.260000
36cd56bc-ee73-46fd-9051-7b1f4acd4eed,SPY   260424P00688000,2026-04-22T16:00:00Z,0.260000,0.270000,0.260000,0.270000
36cd56bc-ee73-46fd-9051-7b1f4acd4eed,SPY   260424P00688000,2026-04-22T17:00:00Z,0.240000,0.250000,0.200000,0.220000
36cd56bc-ee73-46fd-9051-7b1f4acd4eed,SPY   260424P00688000,2026-04-22T18:00:00Z,0.220000,0.220000,0.180000,0.180000
36cd56bc-ee73-46fd-9051-7b1f4acd4eed,SPY   260424P00688000,2026-04-22T19:00:00Z,0.200000,0.200000,0.130000,0.130000
36cd56bc-ee73-46fd-9051-7b1f4acd4eed,SPY   260424P00688000,2026-04-23T14:00:00Z,0.080000,0.090000,0.080000,0.080000
36cd56bc-ee73-46fd-9051-7b1f4acd4eed,SPY   260424P00688000,2026-04-23T15:00:00Z,0.070000,0.070000,0.070000,0.070000
36cd56bc-ee73-46fd-9051-7b1f4acd4eed,SPY   260424P00688000,2026-04-23T16:00:00Z,0.070000,0.080000,0.060000,0.060000
36cd56bc-ee73-46fd-9051-7b1f4acd4eed,SPY   260424P00688000,2026-04-23T17:00:00Z,0.060000,0.110000,0.060000,0.110000
36cd56bc-ee73-46fd-9051-7b1f4acd4eed,SPY   260424P00688000,2026-04-23T18:00:00Z,0.190000,0.190000,0.100000,0.140000
36cd56bc-ee73-46fd-9051-7b1f4acd4eed,SPY   260424P00688000,2026-04-23T19:00:00Z,0.140000,0.150000,0.060000,0.060000
36cd56bc-ee73-46fd-9051-7b1f4acd4eed,SPY   260424P00688000,2026-04-24T14:00:00Z,0.020000,0.020000,0.020000,0.020000
36cd56bc-ee73-46fd-9051-7b1f4acd4eed,SPY   260424P00688000,2026-04-24T15:00:00Z,0.020000,0.020000,0.020000,0.020000
36cd56bc-ee73-46fd-9051-7b1f4acd4eed,SPY   260424P00688000,2026-04-24T16:00:00Z,0.020000,0.020000,0.020000,0.020000
36cd56bc-ee73-46fd-9051-7b1f4acd4eed,SPY   260424P00688000,2026-04-24T17:00:00Z,0.020000,0.020000,0.020000,0.020000
36cd56bc-ee73-46fd-9051-7b1f4acd4eed,SPY   260424P00688000,2026-04-24T18:00:00Z,0.020000,0.020000,0.020000,0.020000
36cd56bc-ee73-46fd-9051-7b1f4acd4eed,SPY   260424P00688000,2026-04-24T19:00:00Z,0.020000,0.020000,0.020000,0.020000
36dacaf7-358f-4a44-bdd3-265d8d8a380a,SPY   260417C00697000,2026-04-07T14:00:00Z,0.130000,0.130000,0.120000,0.120000
36dacaf7-358f-4a44-bdd3-265d8d8a380a,SPY   260417C00697000,2026-04-07T15:00:00Z,0.140000,0.140000,0.140000,0.140000
36dacaf7-358f-4a44-bdd3-265d8d8a380a,SPY   260417C00697000,2026-04-07T16:00:00Z,0.130000,0.170000,0.130000,0.150000
36dacaf7-358f-4a44-bdd3-265d8d8a380a,SPY   260417C00697000,2026-04-07T17:00:00Z,0.160000,0.160000,0.160000,0.160000
36dacaf7-358f-4a44-bdd3-265d8d8a380a,SPY   260417C00697000,2026-04-07T18:00:00Z,0.130000,0.130000,0.130000,0.130000
36dacaf7-358f-4a44-bdd3-265d8d8a380a,SPY   260417C00697000,2026-04-07T19:00:00Z,0.100000,0.120000,0.090000,0.120000
36dacaf7-358f-4a44-bdd3-265d8d8a380a,SPY   260417C00697000,2026-04-08T14:00:00Z,0.320000,0.330000,0.320000,0.330000
36dacaf7-358f-4a44-bdd3-265d8d8a380a,SPY   260417C00697000,2026-04-08T15:00:00Z,0.300000,0.350000,0.280000,0.340000
36dacaf7-358f-4a44-bdd3-265d8d8a380a,SPY   260417C00697000,2026-04-08T16:00:00Z,0.340000,0.390000,0.340000,0.380000
36dacaf7-358f-4a44-bdd3-265d8d8a380a,SPY   260417C00697000,2026-04-08T17:00:00Z,0.390000,0.400000,0.370000,0.370000
36dacaf7-358f-4a44-bdd3-265d8d8a380a,SPY   260417C00697000,2026-04-08T18:00:00Z,0.430000,0.450000,0.350000,0.350000
36dacaf7-358f-4a44-bdd3-265d8d8a380a,SPY   260417C00697000,2026-04-08T19:00:00Z,0.350000,0.440000,0.310000,0.440000
36dacaf7-358f-4a44-bdd3-265d8d8a380a,SPY   260417C00697000,2026-04-09T14:00:00Z,0.340000,0.340000,0.250000,0.280000
36dacaf7-358f-4a44-bdd3-265d8d8a380a,SPY   260417C00697000,2026-04-09T15:00:00Z,0.280000,0.440000,0.260000,0.420000
36dacaf7-358f-4a44-bdd3-265d8d8a380a,SPY   260417C00697000,2026-04-09T16:00:00Z,0.430000,0.590000,0.430000,0.530000
36dacaf7-358f-4a44-bdd3-265d8d8a380a,SPY   260417C00697000,2026-04-09T17:00:00Z,0.530000,0.630000,0.480000,0.590000
36dacaf7-358f-4a44-bdd3-265d8d8a380a,SPY   260417C00697000,2026-04-09T18:00:00Z,0.590000,0.590000,0.380000,0.380000
36dacaf7-358f-4a44-bdd3-265d8d8a380a,SPY   260417C00697000,2026-04-09T19:00:00Z,0.480000,0.480000,0.470000,0.470000
36dacaf7-358f-4a44-bdd3-265d8d8a380a,SPY   260417C00697000,2026-04-10T14:00:00Z,0.400000,0.450000,0.360000,0.440000
36dacaf7-358f-4a44-bdd3-265d8d8a380a,SPY   260417C00697000,2026-04-10T15:00:00Z,0.440000,0.490000,0.390000,0.400000
36dacaf7-358f-4a44-bdd3-265d8d8a380a,SPY   260417C00697000,2026-04-10T16:00:00Z,0.400000,0.420000,0.370000,0.400000
36dacaf7-358f-4a44-bdd3-265d8d8a380a,SPY   260417C00697000,2026-04-10T17:00:00Z,0.400000,0.400000,0.350000,0.360000
36dacaf7-358f-4a44-bdd3-265d8d8a380a,SPY   260417C00697000,2026-04-10T18:00:00Z,0.350000,0.350000,0.250000,0.250000
36dacaf7-358f-4a44-bdd3-265d8d8a380a,SPY   260417C00697000,2026-04-10T19:00:00Z,0.250000,0.300000,0.220000,0.220000
36dacaf7-358f-4a44-bdd3-265d8d8a380a,SPY   260417C00697000,2026-04-13T14:00:00Z,0.170000,0.180000,0.160000,0.170000
36dacaf7-358f-4a44-bdd3-265d8d8a380a,SPY   260417C00697000,2026-04-13T15:00:00Z,0.180000,0.180000,0.170000,0.170000
36dacaf7-358f-4a44-bdd3-265d8d8a380a,SPY   260417C00697000,2026-04-13T16:00:00Z,0.180000,0.390000,0.180000,0.360000
36dacaf7-358f-4a44-bdd3-265d8d8a380a,SPY   260417C00697000,2026-04-13T17:00:00Z,0.370000,0.400000,0.290000,0.310000
36dacaf7-358f-4a44-bdd3-265d8d8a380a,SPY   260417C00697000,2026-04-13T18:00:00Z,0.310000,0.400000,0.310000,0.380000
36dacaf7-358f-4a44-bdd3-265d8d8a380a,SPY   260417C00697000,2026-04-13T19:00:00Z,0.380000,0.630000,0.330000,0.630000
36dacaf7-358f-4a44-bdd3-265d8d8a380a,SPY   260417C00697000,2026-04-14T14:00:00Z,0.920000,1.180000,0.920000,1.180000
36dacaf7-358f-4a44-bdd3-265d8d8a380a,SPY   260417C00697000,2026-04-14T15:00:00Z,1.400000,2.040000,1.270000,1.960000
36dacaf7-358f-4a44-bdd3-265d8d8a380a,SPY   260417C00697000,2026-04-14T16:00:00Z,1.950000,2.280000,1.910000,1.940000
36dacaf7-358f-4a44-bdd3-265d8d8a380a,SPY   260417C00697000,2026-04-14T17:00:00Z,1.940000,2.420000,1.940000,2.230000
36dacaf7-358f-4a44-bdd3-265d8d8a380a,SPY   260417C00697000,2026-04-14T18:00:00Z,2.240000,2.340000,1.710000,1.850000
36dacaf7-358f-4a44-bdd3-265d8d8a380a,SPY   260417C00697000,2026-04-14T19:00:00Z,1.840000,2.610000,1.820000,2.240000
36dacaf7-358f-4a44-bdd3-265d8d8a380a,SPY   260417C00697000,2026-04-15T14:00:00Z,2.260000,2.870000,2.200000,2.820000
36dacaf7-358f-4a44-bdd3-265d8d8a380a,SPY   260417C00697000,2026-04-15T15:00:00Z,2.900000,3.460000,2.820000,3.220000
36dacaf7-358f-4a44-bdd3-265d8d8a380a,SPY   260417C00697000,2026-04-15T16:00:00Z,3.220000,3.570000,2.620000,2.950000
36dacaf7-358f-4a44-bdd3-265d8d8a380a,SPY   260417C00697000,2026-04-15T17:00:00Z,2.950000,3.460000,2.900000,3.380000
36dacaf7-358f-4a44-bdd3-265d8d8a380a,SPY   260417C00697000,2026-04-15T18:00:00Z,3.770000,3.770000,3.720000,3.720000
36dacaf7-358f-4a44-bdd3-265d8d8a380a,SPY   260417C00697000,2026-04-15T19:00:00Z,4.800000,5.230000,4.630000,5.110000
36dacaf7-358f-4a44-bdd3-265d8d8a380a,SPY   260417C00697000,2026-04-16T14:00:00Z,4.370000,4.690000,3.820000,4.620000
36dacaf7-358f-4a44-bdd3-265d8d8a380a,SPY   260417C00697000,2026-04-16T15:00:00Z,4.590000,6.340000,4.590000,6.310000
36dacaf7-358f-4a44-bdd3-265d8d8a380a,SPY   260417C00697000,2026-04-16T16:00:00Z,6.320000,6.510000,6.180000,6.320000
36dacaf7-358f-4a44-bdd3-265d8d8a380a,SPY   260417C00697000,2026-04-16T17:00:00Z,5.240000,5.620000,4.520000,4.950000
36dacaf7-358f-4a44-bdd3-265d8d8a380a,SPY   260417C00697000,2026-04-16T18:00:00Z,5.220000,5.260000,4.050000,4.540000
36dacaf7-358f-4a44-bdd3-265d8d8a380a,SPY   260417C00697000,2026-04-16T19:00:00Z,4.900000,6.000000,4.770000,5.480000
36dacaf7-358f-4a44-bdd3-265d8d8a380a,SPY   260417C00697000,2026-04-17T14:00:00Z,11.820000,12.350000,11.400000,12.280000
36dacaf7-358f-4a44-bdd3-265d8d8a380a,SPY   260417C00697000,2026-04-17T15:00:00Z,14.070000,14.270000,14.070000,14.120000
36dacaf7-358f-4a44-bdd3-265d8d8a380a,SPY   260417C00697000,2026-04-17T16:00:00Z,14.350000,14.410000,14.310000,14.400000
36dacaf7-358f-4a44-bdd3-265d8d8a380a,SPY   260417C00697000,2026-04-17T17:00:00Z,14.940000,15.110000,12.210000,13.340000
36dacaf7-358f-4a44-bdd3-265d8d8a380a,SPY   260417C00697000,2026-04-17T18:00:00Z,13.370000,13.520000,12.220000,12.680000
36dacaf7-358f-4a44-bdd3-265d8d8a380a,SPY   260417C00697000,2026-04-17T19:00:00Z,12.790000,13.330000,12.020000,13.010000
3888564f-cf10-47a1-93ca-057b3c21f40c,SPY   251010C00681000,2025-10-06T14:00:00Z,0.230000,0.250000,0.210000,0.230000
3888564f-cf10-47a1-93ca-057b3c21f40c,SPY   251010C00681000,2025-10-06T15:00:00Z,0.240000,0.250000,0.240000,0.250000
3888564f-cf10-47a1-93ca-057b3c21f40c,SPY   251010C00681000,2025-10-06T16:00:00Z,0.300000,0.300000,0.250000,0.280000
3888564f-cf10-47a1-93ca-057b3c21f40c,SPY   251010C00681000,2025-10-06T17:00:00Z,0.280000,0.320000,0.250000,0.320000
3888564f-cf10-47a1-93ca-057b3c21f40c,SPY   251010C00681000,2025-10-06T18:00:00Z,0.320000,0.350000,0.270000,0.270000
3888564f-cf10-47a1-93ca-057b3c21f40c,SPY   251010C00681000,2025-10-06T19:00:00Z,0.270000,0.270000,0.220000,0.240000
3888564f-cf10-47a1-93ca-057b3c21f40c,SPY   251010C00681000,2025-10-07T14:00:00Z,0.210000,0.220000,0.140000,0.140000
3888564f-cf10-47a1-93ca-057b3c21f40c,SPY   251010C00681000,2025-10-07T15:00:00Z,0.140000,0.140000,0.110000,0.120000
3888564f-cf10-47a1-93ca-057b3c21f40c,SPY   251010C00681000,2025-10-07T16:00:00Z,0.110000,0.110000,0.110000,0.110000
3888564f-cf10-47a1-93ca-057b3c21f40c,SPY   251010C00681000,2025-10-07T17:00:00Z,0.100000,0.110000,0.090000,0.090000
3888564f-cf10-47a1-93ca-057b3c21f40c,SPY   251010C00681000,2025-10-07T18:00:00Z,0.090000,0.090000,0.070000,0.070000
3888564f-cf10-47a1-93ca-057b3c21f40c,SPY   251010C00681000,2025-10-07T19:00:00Z,0.070000,0.070000,0.070000,0.070000
3888564f-cf10-47a1-93ca-057b3c21f40c,SPY   251010C00681000,2025-10-08T14:00:00Z,0.050000,0.080000,0.050000,0.050000
3888564f-cf10-47a1-93ca-057b3c21f40c,SPY   251010C00681000,2025-10-08T15:00:00Z,0.050000,0.080000,0.050000,0.070000
3888564f-cf10-47a1-93ca-057b3c21f40c,SPY   251010C00681000,2025-10-08T16:00:00Z,0.070000,0.080000,0.070000,0.070000
3888564f-cf10-47a1-93ca-057b3c21f40c,SPY   251010C00681000,2025-10-08T17:00:00Z,0.070000,0.080000,0.070000,0.070000
3888564f-cf10-47a1-93ca-057b3c21f40c,SPY   251010C00681000,2025-10-08T18:00:00Z,0.070000,0.070000,0.070000,0.070000
3888564f-cf10-47a1-93ca-057b3c21f40c,SPY   251010C00681000,2025-10-08T19:00:00Z,0.060000,0.060000,0.050000,0.050000
3888564f-cf10-47a1-93ca-057b3c21f40c,SPY   251010C00681000,2025-10-09T14:00:00Z,0.030000,0.030000,0.030000,0.030000
3888564f-cf10-47a1-93ca-057b3c21f40c,SPY   251010C00681000,2025-10-09T15:00:00Z,0.030000,0.030000,0.030000,0.030000
3888564f-cf10-47a1-93ca-057b3c21f40c,SPY   251010C00681000,2025-10-09T16:00:00Z,0.030000,0.030000,0.030000,0.030000
3888564f-cf10-47a1-93ca-057b3c21f40c,SPY   251010C00681000,2025-10-09T17:00:00Z,0.030000,0.030000,0.030000,0.030000
3888564f-cf10-47a1-93ca-057b3c21f40c,SPY   251010C00681000,2025-10-09T18:00:00Z,0.030000,0.030000,0.030000,0.030000
3888564f-cf10-47a1-93ca-057b3c21f40c,SPY   251010C00681000,2025-10-09T19:00:00Z,0.030000,0.030000,0.020000,0.020000
3888564f-cf10-47a1-93ca-057b3c21f40c,SPY   251010C00681000,2025-10-10T14:00:00Z,0.010000,0.010000,0.010000,0.010000
3888564f-cf10-47a1-93ca-057b3c21f40c,SPY   251010C00681000,2025-10-10T15:00:00Z,0.010000,0.010000,0.010000,0.010000
3888564f-cf10-47a1-93ca-057b3c21f40c,SPY   251010C00681000,2025-10-10T16:00:00Z,0.010000,0.010000,0.010000,0.010000
3888564f-cf10-47a1-93ca-057b3c21f40c,SPY   251010C00681000,2025-10-10T17:00:00Z,0.010000,0.010000,0.010000,0.010000
3888564f-cf10-47a1-93ca-057b3c21f40c,SPY   251010C00681000,2025-10-10T18:00:00Z,0.010000,0.010000,0.010000,0.010000
3888564f-cf10-47a1-93ca-057b3c21f40c,SPY   251010C00681000,2025-10-10T19:00:00Z,0.010000,0.010000,0.010000,0.010000
3ab85777-907e-421d-8792-b69d40608eec,SPY   260402P00621000,2026-03-23T14:00:00Z,1.850000,2.050000,1.630000,1.730000
3ab85777-907e-421d-8792-b69d40608eec,SPY   260402P00621000,2026-03-23T15:00:00Z,1.720000,2.210000,1.670000,2.190000
3ab85777-907e-421d-8792-b69d40608eec,SPY   260402P00621000,2026-03-23T16:00:00Z,2.610000,2.680000,2.340000,2.590000
3ab85777-907e-421d-8792-b69d40608eec,SPY   260402P00621000,2026-03-23T17:00:00Z,2.170000,2.180000,2.140000,2.160000
3ab85777-907e-421d-8792-b69d40608eec,SPY   260402P00621000,2026-03-23T18:00:00Z,2.190000,2.210000,2.080000,2.150000
3ab85777-907e-421d-8792-b69d40608eec,SPY   260402P00621000,2026-03-23T19:00:00Z,2.110000,2.410000,2.030000,2.390000
3ab85777-907e-421d-8792-b69d40608eec,SPY   260402P00621000,2026-03-24T14:00:00Z,2.860000,2.890000,2.120000,2.260000
3ab85777-907e-421d-8792-b69d40608eec,SPY   260402P00621000,2026-03-24T15:00:00Z,2.180000,2.200000,2.110000,2.120000
3ab85777-907e-421d-8792-b69d40608eec,SPY   260402P00621000,2026-03-24T16:00:00Z,2.100000,2.340000,2.100000,2.190000
3ab85777-907e-421d-8792-b69d40608eec,SPY   260402P00621000,2026-03-24T17:00:00Z,2.520000,2.700000,2.370000,2.560000
3ab85777-907e-421d-8792-b69d40608eec,SPY   260402P00621000,2026-03-24T18:00:00Z,2.300000,2.370000,2.240000,2.330000
3ab85777-907e-421d-8792-b69d40608eec,SPY   260402P00621000,2026-03-24T19:00:00Z,2.190000,2.530000,2.030000,2.490000
3ab85777-907e-421d-8792-b69d40608eec,SPY   260402P00621000,2026-03-25T14:00:00Z,1.900000,2.050000,1.420000,1.470000
3ab85777-907e-421d-8792-b69d40608eec,SPY   260402P00621000,2026-03-25T15:00:00Z,2.020000,2.030000,2.020000,2.020000
3ab85777-907e-421d-8792-b69d40608eec,SPY   260402P00621000,2026-03-25T16:00:00Z,1.670000,1.830000,1.490000,1.510000
3ab85777-907e-421d-8792-b69d40608eec,SPY   260402P00621000,2026-03-25T17:00:00Z,1.500000,1.560000,1.320000,1.440000
3ab85777-907e-421d-8792-b69d40608eec,SPY   260402P00621000,2026-03-25T18:00:00Z,1.380000,1.410000,1.340000,1.390000
3ab85777-907e-421d-8792-b69d40608eec,SPY   260402P00621000,2026-03-25T19:00:00Z,1.440000,1.620000,1.320000,1.370000
3ab85777-907e-421d-8792-b69d40608eec,SPY   260402P00621000,2026-03-26T14:00:00Z,1.530000,1.830000,1.370000,1.650000
3ab85777-907e-421d-8792-b69d40608eec,SPY   260402P00621000,2026-03-26T15:00:00Z,1.640000,1.730000,1.470000,1.600000
3ab85777-907e-421d-8792-b69d40608eec,SPY   260402P00621000,2026-03-26T16:00:00Z,1.640000,1.650000,1.580000,1.580000
3ab85777-907e-421d-8792-b69d40608eec,SPY   260402P00621000,2026-03-26T17:00:00Z,1.800000,2.430000,1.700000,2.390000
3ab85777-907e-421d-8792-b69d40608eec,SPY   260402P00621000,2026-03-26T18:00:00Z,2.270000,2.330000,2.200000,2.260000
3ab85777-907e-421d-8792-b69d40608eec,SPY   260402P00621000,2026-03-26T19:00:00Z,1.950000,2.460000,1.950000,2.280000
3ab85777-907e-421d-8792-b69d40608eec,SPY   260402P00621000,2026-03-27T14:00:00Z,3.270000,3.270000,2.560000,2.600000
3ab85777-907e-421d-8792-b69d40608eec,SPY   260402P00621000,2026-03-27T15:00:00Z,2.600000,2.690000,2.210000,2.210000
3ab85777-907e-421d-8792-b69d40608eec,SPY   260402P00621000,2026-03-27T16:00:00Z,2.600000,2.780000,2.600000,2.760000
3ab85777-907e-421d-8792-b69d40608eec,SPY   260402P00621000,2026-03-27T17:00:00Z,2.770000,3.410000,2.560000,3.390000
3ab85777-907e-421d-8792-b69d40608eec,SPY   260402P00621000,2026-03-27T18:00:00Z,3.590000,4.040000,3.490000,3.860000
3ab85777-907e-421d-8792-b69d40608eec,SPY   260402P00621000,2026-03-27T19:00:00Z,3.840000,4.340000,3.720000,4.340000
3ab85777-907e-421d-8792-b69d40608eec,SPY   260402P00621000,2026-03-30T14:00:00Z,2.500000,2.500000,1.740000,1.750000
3ab85777-907e-421d-8792-b69d40608eec,SPY   260402P00621000,2026-03-30T15:00:00Z,1.930000,2.030000,1.580000,1.640000
3ab85777-907e-421d-8792-b69d40608eec,SPY   260402P00621000,2026-03-30T16:00:00Z,1.660000,2.010000,1.640000,1.870000
3ab85777-907e-421d-8792-b69d40608eec,SPY   260402P00621000,2026-03-30T17:00:00Z,2.140000,2.220000,2.140000,2.180000
3ab85777-907e-421d-8792-b69d40608eec,SPY   260402P00621000,2026-03-30T18:00:00Z,2.160000,2.490000,2.080000,2.350000
3ab85777-907e-421d-8792-b69d40608eec,SPY   260402P00621000,2026-03-30T19:00:00Z,2.350000,3.180000,2.330000,2.340000
3ab85777-907e-421d-8792-b69d40608eec,SPY   260402P00621000,2026-03-31T14:00:00Z,0.540000,0.770000,0.510000,0.680000
3ab85777-907e-421d-8792-b69d40608eec,SPY   260402P00621000,2026-03-31T15:00:00Z,0.680000,0.680000,0.470000,0.500000
3ab85777-907e-421d-8792-b69d40608eec,SPY   260402P00621000,2026-03-31T16:00:00Z,0.610000,0.620000,0.400000,0.400000
3ab85777-907e-421d-8792-b69d40608eec,SPY   260402P00621000,2026-03-31T17:00:00Z,0.420000,0.420000,0.240000,0.300000
3ab85777-907e-421d-8792-b69d40608eec,SPY   260402P00621000,2026-03-31T18:00:00Z,0.300000,0.300000,0.220000,0.220000
3ab85777-907e-421d-8792-b69d40608eec,SPY   260402P00621000,2026-03-31T19:00:00Z,0.210000,0.220000,0.150000,0.170000
3ab85777-907e-421d-8792-b69d40608eec,SPY   260402P00621000,2026-04-01T14:00:00Z,0.090000,0.100000,0.060000,0.090000
3ab85777-907e-421d-8792-b69d40608eec,SPY   260402P00621000,2026-04-01T15:00:00Z,0.090000,0.090000,0.070000,0.070000
3ab85777-907e-421d-8792-b69d40608eec,SPY   260402P00621000,2026-04-01T16:00:00Z,0.070000,0.080000,0.070000,0.070000
3ab85777-907e-421d-8792-b69d40608eec,SPY   260402P00621000,2026-04-01T17:00:00Z,0.070000,0.080000,0.070000,0.080000
3ab85777-907e-421d-8792-b69d40608eec,SPY   260402P00621000,2026-04-01T18:00:00Z,0.080000,0.110000,0.080000,0.090000
3ab85777-907e-421d-8792-b69d40608eec,SPY   260402P00621000,2026-04-01T19:00:00Z,0.090000,0.090000,0.050000,0.060000
3ab85777-907e-421d-8792-b69d40608eec,SPY   260402P00621000,2026-04-02T14:00:00Z,0.030000,0.040000,0.030000,0.040000
3ab85777-907e-421d-8792-b69d40608eec,SPY   260402P00621000,2026-04-02T15:00:00Z,0.030000,0.040000,0.030000,0.030000
3ab85777-907e-421d-8792-b69d40608eec,SPY   260402P00621000,2026-04-02T16:00:00Z,0.020000,0.020000,0.020000,0.020000
3ab85777-907e-421d-8792-b69d40608eec,SPY   260402P00621000,2026-04-02T17:00:00Z,0.020000,0.020000,0.020000,0.020000
3ab85777-907e-421d-8792-b69d40608eec,SPY   260402P00621000,2026-04-02T18:00:00Z,0.020000,0.020000,0.020000,0.020000
3ab85777-907e-421d-8792-b69d40608eec,SPY   260402P00621000,2026-04-02T19:00:00Z,0.010000,0.010000,0.010000,0.010000
3b3d1db1-e601-4aac-b18f-ee1e22caed0c,SPY   260116P00675000,2026-01-12T15:00:00Z,0.430000,0.460000,0.360000,0.370000
3b3d1db1-e601-4aac-b18f-ee1e22caed0c,SPY   260116P00675000,2026-01-12T16:00:00Z,0.340000,0.350000,0.330000,0.340000
3b3d1db1-e601-4aac-b18f-ee1e22caed0c,SPY   260116P00675000,2026-01-12T17:00:00Z,0.330000,0.340000,0.300000,0.300000
3b3d1db1-e601-4aac-b18f-ee1e22caed0c,SPY   260116P00675000,2026-01-12T18:00:00Z,0.300000,0.300000,0.270000,0.270000
3b3d1db1-e601-4aac-b18f-ee1e22caed0c,SPY   260116P00675000,2026-01-12T19:00:00Z,0.270000,0.270000,0.250000,0.250000
3b3d1db1-e601-4aac-b18f-ee1e22caed0c,SPY   260116P00675000,2026-01-12T20:00:00Z,0.250000,0.270000,0.250000,0.260000
3b3d1db1-e601-4aac-b18f-ee1e22caed0c,SPY   260116P00675000,2026-01-13T15:00:00Z,0.300000,0.410000,0.260000,0.270000
3b3d1db1-e601-4aac-b18f-ee1e22caed0c,SPY   260116P00675000,2026-01-13T16:00:00Z,0.250000,0.340000,0.240000,0.240000
3b3d1db1-e601-4aac-b18f-ee1e22caed0c,SPY   260116P00675000,2026-01-13T17:00:00Z,0.200000,0.260000,0.200000,0.230000
3b3d1db1-e601-4aac-b18f-ee1e22caed0c,SPY   260116P00675000,2026-01-13T18:00:00Z,0.340000,0.340000,0.340000,0.340000
3b3d1db1-e601-4aac-b18f-ee1e22caed0c,SPY   260116P00675000,2026-01-13T19:00:00Z,0.320000,0.400000,0.280000,0.290000
3b3d1db1-e601-4aac-b18f-ee1e22caed0c,SPY   260116P00675000,2026-01-13T20:00:00Z,0.290000,0.420000,0.290000,0.300000
3b3d1db1-e601-4aac-b18f-ee1e22caed0c,SPY   260116P00675000,2026-01-14T15:00:00Z,0.330000,0.350000,0.260000,0.340000
3b3d1db1-e601-4aac-b18f-ee1e22caed0c,SPY   260116P00675000,2026-01-14T16:00:00Z,0.580000,0.640000,0.330000,0.560000
3b3d1db1-e601-4aac-b18f-ee1e22caed0c,SPY   260116P00675000,2026-01-14T17:00:00Z,0.570000,0.610000,0.440000,0.550000
3b3d1db1-e601-4aac-b18f-ee1e22caed0c,SPY   260116P00675000,2026-01-14T18:00:00Z,0.550000,0.570000,0.350000,0.360000
3b3d1db1-e601-4aac-b18f-ee1e22caed0c,SPY   260116P00675000,2026-01-14T19:00:00Z,0.370000,0.400000,0.290000,0.320000
3b3d1db1-e601-4aac-b18f-ee1e22caed0c,SPY   260116P00675000,2026-01-14T20:00:00Z,0.320000,0.400000,0.190000,0.230000
3b3d1db1-e601-4aac-b18f-ee1e22caed0c,SPY   260116P00675000,2026-01-15T15:00:00Z,0.080000,0.080000,0.070000,0.070000
3b3d1db1-e601-4aac-b18f-ee1e22caed0c,SPY   260116P00675000,2026-01-15T16:00:00Z,0.070000,0.070000,0.060000,0.060000
3b3d1db1-e601-4aac-b18f-ee1e22caed0c,SPY   260116P00675000,2026-01-15T17:00:00Z,0.060000,0.060000,0.060000,0.060000
3b3d1db1-e601-4aac-b18f-ee1e22caed0c,SPY   260116P00675000,2026-01-15T18:00:00Z,0.060000,0.060000,0.050000,0.050000
3b3d1db1-e601-4aac-b18f-ee1e22caed0c,SPY   260116P00675000,2026-01-15T19:00:00Z,0.050000,0.060000,0.050000,0.050000
3b3d1db1-e601-4aac-b18f-ee1e22caed0c,SPY   260116P00675000,2026-01-15T20:00:00Z,0.060000,0.060000,0.060000,0.060000
3b3d1db1-e601-4aac-b18f-ee1e22caed0c,SPY   260116P00675000,2026-01-16T15:00:00Z,0.020000,0.020000,0.020000,0.020000
3b3d1db1-e601-4aac-b18f-ee1e22caed0c,SPY   260116P00675000,2026-01-16T16:00:00Z,0.020000,0.020000,0.020000,0.020000
3b3d1db1-e601-4aac-b18f-ee1e22caed0c,SPY   260116P00675000,2026-01-16T17:00:00Z,0.020000,0.020000,0.020000,0.020000
3b3d1db1-e601-4aac-b18f-ee1e22caed0c,SPY   260116P00675000,2026-01-16T18:00:00Z,0.020000,0.020000,0.010000,0.010000
3b3d1db1-e601-4aac-b18f-ee1e22caed0c,SPY   260116P00675000,2026-01-16T19:00:00Z,0.010000,0.010000,0.010000,0.010000
3b3d1db1-e601-4aac-b18f-ee1e22caed0c,SPY   260116P00675000,2026-01-16T20:00:00Z,0.010000,0.010000,0.010000,0.010000
3b53104c-0d0b-4af1-801d-1c8b084e4fb6,SPY   260220P00661000,2026-02-10T15:00:00Z,0.700000,0.780000,0.640000,0.690000
3b53104c-0d0b-4af1-801d-1c8b084e4fb6,SPY   260220P00661000,2026-02-10T16:00:00Z,0.700000,0.750000,0.680000,0.730000
3b53104c-0d0b-4af1-801d-1c8b084e4fb6,SPY   260220P00661000,2026-02-10T17:00:00Z,0.720000,0.760000,0.610000,0.630000
3b53104c-0d0b-4af1-801d-1c8b084e4fb6,SPY   260220P00661000,2026-02-10T18:00:00Z,0.630000,0.880000,0.630000,0.870000
3b53104c-0d0b-4af1-801d-1c8b084e4fb6,SPY   260220P00661000,2026-02-10T19:00:00Z,0.820000,0.860000,0.740000,0.750000
3b53104c-0d0b-4af1-801d-1c8b084e4fb6,SPY   260220P00661000,2026-02-10T20:00:00Z,0.830000,0.880000,0.810000,0.860000
3b53104c-0d0b-4af1-801d-1c8b084e4fb6,SPY   260220P00661000,2026-02-11T15:00:00Z,0.640000,1.300000,0.600000,0.760000
3b53104c-0d0b-4af1-801d-1c8b084e4fb6,SPY   260220P00661000,2026-02-11T16:00:00Z,0.730000,0.740000,0.720000,0.720000
3b53104c-0d0b-4af1-801d-1c8b084e4fb6,SPY   260220P00661000,2026-02-11T17:00:00Z,0.580000,0.640000,0.580000,0.620000
3b53104c-0d0b-4af1-801d-1c8b084e4fb6,SPY   260220P00661000,2026-02-11T18:00:00Z,0.650000,0.660000,0.650000,0.650000
3b53104c-0d0b-4af1-801d-1c8b084e4fb6,SPY   260220P00661000,2026-02-11T19:00:00Z,0.630000,0.660000,0.500000,0.570000
3b53104c-0d0b-4af1-801d-1c8b084e4fb6,SPY   260220P00661000,2026-02-11T20:00:00Z,0.580000,0.580000,0.550000,0.560000
3b53104c-0d0b-4af1-801d-1c8b084e4fb6,SPY   260220P00661000,2026-02-12T15:00:00Z,0.940000,0.990000,0.930000,0.980000
3b53104c-0d0b-4af1-801d-1c8b084e4fb6,SPY   260220P00661000,2026-02-12T16:00:00Z,1.560000,1.940000,1.490000,1.590000
3b53104c-0d0b-4af1-801d-1c8b084e4fb6,SPY   260220P00661000,2026-02-12T17:00:00Z,1.670000,1.760000,1.500000,1.510000
3b53104c-0d0b-4af1-801d-1c8b084e4fb6,SPY   260220P00661000,2026-02-12T18:00:00Z,1.890000,1.970000,1.490000,1.520000
3b53104c-0d0b-4af1-801d-1c8b084e4fb6,SPY   260220P00661000,2026-02-12T19:00:00Z,1.320000,1.320000,1.300000,1.310000
3b53104c-0d0b-4af1-801d-1c8b084e4fb6,SPY   260220P00661000,2026-02-12T20:00:00Z,1.320000,2.540000,1.270000,2.270000
3b53104c-0d0b-4af1-801d-1c8b084e4fb6,SPY   260220P00661000,2026-02-13T15:00:00Z,2.650000,2.650000,1.330000,1.610000
3b53104c-0d0b-4af1-801d-1c8b084e4fb6,SPY   260220P00661000,2026-02-13T16:00:00Z,1.590000,1.750000,1.200000,1.230000
3b53104c-0d0b-4af1-801d-1c8b084e4fb6,SPY   260220P00661000,2026-02-13T17:00:00Z,1.140000,1.200000,0.910000,1.060000
3b53104c-0d0b-4af1-801d-1c8b084e4fb6,SPY   260220P00661000,2026-02-13T18:00:00Z,0.920000,1.140000,0.850000,1.120000
3b53104c-0d0b-4af1-801d-1c8b084e4fb6,SPY   260220P00661000,2026-02-13T19:00:00Z,1.040000,1.320000,1.040000,1.310000
3b53104c-0d0b-4af1-801d-1c8b084e4fb6,SPY   260220P00661000,2026-02-13T20:00:00Z,1.310000,2.020000,1.300000,1.890000
3b53104c-0d0b-4af1-801d-1c8b084e4fb6,SPY   260220P00661000,2026-02-17T15:00:00Z,2.010000,2.160000,1.370000,1.410000
3b53104c-0d0b-4af1-801d-1c8b084e4fb6,SPY   260220P00661000,2026-02-17T16:00:00Z,0.900000,1.040000,0.830000,0.880000
3b53104c-0d0b-4af1-801d-1c8b084e4fb6,SPY   260220P00661000,2026-02-17T17:00:00Z,0.890000,0.920000,0.870000,0.910000
3b53104c-0d0b-4af1-801d-1c8b084e4fb6,SPY   260220P00661000,2026-02-17T18:00:00Z,0.760000,0.760000,0.620000,0.640000
3b53104c-0d0b-4af1-801d-1c8b084e4fb6,SPY   260220P00661000,2026-02-17T19:00:00Z,0.590000,0.610000,0.470000,0.530000
3b53104c-0d0b-4af1-801d-1c8b084e4fb6,SPY   260220P00661000,2026-02-17T20:00:00Z,0.530000,0.680000,0.530000,0.620000
3b53104c-0d0b-4af1-801d-1c8b084e4fb6,SPY   260220P00661000,2026-02-18T15:00:00Z,0.280000,0.280000,0.180000,0.190000
3b53104c-0d0b-4af1-801d-1c8b084e4fb6,SPY   260220P00661000,2026-02-18T16:00:00Z,0.180000,0.180000,0.180000,0.180000
3b53104c-0d0b-4af1-801d-1c8b084e4fb6,SPY   260220P00661000,2026-02-18T17:00:00Z,0.240000,0.240000,0.170000,0.180000
3b53104c-0d0b-4af1-801d-1c8b084e4fb6,SPY   260220P00661000,2026-02-18T18:00:00Z,0.170000,0.310000,0.170000,0.250000
3b53104c-0d0b-4af1-801d-1c8b084e4fb6,SPY   260220P00661000,2026-02-18T19:00:00Z,0.230000,0.330000,0.220000,0.310000
3b53104c-0d0b-4af1-801d-1c8b084e4fb6,SPY   260220P00661000,2026-02-18T20:00:00Z,0.180000,0.180000,0.180000,0.180000
3b53104c-0d0b-4af1-801d-1c8b084e4fb6,SPY   260220P00661000,2026-02-19T15:00:00Z,0.180000,0.200000,0.130000,0.130000
3b53104c-0d0b-4af1-801d-1c8b084e4fb6,SPY   260220P00661000,2026-02-19T16:00:00Z,0.130000,0.150000,0.110000,0.110000
3b53104c-0d0b-4af1-801d-1c8b084e4fb6,SPY   260220P00661000,2026-02-19T17:00:00Z,0.150000,0.190000,0.110000,0.180000
3b53104c-0d0b-4af1-801d-1c8b084e4fb6,SPY   260220P00661000,2026-02-19T18:00:00Z,0.180000,0.220000,0.130000,0.160000
3b53104c-0d0b-4af1-801d-1c8b084e4fb6,SPY   260220P00661000,2026-02-19T19:00:00Z,0.120000,0.120000,0.110000,0.110000
3b53104c-0d0b-4af1-801d-1c8b084e4fb6,SPY   260220P00661000,2026-02-19T20:00:00Z,0.120000,0.120000,0.060000,0.060000
3b53104c-0d0b-4af1-801d-1c8b084e4fb6,SPY   260220P00661000,2026-02-20T15:00:00Z,0.020000,0.020000,0.020000,0.020000
3b53104c-0d0b-4af1-801d-1c8b084e4fb6,SPY   260220P00661000,2026-02-20T16:00:00Z,0.020000,0.020000,0.020000,0.020000
3b53104c-0d0b-4af1-801d-1c8b084e4fb6,SPY   260220P00661000,2026-02-20T17:00:00Z,0.020000,0.020000,0.020000,0.020000
3b53104c-0d0b-4af1-801d-1c8b084e4fb6,SPY   260220P00661000,2026-02-20T18:00:00Z,0.020000,0.020000,0.010000,0.010000
3b53104c-0d0b-4af1-801d-1c8b084e4fb6,SPY   260220P00661000,2026-02-20T19:00:00Z,0.010000,0.010000,0.010000,0.010000
3b53104c-0d0b-4af1-801d-1c8b084e4fb6,SPY   260220P00661000,2026-02-20T20:00:00Z,0.010000,0.010000,0.010000,0.010000
3cee0f3e-c03c-4cbb-b112-5daaf55e6cb0,SPY   260702P00714000,2026-06-29T14:00:00Z,0.560000,1.270000,0.470000,0.500000
3cee0f3e-c03c-4cbb-b112-5daaf55e6cb0,SPY   260702P00714000,2026-06-29T15:00:00Z,0.520000,0.540000,0.520000,0.540000
3cee0f3e-c03c-4cbb-b112-5daaf55e6cb0,SPY   260702P00714000,2026-06-29T16:00:00Z,0.400000,0.430000,0.350000,0.380000
3cee0f3e-c03c-4cbb-b112-5daaf55e6cb0,SPY   260702P00714000,2026-06-29T17:00:00Z,0.380000,0.380000,0.270000,0.280000
3cee0f3e-c03c-4cbb-b112-5daaf55e6cb0,SPY   260702P00714000,2026-06-29T18:00:00Z,0.240000,0.240000,0.230000,0.240000
3cee0f3e-c03c-4cbb-b112-5daaf55e6cb0,SPY   260702P00714000,2026-06-29T19:00:00Z,0.220000,0.240000,0.210000,0.230000
3cee0f3e-c03c-4cbb-b112-5daaf55e6cb0,SPY   260702P00714000,2026-06-30T14:00:00Z,0.150000,0.160000,0.110000,0.130000
3cee0f3e-c03c-4cbb-b112-5daaf55e6cb0,SPY   260702P00714000,2026-06-30T15:00:00Z,0.130000,0.130000,0.100000,0.100000
3cee0f3e-c03c-4cbb-b112-5daaf55e6cb0,SPY   260702P00714000,2026-06-30T16:00:00Z,0.100000,0.100000,0.090000,0.090000
3cee0f3e-c03c-4cbb-b112-5daaf55e6cb0,SPY   260702P00714000,2026-06-30T17:00:00Z,0.090000,0.090000,0.070000,0.070000
3cee0f3e-c03c-4cbb-b112-5daaf55e6cb0,SPY   260702P00714000,2026-06-30T18:00:00Z,0.070000,0.070000,0.060000,0.070000
3cee0f3e-c03c-4cbb-b112-5daaf55e6cb0,SPY   260702P00714000,2026-06-30T19:00:00Z,0.070000,0.090000,0.070000,0.090000
3cee0f3e-c03c-4cbb-b112-5daaf55e6cb0,SPY   260702P00714000,2026-07-01T14:00:00Z,0.070000,0.070000,0.040000,0.040000
3cee0f3e-c03c-4cbb-b112-5daaf55e6cb0,SPY   260702P00714000,2026-07-01T15:00:00Z,0.040000,0.040000,0.030000,0.030000
3cee0f3e-c03c-4cbb-b112-5daaf55e6cb0,SPY   260702P00714000,2026-07-01T16:00:00Z,0.030000,0.030000,0.030000,0.030000
3cee0f3e-c03c-4cbb-b112-5daaf55e6cb0,SPY   260702P00714000,2026-07-01T17:00:00Z,0.030000,0.030000,0.030000,0.030000
3cee0f3e-c03c-4cbb-b112-5daaf55e6cb0,SPY   260702P00714000,2026-07-01T18:00:00Z,0.030000,0.030000,0.030000,0.030000
3cee0f3e-c03c-4cbb-b112-5daaf55e6cb0,SPY   260702P00714000,2026-07-01T19:00:00Z,0.030000,0.030000,0.030000,0.030000
3cee0f3e-c03c-4cbb-b112-5daaf55e6cb0,SPY   260702P00714000,2026-07-02T14:00:00Z,0.020000,0.020000,0.010000,0.010000
3cee0f3e-c03c-4cbb-b112-5daaf55e6cb0,SPY   260702P00714000,2026-07-02T15:00:00Z,0.010000,0.010000,0.010000,0.010000
3cee0f3e-c03c-4cbb-b112-5daaf55e6cb0,SPY   260702P00714000,2026-07-02T16:00:00Z,0.010000,0.010000,0.010000,0.010000
3cee0f3e-c03c-4cbb-b112-5daaf55e6cb0,SPY   260702P00714000,2026-07-02T17:00:00Z,0.010000,0.010000,0.010000,0.010000
3cee0f3e-c03c-4cbb-b112-5daaf55e6cb0,SPY   260702P00714000,2026-07-02T18:00:00Z,0.010000,0.010000,0.010000,0.010000
3cee0f3e-c03c-4cbb-b112-5daaf55e6cb0,SPY   260702P00714000,2026-07-02T19:00:00Z,0.010000,0.010000,0.010000,0.010000
3dfd5b8f-0ecf-45db-8cfc-633fd724e568,SPY   260116P00681000,2026-01-12T15:00:00Z,0.820000,0.880000,0.690000,0.710000
3dfd5b8f-0ecf-45db-8cfc-633fd724e568,SPY   260116P00681000,2026-01-12T16:00:00Z,0.650000,0.650000,0.630000,0.640000
3dfd5b8f-0ecf-45db-8cfc-633fd724e568,SPY   260116P00681000,2026-01-12T17:00:00Z,0.630000,0.640000,0.570000,0.580000
3dfd5b8f-0ecf-45db-8cfc-633fd724e568,SPY   260116P00681000,2026-01-12T18:00:00Z,0.570000,0.570000,0.510000,0.520000
3dfd5b8f-0ecf-45db-8cfc-633fd724e568,SPY   260116P00681000,2026-01-12T19:00:00Z,0.480000,0.490000,0.470000,0.470000
3dfd5b8f-0ecf-45db-8cfc-633fd724e568,SPY   260116P00681000,2026-01-12T20:00:00Z,0.460000,0.510000,0.460000,0.490000
3dfd5b8f-0ecf-45db-8cfc-633fd724e568,SPY   260116P00681000,2026-01-13T15:00:00Z,0.570000,0.810000,0.500000,0.540000
3dfd5b8f-0ecf-45db-8cfc-633fd724e568,SPY   260116P00681000,2026-01-13T16:00:00Z,0.490000,0.540000,0.480000,0.530000
3dfd5b8f-0ecf-45db-8cfc-633fd724e568,SPY   260116P00681000,2026-01-13T17:00:00Z,0.390000,0.510000,0.380000,0.440000
3dfd5b8f-0ecf-45db-8cfc-633fd724e568,SPY   260116P00681000,2026-01-13T18:00:00Z,0.640000,0.710000,0.550000,0.640000
3dfd5b8f-0ecf-45db-8cfc-633fd724e568,SPY   260116P00681000,2026-01-13T19:00:00Z,0.680000,0.770000,0.620000,0.660000
3dfd5b8f-0ecf-45db-8cfc-633fd724e568,SPY   260116P00681000,2026-01-13T20:00:00Z,0.590000,0.760000,0.580000,0.600000
3dfd5b8f-0ecf-45db-8cfc-633fd724e568,SPY   260116P00681000,2026-01-14T15:00:00Z,1.250000,1.590000,0.630000,1.370000
3dfd5b8f-0ecf-45db-8cfc-633fd724e568,SPY   260116P00681000,2026-01-14T16:00:00Z,1.230000,1.300000,1.010000,1.010000
3dfd5b8f-0ecf-45db-8cfc-633fd724e568,SPY   260116P00681000,2026-01-14T17:00:00Z,1.390000,1.480000,1.120000,1.330000
3dfd5b8f-0ecf-45db-8cfc-633fd724e568,SPY   260116P00681000,2026-01-14T18:00:00Z,1.340000,1.410000,0.900000,0.920000
3dfd5b8f-0ecf-45db-8cfc-633fd724e568,SPY   260116P00681000,2026-01-14T19:00:00Z,0.940000,1.020000,0.840000,0.870000
3dfd5b8f-0ecf-45db-8cfc-633fd724e568,SPY   260116P00681000,2026-01-14T20:00:00Z,0.820000,0.830000,0.560000,0.630000
3dfd5b8f-0ecf-45db-8cfc-633fd724e568,SPY   260116P00681000,2026-01-15T15:00:00Z,0.160000,0.170000,0.120000,0.120000
3dfd5b8f-0ecf-45db-8cfc-633fd724e568,SPY   260116P00681000,2026-01-15T16:00:00Z,0.110000,0.110000,0.100000,0.100000
3dfd5b8f-0ecf-45db-8cfc-633fd724e568,SPY   260116P00681000,2026-01-15T17:00:00Z,0.100000,0.120000,0.100000,0.120000
3dfd5b8f-0ecf-45db-8cfc-633fd724e568,SPY   260116P00681000,2026-01-15T18:00:00Z,0.120000,0.120000,0.090000,0.090000
3dfd5b8f-0ecf-45db-8cfc-633fd724e568,SPY   260116P00681000,2026-01-15T19:00:00Z,0.090000,0.160000,0.090000,0.140000
3dfd5b8f-0ecf-45db-8cfc-633fd724e568,SPY   260116P00681000,2026-01-15T20:00:00Z,0.130000,0.170000,0.120000,0.120000
3dfd5b8f-0ecf-45db-8cfc-633fd724e568,SPY   260116P00681000,2026-01-16T15:00:00Z,0.040000,0.050000,0.030000,0.030000
3dfd5b8f-0ecf-45db-8cfc-633fd724e568,SPY   260116P00681000,2026-01-16T16:00:00Z,0.030000,0.030000,0.020000,0.020000
3dfd5b8f-0ecf-45db-8cfc-633fd724e568,SPY   260116P00681000,2026-01-16T17:00:00Z,0.020000,0.020000,0.020000,0.020000
3dfd5b8f-0ecf-45db-8cfc-633fd724e568,SPY   260116P00681000,2026-01-16T18:00:00Z,0.020000,0.020000,0.020000,0.020000
3dfd5b8f-0ecf-45db-8cfc-633fd724e568,SPY   260116P00681000,2026-01-16T19:00:00Z,0.020000,0.020000,0.020000,0.020000
3dfd5b8f-0ecf-45db-8cfc-633fd724e568,SPY   260116P00681000,2026-01-16T20:00:00Z,0.020000,0.020000,0.020000,0.020000
3e669bff-a4c7-419e-a051-d07786b92068,SPY   260320C00676000,2026-03-10T14:00:00Z,9.790000,12.280000,9.310000,12.270000
3e669bff-a4c7-419e-a051-d07786b92068,SPY   260320C00676000,2026-03-10T15:00:00Z,12.550000,12.630000,12.040000,12.170000
3e669bff-a4c7-419e-a051-d07786b92068,SPY   260320C00676000,2026-03-10T16:00:00Z,12.490000,12.710000,11.600000,12.520000
3e669bff-a4c7-419e-a051-d07786b92068,SPY   260320C00676000,2026-03-10T17:00:00Z,12.500000,12.870000,12.410000,12.720000
3e669bff-a4c7-419e-a051-d07786b92068,SPY   260320C00676000,2026-03-10T18:00:00Z,11.510000,12.160000,11.070000,11.600000
3e669bff-a4c7-419e-a051-d07786b92068,SPY   260320C00676000,2026-03-10T19:00:00Z,10.880000,10.910000,10.590000,10.630000
3e669bff-a4c7-419e-a051-d07786b92068,SPY   260320C00676000,2026-03-11T14:00:00Z,10.310000,11.340000,9.070000,10.220000
3e669bff-a4c7-419e-a051-d07786b92068,SPY   260320C00676000,2026-03-11T15:00:00Z,10.250000,10.480000,8.480000,8.580000
3e669bff-a4c7-419e-a051-d07786b92068,SPY   260320C00676000,2026-03-11T16:00:00Z,8.580000,9.440000,8.400000,9.420000
3e669bff-a4c7-419e-a051-d07786b92068,SPY   260320C00676000,2026-03-11T17:00:00Z,8.930000,8.930000,8.700000,8.710000
3e669bff-a4c7-419e-a051-d07786b92068,SPY   260320C00676000,2026-03-11T18:00:00Z,8.780000,9.090000,8.390000,9.020000
3e669bff-a4c7-419e-a051-d07786b92068,SPY   260320C00676000,2026-03-11T19:00:00Z,8.860000,9.450000,8.580000,9.320000
3e669bff-a4c7-419e-a051-d07786b92068,SPY   260320C00676000,2026-03-12T14:00:00Z,6.190000,6.810000,5.620000,5.880000
3e669bff-a4c7-419e-a051-d07786b92068,SPY   260320C00676000,2026-03-12T15:00:00Z,6.260000,6.440000,5.940000,6.200000
3e669bff-a4c7-419e-a051-d07786b92068,SPY   260320C00676000,2026-03-12T16:00:00Z,6.220000,6.300000,5.710000,5.810000
3e669bff-a4c7-419e-a051-d07786b92068,SPY   260320C00676000,2026-03-12T17:00:00Z,5.840000,6.110000,5.430000,5.570000
3e669bff-a4c7-419e-a051-d07786b92068,SPY   260320C00676000,2026-03-12T18:00:00Z,5.860000,5.980000,5.760000,5.760000
3e669bff-a4c7-419e-a051-d07786b92068,SPY   260320C00676000,2026-03-12T19:00:00Z,5.550000,5.860000,5.250000,5.290000
3e669bff-a4c7-419e-a051-d07786b92068,SPY   260320C00676000,2026-03-13T14:00:00Z,5.690000,5.900000,4.160000,4.190000
3e669bff-a4c7-419e-a051-d07786b92068,SPY   260320C00676000,2026-03-13T15:00:00Z,4.190000,4.550000,3.710000,3.740000
3e669bff-a4c7-419e-a051-d07786b92068,SPY   260320C00676000,2026-03-13T16:00:00Z,3.750000,4.090000,3.610000,3.660000
3e669bff-a4c7-419e-a051-d07786b92068,SPY   260320C00676000,2026-03-13T17:00:00Z,3.700000,3.740000,3.670000,3.670000
3e669bff-a4c7-419e-a051-d07786b92068,SPY   260320C00676000,2026-03-13T18:00:00Z,3.360000,3.680000,3.310000,3.540000
3e669bff-a4c7-419e-a051-d07786b92068,SPY   260320C00676000,2026-03-13T19:00:00Z,3.460000,3.590000,2.860000,3.030000
3e669bff-a4c7-419e-a051-d07786b92068,SPY   260320C00676000,2026-03-16T14:00:00Z,3.740000,3.900000,2.940000,3.480000
3e669bff-a4c7-419e-a051-d07786b92068,SPY   260320C00676000,2026-03-16T15:00:00Z,3.170000,3.550000,2.940000,2.960000
3e669bff-a4c7-419e-a051-d07786b92068,SPY   260320C00676000,2026-03-16T16:00:00Z,2.820000,2.880000,2.700000,2.820000
3e669bff-a4c7-419e-a051-d07786b92068,SPY   260320C00676000,2026-03-16T17:00:00Z,2.870000,3.150000,2.840000,2.940000
3e669bff-a4c7-419e-a051-d07786b92068,SPY   260320C00676000,2026-03-16T18:00:00Z,2.810000,3.180000,2.780000,2.940000
3e669bff-a4c7-419e-a051-d07786b92068,SPY   260320C00676000,2026-03-16T19:00:00Z,2.730000,2.750000,2.730000,2.750000
3e669bff-a4c7-419e-a051-d07786b92068,SPY   260320C00676000,2026-03-17T14:00:00Z,3.820000,3.820000,2.890000,3.230000
3e669bff-a4c7-419e-a051-d07786b92068,SPY   260320C00676000,2026-03-17T15:00:00Z,2.890000,3.050000,2.790000,2.900000
3e669bff-a4c7-419e-a051-d07786b92068,SPY   260320C00676000,2026-03-17T16:00:00Z,2.550000,2.630000,2.370000,2.520000
3e669bff-a4c7-419e-a051-d07786b92068,SPY   260320C00676000,2026-03-17T17:00:00Z,2.390000,2.690000,2.330000,2.460000
3e669bff-a4c7-419e-a051-d07786b92068,SPY   260320C00676000,2026-03-17T18:00:00Z,2.480000,2.540000,2.350000,2.490000
3e669bff-a4c7-419e-a051-d07786b92068,SPY   260320C00676000,2026-03-17T19:00:00Z,2.230000,2.440000,2.150000,2.210000
3e669bff-a4c7-419e-a051-d07786b92068,SPY   260320C00676000,2026-03-18T14:00:00Z,0.940000,0.970000,0.940000,0.970000
3e669bff-a4c7-419e-a051-d07786b92068,SPY   260320C00676000,2026-03-18T15:00:00Z,1.000000,1.000000,0.990000,1.000000
3e669bff-a4c7-419e-a051-d07786b92068,SPY   260320C00676000,2026-03-18T16:00:00Z,0.760000,0.830000,0.760000,0.810000
3e669bff-a4c7-419e-a051-d07786b92068,SPY   260320C00676000,2026-03-18T17:00:00Z,0.770000,0.780000,0.680000,0.780000
3e669bff-a4c7-419e-a051-d07786b92068,SPY   260320C00676000,2026-03-18T18:00:00Z,0.760000,0.760000,0.480000,0.490000
3e669bff-a4c7-419e-a051-d07786b92068,SPY   260320C00676000,2026-03-18T19:00:00Z,0.400000,0.450000,0.250000,0.250000
3e669bff-a4c7-419e-a051-d07786b92068,SPY   260320C00676000,2026-03-19T14:00:00Z,0.080000,0.090000,0.050000,0.050000
3e669bff-a4c7-419e-a051-d07786b92068,SPY   260320C00676000,2026-03-19T15:00:00Z,0.050000,0.050000,0.050000,0.050000
3e669bff-a4c7-419e-a051-d07786b92068,SPY   260320C00676000,2026-03-19T16:00:00Z,0.050000,0.050000,0.050000,0.050000
3e669bff-a4c7-419e-a051-d07786b92068,SPY   260320C00676000,2026-03-19T17:00:00Z,0.040000,0.040000,0.040000,0.040000
3e669bff-a4c7-419e-a051-d07786b92068,SPY   260320C00676000,2026-03-19T18:00:00Z,0.030000,0.030000,0.020000,0.020000
3e669bff-a4c7-419e-a051-d07786b92068,SPY   260320C00676000,2026-03-19T19:00:00Z,0.020000,0.070000,0.020000,0.050000
3e669bff-a4c7-419e-a051-d07786b92068,SPY   260320C00676000,2026-03-20T14:00:00Z,0.010000,0.010000,0.010000,0.010000
3e669bff-a4c7-419e-a051-d07786b92068,SPY   260320C00676000,2026-03-20T15:00:00Z,0.010000,0.010000,0.010000,0.010000
3e669bff-a4c7-419e-a051-d07786b92068,SPY   260320C00676000,2026-03-20T16:00:00Z,0.010000,0.010000,0.010000,0.010000
3e669bff-a4c7-419e-a051-d07786b92068,SPY   260320C00676000,2026-03-20T17:00:00Z,0.010000,0.010000,0.010000,0.010000
3e669bff-a4c7-419e-a051-d07786b92068,SPY   260320C00676000,2026-03-20T18:00:00Z,0.010000,0.010000,0.010000,0.010000
3e669bff-a4c7-419e-a051-d07786b92068,SPY   260320C00676000,2026-03-20T19:00:00Z,0.010000,0.010000,0.010000,0.010000
3eeca91a-89f8-46f3-a981-7fb3f5a20bf4,SPY   251107P00664000,2025-11-03T15:00:00Z,0.890000,0.920000,0.870000,0.910000
3eeca91a-89f8-46f3-a981-7fb3f5a20bf4,SPY   251107P00664000,2025-11-03T16:00:00Z,0.770000,0.800000,0.710000,0.740000
3eeca91a-89f8-46f3-a981-7fb3f5a20bf4,SPY   251107P00664000,2025-11-03T17:00:00Z,0.620000,0.660000,0.510000,0.520000
3eeca91a-89f8-46f3-a981-7fb3f5a20bf4,SPY   251107P00664000,2025-11-03T18:00:00Z,0.480000,0.500000,0.400000,0.440000
3eeca91a-89f8-46f3-a981-7fb3f5a20bf4,SPY   251107P00664000,2025-11-03T19:00:00Z,0.450000,0.450000,0.450000,0.450000
3eeca91a-89f8-46f3-a981-7fb3f5a20bf4,SPY   251107P00664000,2025-11-03T20:00:00Z,0.490000,0.490000,0.490000,0.490000
3eeca91a-89f8-46f3-a981-7fb3f5a20bf4,SPY   251107P00664000,2025-11-04T15:00:00Z,0.880000,1.040000,0.740000,0.950000
3eeca91a-89f8-46f3-a981-7fb3f5a20bf4,SPY   251107P00664000,2025-11-04T16:00:00Z,0.970000,0.990000,0.960000,0.960000
3eeca91a-89f8-46f3-a981-7fb3f5a20bf4,SPY   251107P00664000,2025-11-04T17:00:00Z,0.860000,1.300000,0.860000,1.220000
3eeca91a-89f8-46f3-a981-7fb3f5a20bf4,SPY   251107P00664000,2025-11-04T18:00:00Z,1.240000,1.470000,1.130000,1.180000
3eeca91a-89f8-46f3-a981-7fb3f5a20bf4,SPY   251107P00664000,2025-11-04T19:00:00Z,1.190000,1.390000,1.010000,1.240000
3eeca91a-89f8-46f3-a981-7fb3f5a20bf4,SPY   251107P00664000,2025-11-04T20:00:00Z,1.240000,1.350000,1.240000,1.320000
3eeca91a-89f8-46f3-a981-7fb3f5a20bf4,SPY   251107P00664000,2025-11-05T15:00:00Z,0.670000,0.770000,0.550000,0.560000
3eeca91a-89f8-46f3-a981-7fb3f5a20bf4,SPY   251107P00664000,2025-11-05T16:00:00Z,0.590000,0.590000,0.550000,0.550000
3eeca91a-89f8-46f3-a981-7fb3f5a20bf4,SPY   251107P00664000,2025-11-05T17:00:00Z,0.380000,0.380000,0.300000,0.330000
3eeca91a-89f8-46f3-a981-7fb3f5a20bf4,SPY   251107P00664000,2025-11-05T18:00:00Z,0.330000,0.340000,0.280000,0.300000
3eeca91a-89f8-46f3-a981-7fb3f5a20bf4,SPY   251107P00664000,2025-11-05T19:00:00Z,0.300000,0.350000,0.270000,0.280000
3eeca91a-89f8-46f3-a981-7fb3f5a20bf4,SPY   251107P00664000,2025-11-05T20:00:00Z,0.280000,0.390000,0.270000,0.380000
3eeca91a-89f8-46f3-a981-7fb3f5a20bf4,SPY   251107P00664000,2025-11-06T15:00:00Z,0.680000,1.200000,0.430000,1.150000
3eeca91a-89f8-46f3-a981-7fb3f5a20bf4,SPY   251107P00664000,2025-11-06T16:00:00Z,0.960000,1.580000,0.880000,1.470000
3eeca91a-89f8-46f3-a981-7fb3f5a20bf4,SPY   251107P00664000,2025-11-06T17:00:00Z,1.380000,1.390000,0.810000,0.830000
3eeca91a-89f8-46f3-a981-7fb3f5a20bf4,SPY   251107P00664000,2025-11-06T18:00:00Z,0.910000,1.380000,0.650000,0.740000
3eeca91a-89f8-46f3-a981-7fb3f5a20bf4,SPY   251107P00664000,2025-11-06T19:00:00Z,0.740000,0.780000,0.360000,0.430000
3eeca91a-89f8-46f3-a981-7fb3f5a20bf4,SPY   251107P00664000,2025-11-06T20:00:00Z,0.430000,0.770000,0.370000,0.720000
3eeca91a-89f8-46f3-a981-7fb3f5a20bf4,SPY   251107P00664000,2025-11-07T15:00:00Z,1.630000,2.330000,0.970000,2.310000
3eeca91a-89f8-46f3-a981-7fb3f5a20bf4,SPY   251107P00664000,2025-11-07T16:00:00Z,2.340000,2.520000,2.090000,2.390000
3eeca91a-89f8-46f3-a981-7fb3f5a20bf4,SPY   251107P00664000,2025-11-07T17:00:00Z,2.910000,3.430000,1.440000,1.470000
3eeca91a-89f8-46f3-a981-7fb3f5a20bf4,SPY   251107P00664000,2025-11-07T18:00:00Z,1.450000,1.460000,1.320000,1.330000
3eeca91a-89f8-46f3-a981-7fb3f5a20bf4,SPY   251107P00664000,2025-11-07T19:00:00Z,0.530000,0.650000,0.090000,0.110000
3eeca91a-89f8-46f3-a981-7fb3f5a20bf4,SPY   251107P00664000,2025-11-07T20:00:00Z,0.140000,0.140000,0.020000,0.020000
401b35ab-2ae7-4098-a3bd-af2c14ef9ecb,SPY   260904C00782000,2026-08-24T14:00:00Z,0.710000,0.770000,0.620000,0.700000
401b35ab-2ae7-4098-a3bd-af2c14ef9ecb,SPY   260904C00782000,2026-08-24T15:00:00Z,0.710000,0.720000,0.600000,0.610000
401b35ab-2ae7-4098-a3bd-af2c14ef9ecb,SPY   260904C00782000,2026-08-24T16:00:00Z,0.810000,0.920000,0.760000,0.770000
401b35ab-2ae7-4098-a3bd-af2c14ef9ecb,SPY   260904C00782000,2026-08-24T17:00:00Z,0.770000,0.830000,0.630000,0.650000
401b35ab-2ae7-4098-a3bd-af2c14ef9ecb,SPY   260904C00782000,2026-08-24T18:00:00Z,0.650000,0.860000,0.650000,0.720000
401b35ab-2ae7-4098-a3bd-af2c14ef9ecb,SPY   260904C00782000,2026-08-24T19:00:00Z,0.720000,0.760000,0.670000,0.690000
401b35ab-2ae7-4098-a3bd-af2c14ef9ecb,SPY   260904C00782000,2026-08-25T14:00:00Z,0.890000,0.900000,0.590000,0.710000
401b35ab-2ae7-4098-a3bd-af2c14ef9ecb,SPY   260904C00782000,2026-08-25T15:00:00Z,0.720000,0.780000,0.670000,0.750000
401b35ab-2ae7-4098-a3bd-af2c14ef9ecb,SPY   260904C00782000,2026-08-25T16:00:00Z,0.750000,0.820000,0.730000,0.780000
401b35ab-2ae7-4098-a3bd-af2c14ef9ecb,SPY   260904C00782000,2026-08-25T17:00:00Z,0.780000,0.790000,0.650000,0.680000
401b35ab-2ae7-4098-a3bd-af2c14ef9ecb,SPY   260904C00782000,2026-08-25T18:00:00Z,0.680000,0.770000,0.640000,0.740000
401b35ab-2ae7-4098-a3bd-af2c14ef9ecb,SPY   260904C00782000,2026-08-25T19:00:00Z,0.750000,0.750000,0.650000,0.700000
401b35ab-2ae7-4098-a3bd-af2c14ef9ecb,SPY   260904C00782000,2026-08-26T14:00:00Z,0.860000,0.860000,0.630000,0.650000
401b35ab-2ae7-4098-a3bd-af2c14ef9ecb,SPY   260904C00782000,2026-08-26T15:00:00Z,0.710000,0.810000,0.660000,0.670000
401b35ab-2ae7-4098-a3bd-af2c14ef9ecb,SPY   260904C00782000,2026-08-26T16:00:00Z,0.670000,0.700000,0.550000,0.610000
401b35ab-2ae7-4098-a3bd-af2c14ef9ecb,SPY   260904C00782000,2026-08-26T17:00:00Z,0.610000,0.690000,0.600000,0.660000
401b35ab-2ae7-4098-a3bd-af2c14ef9ecb,SPY   260904C00782000,2026-08-26T18:00:00Z,0.660000,0.760000,0.620000,0.740000
401b35ab-2ae7-4098-a3bd-af2c14ef9ecb,SPY   260904C00782000,2026-08-26T19:00:00Z,0.740000,0.870000,0.640000,0.690000
401b35ab-2ae7-4098-a3bd-af2c14ef9ecb,SPY   260904C00782000,2026-08-27T14:00:00Z,0.730000,0.970000,0.670000,0.950000
401b35ab-2ae7-4098-a3bd-af2c14ef9ecb,SPY   260904C00782000,2026-08-27T15:00:00Z,0.950000,1.070000,0.920000,1.060000
401b35ab-2ae7-4098-a3bd-af2c14ef9ecb,SPY   260904C00782000,2026-08-27T16:00:00Z,0.980000,1.280000,0.920000,1.280000
401b35ab-2ae7-4098-a3bd-af2c14ef9ecb,SPY   260904C00782000,2026-08-27T17:00:00Z,1.280000,1.380000,1.120000,1.140000
401b35ab-2ae7-4098-a3bd-af2c14ef9ecb,SPY   260904C00782000,2026-08-27T18:00:00Z,1.140000,1.170000,0.790000,0.830000
401b35ab-2ae7-4098-a3bd-af2c14ef9ecb,SPY   260904C00782000,2026-08-27T19:00:00Z,0.830000,1.050000,0.790000,1.010000
401b35ab-2ae7-4098-a3bd-af2c14ef9ecb,SPY   260904C00782000,2026-08-28T14:00:00Z,1.060000,1.160000,0.660000,0.810000
401b35ab-2ae7-4098-a3bd-af2c14ef9ecb,SPY   260904C00782000,2026-08-28T15:00:00Z,1.530000,1.660000,1.190000,1.320000
401b35ab-2ae7-4098-a3bd-af2c14ef9ecb,SPY   260904C00782000,2026-08-28T16:00:00Z,0.690000,0.720000,0.500000,0.500000
401b35ab-2ae7-4098-a3bd-af2c14ef9ecb,SPY   260904C00782000,2026-08-28T17:00:00Z,0.500000,0.500000,0.390000,0.440000
401b35ab-2ae7-4098-a3bd-af2c14ef9ecb,SPY   260904C00782000,2026-08-28T18:00:00Z,0.440000,0.460000,0.330000,0.360000
401b35ab-2ae7-4098-a3bd-af2c14ef9ecb,SPY   260904C00782000,2026-08-28T19:00:00Z,0.360000,0.450000,0.330000,0.390000
401b35ab-2ae7-4098-a3bd-af2c14ef9ecb,SPY   260904C00782000,2026-08-31T14:00:00Z,0.140000,0.140000,0.100000,0.110000
401b35ab-2ae7-4098-a3bd-af2c14ef9ecb,SPY   260904C00782000,2026-08-31T15:00:00Z,0.120000,0.130000,0.100000,0.100000
401b35ab-2ae7-4098-a3bd-af2c14ef9ecb,SPY   260904C00782000,2026-08-31T16:00:00Z,0.100000,0.110000,0.090000,0.110000
401b35ab-2ae7-4098-a3bd-af2c14ef9ecb,SPY   260904C00782000,2026-08-31T17:00:00Z,0.110000,0.120000,0.090000,0.110000
401b35ab-2ae7-4098-a3bd-af2c14ef9ecb,SPY   260904C00782000,2026-08-31T18:00:00Z,0.110000,0.130000,0.110000,0.120000
401b35ab-2ae7-4098-a3bd-af2c14ef9ecb,SPY   260904C00782000,2026-08-31T19:00:00Z,0.090000,0.130000,0.080000,0.090000
401b35ab-2ae7-4098-a3bd-af2c14ef9ecb,SPY   260904C00782000,2026-09-01T14:00:00Z,0.060000,0.070000,0.040000,0.050000
401b35ab-2ae7-4098-a3bd-af2c14ef9ecb,SPY   260904C00782000,2026-09-01T15:00:00Z,0.050000,0.050000,0.040000,0.050000
401b35ab-2ae7-4098-a3bd-af2c14ef9ecb,SPY   260904C00782000,2026-09-01T16:00:00Z,0.060000,0.060000,0.030000,0.030000
401b35ab-2ae7-4098-a3bd-af2c14ef9ecb,SPY   260904C00782000,2026-09-01T17:00:00Z,0.030000,0.030000,0.030000,0.030000
401b35ab-2ae7-4098-a3bd-af2c14ef9ecb,SPY   260904C00782000,2026-09-01T18:00:00Z,0.030000,0.030000,0.030000,0.030000
401b35ab-2ae7-4098-a3bd-af2c14ef9ecb,SPY   260904C00782000,2026-09-01T19:00:00Z,0.030000,0.030000,0.030000,0.030000
401b35ab-2ae7-4098-a3bd-af2c14ef9ecb,SPY   260904C00782000,2026-09-02T14:00:00Z,0.020000,0.030000,0.020000,0.030000
401b35ab-2ae7-4098-a3bd-af2c14ef9ecb,SPY   260904C00782000,2026-09-02T15:00:00Z,0.030000,0.030000,0.030000,0.030000
401b35ab-2ae7-4098-a3bd-af2c14ef9ecb,SPY   260904C00782000,2026-09-02T16:00:00Z,0.030000,0.030000,0.030000,0.030000
401b35ab-2ae7-4098-a3bd-af2c14ef9ecb,SPY   260904C00782000,2026-09-02T17:00:00Z,0.030000,0.030000,0.020000,0.020000
401b35ab-2ae7-4098-a3bd-af2c14ef9ecb,SPY   260904C00782000,2026-09-02T18:00:00Z,0.020000,0.030000,0.020000,0.020000
401b35ab-2ae7-4098-a3bd-af2c14ef9ecb,SPY   260904C00782000,2026-09-02T19:00:00Z,0.020000,0.020000,0.020000,0.020000
401b35ab-2ae7-4098-a3bd-af2c14ef9ecb,SPY   260904C00782000,2026-09-03T14:00:00Z,0.030000,0.030000,0.020000,0.030000
401b35ab-2ae7-4098-a3bd-af2c14ef9ecb,SPY   260904C00782000,2026-09-03T15:00:00Z,0.030000,0.130000,0.030000,0.120000
401b35ab-2ae7-4098-a3bd-af2c14ef9ecb,SPY   260904C00782000,2026-09-03T16:00:00Z,0.120000,0.120000,0.080000,0.090000
401b35ab-2ae7-4098-a3bd-af2c14ef9ecb,SPY   260904C00782000,2026-09-03T17:00:00Z,0.090000,0.090000,0.060000,0.070000
401b35ab-2ae7-4098-a3bd-af2c14ef9ecb,SPY   260904C00782000,2026-09-03T18:00:00Z,0.070000,0.100000,0.070000,0.070000
401b35ab-2ae7-4098-a3bd-af2c14ef9ecb,SPY   260904C00782000,2026-09-03T19:00:00Z,0.070000,0.090000,0.070000,0.090000
401b35ab-2ae7-4098-a3bd-af2c14ef9ecb,SPY   260904C00782000,2026-09-04T14:00:00Z,0.020000,0.020000,0.020000,0.020000
401b35ab-2ae7-4098-a3bd-af2c14ef9ecb,SPY   260904C00782000,2026-09-04T15:00:00Z,0.020000,0.020000,0.020000,0.020000
401b35ab-2ae7-4098-a3bd-af2c14ef9ecb,SPY   260904C00782000,2026-09-04T16:00:00Z,0.020000,0.020000,0.020000,0.020000
401b35ab-2ae7-4098-a3bd-af2c14ef9ecb,SPY   260904C00782000,2026-09-04T17:00:00Z,0.020000,0.020000,0.010000,0.010000
401b35ab-2ae7-4098-a3bd-af2c14ef9ecb,SPY   260904C00782000,2026-09-04T18:00:00Z,0.010000,0.010000,0.010000,0.010000
401b35ab-2ae7-4098-a3bd-af2c14ef9ecb,SPY   260904C00782000,2026-09-04T19:00:00Z,0.010000,0.010000,0.010000,0.010000
40215f6f-fc74-4d1b-9c1d-16e516d6430b,SPY   260417P00657000,2026-04-07T14:00:00Z,11.650000,13.010000,11.020000,12.470000
40215f6f-fc74-4d1b-9c1d-16e516d6430b,SPY   260417P00657000,2026-04-07T15:00:00Z,12.470000,13.460000,11.680000,11.850000
40215f6f-fc74-4d1b-9c1d-16e516d6430b,SPY   260417P00657000,2026-04-07T16:00:00Z,11.800000,11.810000,10.190000,10.820000
40215f6f-fc74-4d1b-9c1d-16e516d6430b,SPY   260417P00657000,2026-04-07T17:00:00Z,10.840000,11.200000,9.780000,10.560000
40215f6f-fc74-4d1b-9c1d-16e516d6430b,SPY   260417P00657000,2026-04-07T18:00:00Z,10.560000,11.530000,10.440000,11.390000
40215f6f-fc74-4d1b-9c1d-16e516d6430b,SPY   260417P00657000,2026-04-07T19:00:00Z,12.360000,12.650000,9.210000,9.300000
40215f6f-fc74-4d1b-9c1d-16e516d6430b,SPY   260417P00657000,2026-04-08T14:00:00Z,2.470000,3.530000,2.340000,3.170000
40215f6f-fc74-4d1b-9c1d-16e516d6430b,SPY   260417P00657000,2026-04-08T15:00:00Z,3.160000,3.270000,2.550000,2.600000
40215f6f-fc74-4d1b-9c1d-16e516d6430b,SPY   260417P00657000,2026-04-08T16:00:00Z,2.600000,2.680000,2.220000,2.250000
40215f6f-fc74-4d1b-9c1d-16e516d6430b,SPY   260417P00657000,2026-04-08T17:00:00Z,2.260000,2.620000,2.170000,2.430000
40215f6f-fc74-4d1b-9c1d-16e516d6430b,SPY   260417P00657000,2026-04-08T18:00:00Z,2.340000,3.230000,2.250000,3.190000
40215f6f-fc74-4d1b-9c1d-16e516d6430b,SPY   260417P00657000,2026-04-08T19:00:00Z,3.110000,3.140000,2.650000,2.680000
40215f6f-fc74-4d1b-9c1d-16e516d6430b,SPY   260417P00657000,2026-04-09T14:00:00Z,2.110000,2.350000,1.950000,1.990000
40215f6f-fc74-4d1b-9c1d-16e516d6430b,SPY   260417P00657000,2026-04-09T15:00:00Z,1.830000,1.880000,1.560000,1.650000
40215f6f-fc74-4d1b-9c1d-16e516d6430b,SPY   260417P00657000,2026-04-09T16:00:00Z,1.490000,1.490000,1.280000,1.350000
40215f6f-fc74-4d1b-9c1d-16e516d6430b,SPY   260417P00657000,2026-04-09T17:00:00Z,1.340000,1.370000,1.190000,1.230000
40215f6f-fc74-4d1b-9c1d-16e516d6430b,SPY   260417P00657000,2026-04-09T18:00:00Z,1.240000,1.490000,1.230000,1.300000
40215f6f-fc74-4d1b-9c1d-16e516d6430b,SPY   260417P00657000,2026-04-09T19:00:00Z,1.300000,1.340000,1.090000,1.140000
40215f6f-fc74-4d1b-9c1d-16e516d6430b,SPY   260417P00657000,2026-04-10T14:00:00Z,0.920000,0.970000,0.760000,0.890000
40215f6f-fc74-4d1b-9c1d-16e516d6430b,SPY   260417P00657000,2026-04-10T15:00:00Z,0.900000,1.290000,0.770000,1.210000
40215f6f-fc74-4d1b-9c1d-16e516d6430b,SPY   260417P00657000,2026-04-10T16:00:00Z,1.200000,1.410000,1.040000,1.200000
40215f6f-fc74-4d1b-9c1d-16e516d6430b,SPY   260417P00657000,2026-04-10T17:00:00Z,1.200000,1.370000,1.170000,1.180000
40215f6f-fc74-4d1b-9c1d-16e516d6430b,SPY   260417P00657000,2026-04-10T18:00:00Z,1.180000,1.300000,1.080000,1.080000
40215f6f-fc74-4d1b-9c1d-16e516d6430b,SPY   260417P00657000,2026-04-10T19:00:00Z,1.080000,1.110000,0.970000,1.000000
40215f6f-fc74-4d1b-9c1d-16e516d6430b,SPY   260417P00657000,2026-04-13T14:00:00Z,0.700000,0.800000,0.610000,0.620000
40215f6f-fc74-4d1b-9c1d-16e516d6430b,SPY   260417P00657000,2026-04-13T15:00:00Z,0.620000,0.740000,0.620000,0.700000
40215f6f-fc74-4d1b-9c1d-16e516d6430b,SPY   260417P00657000,2026-04-13T16:00:00Z,0.730000,0.730000,0.490000,0.540000
40215f6f-fc74-4d1b-9c1d-16e516d6430b,SPY   260417P00657000,2026-04-13T17:00:00Z,0.540000,0.610000,0.530000,0.570000
40215f6f-fc74-4d1b-9c1d-16e516d6430b,SPY   260417P00657000,2026-04-13T18:00:00Z,0.570000,0.570000,0.480000,0.490000
40215f6f-fc74-4d1b-9c1d-16e516d6430b,SPY   260417P00657000,2026-04-13T19:00:00Z,0.490000,0.500000,0.470000,0.500000
40215f6f-fc74-4d1b-9c1d-16e516d6430b,SPY   260417P00657000,2026-04-14T14:00:00Z,0.230000,0.230000,0.210000,0.230000
40215f6f-fc74-4d1b-9c1d-16e516d6430b,SPY   260417P00657000,2026-04-14T15:00:00Z,0.230000,0.260000,0.200000,0.230000
40215f6f-fc74-4d1b-9c1d-16e516d6430b,SPY   260417P00657000,2026-04-14T16:00:00Z,0.230000,0.240000,0.200000,0.200000
40215f6f-fc74-4d1b-9c1d-16e516d6430b,SPY   260417P00657000,2026-04-14T17:00:00Z,0.200000,0.210000,0.190000,0.210000
40215f6f-fc74-4d1b-9c1d-16e516d6430b,SPY   260417P00657000,2026-04-14T18:00:00Z,0.210000,0.220000,0.200000,0.200000
40215f6f-fc74-4d1b-9c1d-16e516d6430b,SPY   260417P00657000,2026-04-14T19:00:00Z,0.200000,0.210000,0.190000,0.190000
40215f6f-fc74-4d1b-9c1d-16e516d6430b,SPY   260417P00657000,2026-04-15T14:00:00Z,0.110000,0.110000,0.100000,0.100000
40215f6f-fc74-4d1b-9c1d-16e516d6430b,SPY   260417P00657000,2026-04-15T15:00:00Z,0.100000,0.110000,0.100000,0.110000
40215f6f-fc74-4d1b-9c1d-16e516d6430b,SPY   260417P00657000,2026-04-15T16:00:00Z,0.110000,0.120000,0.100000,0.100000
40215f6f-fc74-4d1b-9c1d-16e516d6430b,SPY   260417P00657000,2026-04-15T17:00:00Z,0.100000,0.100000,0.090000,0.100000
40215f6f-fc74-4d1b-9c1d-16e516d6430b,SPY   260417P00657000,2026-04-15T18:00:00Z,0.100000,0.110000,0.080000,0.080000
40215f6f-fc74-4d1b-9c1d-16e516d6430b,SPY   260417P00657000,2026-04-15T19:00:00Z,0.080000,0.080000,0.070000,0.070000
40215f6f-fc74-4d1b-9c1d-16e516d6430b,SPY   260417P00657000,2026-04-16T14:00:00Z,0.040000,0.050000,0.040000,0.050000
40215f6f-fc74-4d1b-9c1d-16e516d6430b,SPY   260417P00657000,2026-04-16T15:00:00Z,0.050000,0.050000,0.050000,0.050000
40215f6f-fc74-4d1b-9c1d-16e516d6430b,SPY   260417P00657000,2026-04-16T16:00:00Z,0.050000,0.050000,0.050000,0.050000
40215f6f-fc74-4d1b-9c1d-16e516d6430b,SPY   260417P00657000,2026-04-16T17:00:00Z,0.050000,0.050000,0.050000,0.050000
40215f6f-fc74-4d1b-9c1d-16e516d6430b,SPY   260417P00657000,2026-04-16T18:00:00Z,0.050000,0.050000,0.040000,0.040000
40215f6f-fc74-4d1b-9c1d-16e516d6430b,SPY   260417P00657000,2026-04-16T19:00:00Z,0.040000,0.040000,0.020000,0.020000
40215f6f-fc74-4d1b-9c1d-16e516d6430b,SPY   260417P00657000,2026-04-17T14:00:00Z,0.010000,0.010000,0.010000,0.010000
40215f6f-fc74-4d1b-9c1d-16e516d6430b,SPY   260417P00657000,2026-04-17T15:00:00Z,0.010000,0.010000,0.010000,0.010000
40215f6f-fc74-4d1b-9c1d-16e516d6430b,SPY   260417P00657000,2026-04-17T16:00:00Z,0.010000,0.010000,0.010000,0.010000
40215f6f-fc74-4d1b-9c1d-16e516d6430b,SPY   260417P00657000,2026-04-17T17:00:00Z,0.010000,0.030000,0.010000,0.020000
40215f6f-fc74-4d1b-9c1d-16e516d6430b,SPY   260417P00657000,2026-04-17T18:00:00Z,0.020000,0.020000,0.010000,0.010000
40215f6f-fc74-4d1b-9c1d-16e516d6430b,SPY   260417P00657000,2026-04-17T19:00:00Z,0.010000,0.010000,0.010000,0.010000
4303e314-1a19-4ab4-b40c-d4678e28ec76,SPY   260828P00744000,2026-08-24T14:00:00Z,0.550000,0.610000,0.500000,0.510000
4303e314-1a19-4ab4-b40c-d4678e28ec76,SPY   260828P00744000,2026-08-24T15:00:00Z,0.510000,0.600000,0.460000,0.460000
4303e314-1a19-4ab4-b40c-d4678e28ec76,SPY   260828P00744000,2026-08-24T16:00:00Z,0.460000,0.460000,0.410000,0.440000
4303e314-1a19-4ab4-b40c-d4678e28ec76,SPY   260828P00744000,2026-08-24T17:00:00Z,0.440000,0.490000,0.400000,0.460000
4303e314-1a19-4ab4-b40c-d4678e28ec76,SPY   260828P00744000,2026-08-24T18:00:00Z,0.460000,0.460000,0.370000,0.420000
4303e314-1a19-4ab4-b40c-d4678e28ec76,SPY   260828P00744000,2026-08-24T19:00:00Z,0.420000,0.460000,0.410000,0.440000
4303e314-1a19-4ab4-b40c-d4678e28ec76,SPY   260828P00744000,2026-08-25T14:00:00Z,0.290000,0.310000,0.290000,0.300000
4303e314-1a19-4ab4-b40c-d4678e28ec76,SPY   260828P00744000,2026-08-25T15:00:00Z,0.300000,0.310000,0.230000,0.240000
4303e314-1a19-4ab4-b40c-d4678e28ec76,SPY   260828P00744000,2026-08-25T16:00:00Z,0.240000,0.250000,0.210000,0.210000
4303e314-1a19-4ab4-b40c-d4678e28ec76,SPY   260828P00744000,2026-08-25T17:00:00Z,0.210000,0.240000,0.210000,0.220000
4303e314-1a19-4ab4-b40c-d4678e28ec76,SPY   260828P00744000,2026-08-25T18:00:00Z,0.220000,0.230000,0.190000,0.190000
4303e314-1a19-4ab4-b40c-d4678e28ec76,SPY   260828P00744000,2026-08-25T19:00:00Z,0.200000,0.210000,0.200000,0.200000
4303e314-1a19-4ab4-b40c-d4678e28ec76,SPY   260828P00744000,2026-08-26T14:00:00Z,0.120000,0.160000,0.120000,0.140000
4303e314-1a19-4ab4-b40c-d4678e28ec76,SPY   260828P00744000,2026-08-26T15:00:00Z,0.140000,0.170000,0.130000,0.170000
4303e314-1a19-4ab4-b40c-d4678e28ec76,SPY   260828P00744000,2026-08-26T16:00:00Z,0.170000,0.220000,0.170000,0.180000
4303e314-1a19-4ab4-b40c-d4678e28ec76,SPY   260828P00744000,2026-08-26T17:00:00Z,0.180000,0.180000,0.130000,0.130000
4303e314-1a19-4ab4-b40c-d4678e28ec76,SPY   260828P00744000,2026-08-26T18:00:00Z,0.130000,0.140000,0.120000,0.120000
4303e314-1a19-4ab4-b40c-d4678e28ec76,SPY   260828P00744000,2026-08-26T19:00:00Z,0.110000,0.110000,0.090000,0.090000
4303e314-1a19-4ab4-b40c-d4678e28ec76,SPY   260828P00744000,2026-08-27T14:00:00Z,0.040000,0.040000,0.030000,0.030000
4303e314-1a19-4ab4-b40c-d4678e28ec76,SPY   260828P00744000,2026-08-27T15:00:00Z,0.030000,0.030000,0.030000,0.030000
4303e314-1a19-4ab4-b40c-d4678e28ec76,SPY   260828P00744000,2026-08-27T16:00:00Z,0.030000,0.030000,0.030000,0.030000
4303e314-1a19-4ab4-b40c-d4678e28ec76,SPY   260828P00744000,2026-08-27T17:00:00Z,0.030000,0.030000,0.030000,0.030000
4303e314-1a19-4ab4-b40c-d4678e28ec76,SPY   260828P00744000,2026-08-27T18:00:00Z,0.030000,0.030000,0.030000,0.030000
4303e314-1a19-4ab4-b40c-d4678e28ec76,SPY   260828P00744000,2026-08-27T19:00:00Z,0.030000,0.030000,0.020000,0.020000
4303e314-1a19-4ab4-b40c-d4678e28ec76,SPY   260828P00744000,2026-08-28T14:00:00Z,0.010000,0.010000,0.010000,0.010000
4303e314-1a19-4ab4-b40c-d4678e28ec76,SPY   260828P00744000,2026-08-28T15:00:00Z,0.010000,0.010000,0.010000,0.010000
4303e314-1a19-4ab4-b40c-d4678e28ec76,SPY   260828P00744000,2026-08-28T16:00:00Z,0.010000,0.010000,0.010000,0.010000
4303e314-1a19-4ab4-b40c-d4678e28ec76,SPY   260828P00744000,2026-08-28T17:00:00Z,0.010000,0.010000,0.010000,0.010000
4303e314-1a19-4ab4-b40c-d4678e28ec76,SPY   260828P00744000,2026-08-28T18:00:00Z,0.010000,0.010000,0.010000,0.010000
4303e314-1a19-4ab4-b40c-d4678e28ec76,SPY   260828P00744000,2026-08-28T19:00:00Z,0.010000,0.010000,0.010000,0.010000
439a7d12-6b0f-407f-a3c0-1a05b163b523,SPY   260612C00753000,2026-06-02T14:00:00Z,9.850000,11.250000,9.180000,11.240000
439a7d12-6b0f-407f-a3c0-1a05b163b523,SPY   260612C00753000,2026-06-02T15:00:00Z,11.240000,11.730000,11.080000,11.230000
439a7d12-6b0f-407f-a3c0-1a05b163b523,SPY   260612C00753000,2026-06-02T16:00:00Z,11.230000,11.340000,10.820000,11.270000
439a7d12-6b0f-407f-a3c0-1a05b163b523,SPY   260612C00753000,2026-06-02T17:00:00Z,11.270000,11.300000,10.550000,10.550000
439a7d12-6b0f-407f-a3c0-1a05b163b523,SPY   260612C00753000,2026-06-02T18:00:00Z,10.550000,10.700000,10.300000,10.570000
439a7d12-6b0f-407f-a3c0-1a05b163b523,SPY   260612C00753000,2026-06-02T19:00:00Z,10.570000,11.140000,10.560000,10.900000
439a7d12-6b0f-407f-a3c0-1a05b163b523,SPY   260612C00753000,2026-06-03T14:00:00Z,8.540000,8.940000,8.190000,8.420000
439a7d12-6b0f-407f-a3c0-1a05b163b523,SPY   260612C00753000,2026-06-03T15:00:00Z,8.430000,8.600000,7.660000,7.850000
439a7d12-6b0f-407f-a3c0-1a05b163b523,SPY   260612C00753000,2026-06-03T16:00:00Z,7.850000,7.970000,6.940000,7.760000
439a7d12-6b0f-407f-a3c0-1a05b163b523,SPY   260612C00753000,2026-06-03T17:00:00Z,7.760000,7.990000,7.130000,7.940000
439a7d12-6b0f-407f-a3c0-1a05b163b523,SPY   260612C00753000,2026-06-03T18:00:00Z,7.940000,8.160000,7.600000,7.920000
439a7d12-6b0f-407f-a3c0-1a05b163b523,SPY   260612C00753000,2026-06-03T19:00:00Z,7.920000,7.920000,7.130000,7.360000
439a7d12-6b0f-407f-a3c0-1a05b163b523,SPY   260612C00753000,2026-06-04T14:00:00Z,6.070000,6.220000,5.570000,5.710000
439a7d12-6b0f-407f-a3c0-1a05b163b523,SPY   260612C00753000,2026-06-04T15:00:00Z,6.510000,7.550000,6.510000,7.130000
439a7d12-6b0f-407f-a3c0-1a05b163b523,SPY   260612C00753000,2026-06-04T16:00:00Z,7.130000,8.040000,7.040000,8.010000
439a7d12-6b0f-407f-a3c0-1a05b163b523,SPY   260612C00753000,2026-06-04T17:00:00Z,8.010000,8.530000,7.860000,8.520000
439a7d12-6b0f-407f-a3c0-1a05b163b523,SPY   260612C00753000,2026-06-04T18:00:00Z,8.520000,8.700000,8.450000,8.480000
439a7d12-6b0f-407f-a3c0-1a05b163b523,SPY   260612C00753000,2026-06-04T19:00:00Z,8.480000,8.870000,8.100000,8.140000
439a7d12-6b0f-407f-a3c0-1a05b163b523,SPY   260612C00753000,2026-06-05T14:00:00Z,3.710000,4.400000,3.550000,3.850000
439a7d12-6b0f-407f-a3c0-1a05b163b523,SPY   260612C00753000,2026-06-05T15:00:00Z,3.860000,3.960000,2.750000,2.910000
439a7d12-6b0f-407f-a3c0-1a05b163b523,SPY   260612C00753000,2026-06-05T16:00:00Z,2.900000,2.900000,2.350000,2.660000
439a7d12-6b0f-407f-a3c0-1a05b163b523,SPY   260612C00753000,2026-06-05T17:00:00Z,2.660000,2.660000,2.220000,2.290000
439a7d12-6b0f-407f-a3c0-1a05b163b523,SPY   260612C00753000,2026-06-05T18:00:00Z,2.390000,2.410000,1.550000,1.610000
439a7d12-6b0f-407f-a3c0-1a05b163b523,SPY   260612C00753000,2026-06-05T19:00:00Z,1.600000,1.750000,1.310000,1.680000
439a7d12-6b0f-407f-a3c0-1a05b163b523,SPY   260612C00753000,2026-06-08T14:00:00Z,1.360000,1.950000,1.280000,1.950000
439a7d12-6b0f-407f-a3c0-1a05b163b523,SPY   260612C00753000,2026-06-08T15:00:00Z,1.950000,2.040000,1.840000,1.960000
439a7d12-6b0f-407f-a3c0-1a05b163b523,SPY   260612C00753000,2026-06-08T16:00:00Z,1.480000,1.540000,1.470000,1.540000
439a7d12-6b0f-407f-a3c0-1a05b163b523,SPY   260612C00753000,2026-06-08T17:00:00Z,1.200000,1.240000,0.940000,1.020000
439a7d12-6b0f-407f-a3c0-1a05b163b523,SPY   260612C00753000,2026-06-08T18:00:00Z,1.030000,1.210000,0.960000,0.980000
439a7d12-6b0f-407f-a3c0-1a05b163b523,SPY   260612C00753000,2026-06-08T19:00:00Z,0.980000,1.010000,0.670000,0.710000
439a7d12-6b0f-407f-a3c0-1a05b163b523,SPY   260612C00753000,2026-06-09T14:00:00Z,1.320000,1.460000,0.450000,0.560000
439a7d12-6b0f-407f-a3c0-1a05b163b523,SPY   260612C00753000,2026-06-09T15:00:00Z,0.560000,0.580000,0.230000,0.230000
439a7d12-6b0f-407f-a3c0-1a05b163b523,SPY   260612C00753000,2026-06-09T16:00:00Z,0.210000,0.210000,0.190000,0.190000
439a7d12-6b0f-407f-a3c0-1a05b163b523,SPY   260612C00753000,2026-06-09T17:00:00Z,0.220000,0.440000,0.220000,0.350000
439a7d12-6b0f-407f-a3c0-1a05b163b523,SPY   260612C00753000,2026-06-09T18:00:00Z,0.350000,0.540000,0.320000,0.500000
439a7d12-6b0f-407f-a3c0-1a05b163b523,SPY   260612C00753000,2026-06-09T19:00:00Z,0.500000,0.540000,0.280000,0.410000
439a7d12-6b0f-407f-a3c0-1a05b163b523,SPY   260612C00753000,2026-06-10T14:00:00Z,0.350000,0.450000,0.310000,0.440000
439a7d12-6b0f-407f-a3c0-1a05b163b523,SPY   260612C00753000,2026-06-10T15:00:00Z,0.210000,0.250000,0.160000,0.180000
439a7d12-6b0f-407f-a3c0-1a05b163b523,SPY   260612C00753000,2026-06-10T16:00:00Z,0.180000,0.200000,0.150000,0.160000
439a7d12-6b0f-407f-a3c0-1a05b163b523,SPY   260612C00753000,2026-06-10T17:00:00Z,0.150000,0.160000,0.100000,0.130000
439a7d12-6b0f-407f-a3c0-1a05b163b523,SPY   260612C00753000,2026-06-10T18:00:00Z,0.130000,0.150000,0.070000,0.070000
439a7d12-6b0f-407f-a3c0-1a05b163b523,SPY   260612C00753000,2026-06-10T19:00:00Z,0.070000,0.110000,0.070000,0.100000
439a7d12-6b0f-407f-a3c0-1a05b163b523,SPY   260612C00753000,2026-06-11T14:00:00Z,0.060000,0.060000,0.040000,0.040000
439a7d12-6b0f-407f-a3c0-1a05b163b523,SPY   260612C00753000,2026-06-11T15:00:00Z,0.040000,0.050000,0.040000,0.050000
439a7d12-6b0f-407f-a3c0-1a05b163b523,SPY   260612C00753000,2026-06-11T16:00:00Z,0.050000,0.050000,0.040000,0.040000
439a7d12-6b0f-407f-a3c0-1a05b163b523,SPY   260612C00753000,2026-06-11T17:00:00Z,0.080000,0.250000,0.080000,0.130000
439a7d12-6b0f-407f-a3c0-1a05b163b523,SPY   260612C00753000,2026-06-11T18:00:00Z,0.130000,0.150000,0.090000,0.110000
439a7d12-6b0f-407f-a3c0-1a05b163b523,SPY   260612C00753000,2026-06-11T19:00:00Z,0.100000,0.300000,0.090000,0.160000
439a7d12-6b0f-407f-a3c0-1a05b163b523,SPY   260612C00753000,2026-06-12T14:00:00Z,0.100000,0.300000,0.060000,0.170000
439a7d12-6b0f-407f-a3c0-1a05b163b523,SPY   260612C00753000,2026-06-12T15:00:00Z,0.170000,0.180000,0.060000,0.060000
439a7d12-6b0f-407f-a3c0-1a05b163b523,SPY   260612C00753000,2026-06-12T16:00:00Z,0.060000,0.190000,0.050000,0.050000
439a7d12-6b0f-407f-a3c0-1a05b163b523,SPY   260612C00753000,2026-06-12T17:00:00Z,0.050000,0.060000,0.020000,0.020000
439a7d12-6b0f-407f-a3c0-1a05b163b523,SPY   260612C00753000,2026-06-12T18:00:00Z,0.020000,0.020000,0.020000,0.020000
439a7d12-6b0f-407f-a3c0-1a05b163b523,SPY   260612C00753000,2026-06-12T19:00:00Z,0.020000,0.020000,0.010000,0.010000
450f1381-979a-409b-9e22-b8221cfdd336,SPY   251205C00689000,2025-12-01T15:00:00Z,1.180000,1.220000,0.760000,1.110000
450f1381-979a-409b-9e22-b8221cfdd336,SPY   251205C00689000,2025-12-01T16:00:00Z,1.090000,1.110000,1.090000,1.090000
450f1381-979a-409b-9e22-b8221cfdd336,SPY   251205C00689000,2025-12-01T17:00:00Z,0.980000,0.990000,0.960000,0.980000
450f1381-979a-409b-9e22-b8221cfdd336,SPY   251205C00689000,2025-12-01T18:00:00Z,1.070000,1.210000,1.070000,1.190000
450f1381-979a-409b-9e22-b8221cfdd336,SPY   251205C00689000,2025-12-01T19:00:00Z,1.200000,1.210000,0.720000,0.740000
450f1381-979a-409b-9e22-b8221cfdd336,SPY   251205C00689000,2025-12-01T20:00:00Z,0.740000,0.850000,0.710000,0.780000
450f1381-979a-409b-9e22-b8221cfdd336,SPY   251205C00689000,2025-12-02T15:00:00Z,0.980000,1.170000,0.750000,1.140000
450f1381-979a-409b-9e22-b8221cfdd336,SPY   251205C00689000,2025-12-02T16:00:00Z,1.150000,1.230000,0.600000,0.710000
450f1381-979a-409b-9e22-b8221cfdd336,SPY   251205C00689000,2025-12-02T17:00:00Z,0.780000,0.920000,0.610000,0.880000
450f1381-979a-409b-9e22-b8221cfdd336,SPY   251205C00689000,2025-12-02T18:00:00Z,0.620000,0.680000,0.570000,0.620000
450f1381-979a-409b-9e22-b8221cfdd336,SPY   251205C00689000,2025-12-02T19:00:00Z,0.620000,0.790000,0.570000,0.720000
450f1381-979a-409b-9e22-b8221cfdd336,SPY   251205C00689000,2025-12-02T20:00:00Z,0.650000,0.660000,0.640000,0.640000
450f1381-979a-409b-9e22-b8221cfdd336,SPY   251205C00689000,2025-12-03T15:00:00Z,0.470000,0.640000,0.430000,0.520000
450f1381-979a-409b-9e22-b8221cfdd336,SPY   251205C00689000,2025-12-03T16:00:00Z,0.440000,0.630000,0.430000,0.600000
450f1381-979a-409b-9e22-b8221cfdd336,SPY   251205C00689000,2025-12-03T17:00:00Z,0.460000,0.680000,0.440000,0.630000
450f1381-979a-409b-9e22-b8221cfdd336,SPY   251205C00689000,2025-12-03T18:00:00Z,0.620000,0.720000,0.570000,0.720000
450f1381-979a-409b-9e22-b8221cfdd336,SPY   251205C00689000,2025-12-03T19:00:00Z,0.690000,0.740000,0.640000,0.670000
450f1381-979a-409b-9e22-b8221cfdd336,SPY   251205C00689000,2025-12-03T20:00:00Z,0.670000,0.760000,0.450000,0.480000
450f1381-979a-409b-9e22-b8221cfdd336,SPY   251205C00689000,2025-12-04T15:00:00Z,0.390000,0.510000,0.290000,0.470000
450f1381-979a-409b-9e22-b8221cfdd336,SPY   251205C00689000,2025-12-04T16:00:00Z,0.290000,0.310000,0.280000,0.310000
450f1381-979a-409b-9e22-b8221cfdd336,SPY   251205C00689000,2025-12-04T17:00:00Z,0.360000,0.380000,0.260000,0.300000
450f1381-979a-409b-9e22-b8221cfdd336,SPY   251205C00689000,2025-12-04T18:00:00Z,0.300000,0.310000,0.240000,0.290000
450f1381-979a-409b-9e22-b8221cfdd336,SPY   251205C00689000,2025-12-04T19:00:00Z,0.270000,0.270000,0.140000,0.160000
450f1381-979a-409b-9e22-b8221cfdd336,SPY   251205C00689000,2025-12-04T20:00:00Z,0.160000,0.170000,0.120000,0.140000
450f1381-979a-409b-9e22-b8221cfdd336,SPY   251205C00689000,2025-12-05T15:00:00Z,0.380000,0.740000,0.210000,0.270000
450f1381-979a-409b-9e22-b8221cfdd336,SPY   251205C00689000,2025-12-05T16:00:00Z,0.270000,0.320000,0.100000,0.120000
450f1381-979a-409b-9e22-b8221cfdd336,SPY   251205C00689000,2025-12-05T17:00:00Z,0.110000,0.120000,0.070000,0.070000
450f1381-979a-409b-9e22-b8221cfdd336,SPY   251205C00689000,2025-12-05T18:00:00Z,0.090000,0.090000,0.080000,0.080000
450f1381-979a-409b-9e22-b8221cfdd336,SPY   251205C00689000,2025-12-05T19:00:00Z,0.040000,0.040000,0.020000,0.020000
450f1381-979a-409b-9e22-b8221cfdd336,SPY   251205C00689000,2025-12-05T20:00:00Z,0.020000,0.020000,0.010000,0.010000
45730322-0824-4b0c-83d3-ff6d339d1402,SPY   251003C00676000,2025-09-23T14:00:00Z,1.940000,2.020000,1.750000,1.760000
45730322-0824-4b0c-83d3-ff6d339d1402,SPY   251003C00676000,2025-09-23T15:00:00Z,1.760000,1.800000,1.610000,1.630000
45730322-0824-4b0c-83d3-ff6d339d1402,SPY   251003C00676000,2025-09-23T16:00:00Z,1.620000,1.630000,1.430000,1.470000
45730322-0824-4b0c-83d3-ff6d339d1402,SPY   251003C00676000,2025-09-23T17:00:00Z,1.470000,1.480000,1.090000,1.220000
45730322-0824-4b0c-83d3-ff6d339d1402,SPY   251003C00676000,2025-09-23T18:00:00Z,1.220000,1.260000,1.160000,1.180000
45730322-0824-4b0c-83d3-ff6d339d1402,SPY   251003C00676000,2025-09-23T19:00:00Z,1.060000,1.240000,1.050000,1.240000
45730322-0824-4b0c-83d3-ff6d339d1402,SPY   251003C00676000,2025-09-24T14:00:00Z,0.990000,1.030000,0.900000,0.920000
45730322-0824-4b0c-83d3-ff6d339d1402,SPY   251003C00676000,2025-09-24T15:00:00Z,0.870000,0.900000,0.690000,0.700000
45730322-0824-4b0c-83d3-ff6d339d1402,SPY   251003C00676000,2025-09-24T16:00:00Z,0.600000,0.650000,0.550000,0.630000
45730322-0824-4b0c-83d3-ff6d339d1402,SPY   251003C00676000,2025-09-24T17:00:00Z,0.590000,0.670000,0.560000,0.560000
45730322-0824-4b0c-83d3-ff6d339d1402,SPY   251003C00676000,2025-09-24T18:00:00Z,0.560000,0.570000,0.500000,0.520000
45730322-0824-4b0c-83d3-ff6d339d1402,SPY   251003C00676000,2025-09-24T19:00:00Z,0.520000,0.530000,0.470000,0.490000
45730322-0824-4b0c-83d3-ff6d339d1402,SPY   251003C00676000,2025-09-25T14:00:00Z,0.320000,0.330000,0.280000,0.300000
45730322-0824-4b0c-83d3-ff6d339d1402,SPY   251003C00676000,2025-09-25T15:00:00Z,0.300000,0.300000,0.230000,0.270000
45730322-0824-4b0c-83d3-ff6d339d1402,SPY   251003C00676000,2025-09-25T16:00:00Z,0.280000,0.290000,0.230000,0.240000
45730322-0824-4b0c-83d3-ff6d339d1402,SPY   251003C00676000,2025-09-25T17:00:00Z,0.230000,0.230000,0.230000,0.230000
45730322-0824-4b0c-83d3-ff6d339d1402,SPY   251003C00676000,2025-09-25T18:00:00Z,0.180000,0.240000,0.160000,0.230000
45730322-0824-4b0c-83d3-ff6d339d1402,SPY   251003C00676000,2025-09-25T19:00:00Z,0.190000,0.200000,0.180000,0.190000
45730322-0824-4b0c-83d3-ff6d339d1402,SPY   251003C00676000,2025-09-26T14:00:00Z,0.310000,0.320000,0.220000,0.220000
45730322-0824-4b0c-83d3-ff6d339d1402,SPY   251003C00676000,2025-09-26T15:00:00Z,0.180000,0.220000,0.170000,0.170000
45730322-0824-4b0c-83d3-ff6d339d1402,SPY   251003C00676000,2025-09-26T16:00:00Z,0.170000,0.240000,0.160000,0.230000
45730322-0824-4b0c-83d3-ff6d339d1402,SPY   251003C00676000,2025-09-26T17:00:00Z,0.230000,0.240000,0.190000,0.210000
45730322-0824-4b0c-83d3-ff6d339d1402,SPY   251003C00676000,2025-09-26T18:00:00Z,0.210000,0.220000,0.190000,0.190000
45730322-0824-4b0c-83d3-ff6d339d1402,SPY   251003C00676000,2025-09-26T19:00:00Z,0.190000,0.190000,0.130000,0.130000
45730322-0824-4b0c-83d3-ff6d339d1402,SPY   251003C00676000,2025-09-29T14:00:00Z,0.250000,0.290000,0.210000,0.240000
45730322-0824-4b0c-83d3-ff6d339d1402,SPY   251003C00676000,2025-09-29T15:00:00Z,0.200000,0.210000,0.160000,0.160000
45730322-0824-4b0c-83d3-ff6d339d1402,SPY   251003C00676000,2025-09-29T16:00:00Z,0.130000,0.140000,0.120000,0.130000
45730322-0824-4b0c-83d3-ff6d339d1402,SPY   251003C00676000,2025-09-29T17:00:00Z,0.130000,0.130000,0.110000,0.120000
45730322-0824-4b0c-83d3-ff6d339d1402,SPY   251003C00676000,2025-09-29T18:00:00Z,0.120000,0.130000,0.120000,0.120000
45730322-0824-4b0c-83d3-ff6d339d1402,SPY   251003C00676000,2025-09-29T19:00:00Z,0.120000,0.130000,0.100000,0.110000
45730322-0824-4b0c-83d3-ff6d339d1402,SPY   251003C00676000,2025-09-30T14:00:00Z,0.070000,0.070000,0.060000,0.060000
45730322-0824-4b0c-83d3-ff6d339d1402,SPY   251003C00676000,2025-09-30T15:00:00Z,0.060000,0.070000,0.060000,0.060000
45730322-0824-4b0c-83d3-ff6d339d1402,SPY   251003C00676000,2025-09-30T16:00:00Z,0.070000,0.090000,0.070000,0.070000
45730322-0824-4b0c-83d3-ff6d339d1402,SPY   251003C00676000,2025-09-30T17:00:00Z,0.070000,0.070000,0.060000,0.060000
45730322-0824-4b0c-83d3-ff6d339d1402,SPY   251003C00676000,2025-09-30T18:00:00Z,0.060000,0.090000,0.060000,0.090000
45730322-0824-4b0c-83d3-ff6d339d1402,SPY   251003C00676000,2025-09-30T19:00:00Z,0.090000,0.140000,0.080000,0.140000
45730322-0824-4b0c-83d3-ff6d339d1402,SPY   251003C00676000,2025-10-01T14:00:00Z,0.060000,0.060000,0.060000,0.060000
45730322-0824-4b0c-83d3-ff6d339d1402,SPY   251003C00676000,2025-10-01T15:00:00Z,0.070000,0.090000,0.070000,0.080000
45730322-0824-4b0c-83d3-ff6d339d1402,SPY   251003C00676000,2025-10-01T16:00:00Z,0.100000,0.100000,0.080000,0.080000
45730322-0824-4b0c-83d3-ff6d339d1402,SPY   251003C00676000,2025-10-01T17:00:00Z,0.080000,0.130000,0.080000,0.110000
45730322-0824-4b0c-83d3-ff6d339d1402,SPY   251003C00676000,2025-10-01T18:00:00Z,0.110000,0.190000,0.110000,0.170000
45730322-0824-4b0c-83d3-ff6d339d1402,SPY   251003C00676000,2025-10-01T19:00:00Z,0.170000,0.180000,0.110000,0.110000
45730322-0824-4b0c-83d3-ff6d339d1402,SPY   251003C00676000,2025-10-02T14:00:00Z,0.110000,0.110000,0.060000,0.060000
45730322-0824-4b0c-83d3-ff6d339d1402,SPY   251003C00676000,2025-10-02T15:00:00Z,0.060000,0.060000,0.050000,0.050000
45730322-0824-4b0c-83d3-ff6d339d1402,SPY   251003C00676000,2025-10-02T16:00:00Z,0.050000,0.050000,0.050000,0.050000
45730322-0824-4b0c-83d3-ff6d339d1402,SPY   251003C00676000,2025-10-02T17:00:00Z,0.050000,0.050000,0.050000,0.050000
45730322-0824-4b0c-83d3-ff6d339d1402,SPY   251003C00676000,2025-10-02T18:00:00Z,0.050000,0.060000,0.050000,0.050000
45730322-0824-4b0c-83d3-ff6d339d1402,SPY   251003C00676000,2025-10-02T19:00:00Z,0.050000,0.050000,0.030000,0.030000
45730322-0824-4b0c-83d3-ff6d339d1402,SPY   251003C00676000,2025-10-03T14:00:00Z,0.030000,0.030000,0.020000,0.020000
45730322-0824-4b0c-83d3-ff6d339d1402,SPY   251003C00676000,2025-10-03T15:00:00Z,0.020000,0.020000,0.020000,0.020000
45730322-0824-4b0c-83d3-ff6d339d1402,SPY   251003C00676000,2025-10-03T16:00:00Z,0.020000,0.020000,0.020000,0.020000
45730322-0824-4b0c-83d3-ff6d339d1402,SPY   251003C00676000,2025-10-03T17:00:00Z,0.020000,0.020000,0.020000,0.020000
45730322-0824-4b0c-83d3-ff6d339d1402,SPY   251003C00676000,2025-10-03T18:00:00Z,0.010000,0.010000,0.010000,0.010000
45730322-0824-4b0c-83d3-ff6d339d1402,SPY   251003C00676000,2025-10-03T19:00:00Z,0.010000,0.010000,0.010000,0.010000
479fca25-82a1-453c-a2d6-2963a5e013cb,SPY   251010P00666000,2025-10-06T14:00:00Z,2.030000,2.210000,1.710000,1.730000
479fca25-82a1-453c-a2d6-2963a5e013cb,SPY   251010P00666000,2025-10-06T15:00:00Z,1.670000,1.690000,1.560000,1.600000
479fca25-82a1-453c-a2d6-2963a5e013cb,SPY   251010P00666000,2025-10-06T16:00:00Z,1.410000,1.500000,1.380000,1.410000
479fca25-82a1-453c-a2d6-2963a5e013cb,SPY   251010P00666000,2025-10-06T17:00:00Z,1.410000,1.530000,1.260000,1.270000
479fca25-82a1-453c-a2d6-2963a5e013cb,SPY   251010P00666000,2025-10-06T18:00:00Z,1.270000,1.310000,1.230000,1.280000
479fca25-82a1-453c-a2d6-2963a5e013cb,SPY   251010P00666000,2025-10-06T19:00:00Z,1.280000,1.370000,1.240000,1.250000
479fca25-82a1-453c-a2d6-2963a5e013cb,SPY   251010P00666000,2025-10-07T14:00:00Z,1.020000,1.390000,0.980000,1.260000
479fca25-82a1-453c-a2d6-2963a5e013cb,SPY   251010P00666000,2025-10-07T15:00:00Z,1.260000,2.270000,1.220000,1.710000
479fca25-82a1-453c-a2d6-2963a5e013cb,SPY   251010P00666000,2025-10-07T16:00:00Z,2.450000,2.690000,1.850000,2.300000
479fca25-82a1-453c-a2d6-2963a5e013cb,SPY   251010P00666000,2025-10-07T17:00:00Z,2.310000,2.370000,1.870000,2.270000
479fca25-82a1-453c-a2d6-2963a5e013cb,SPY   251010P00666000,2025-10-07T18:00:00Z,2.270000,2.510000,1.920000,1.940000
479fca25-82a1-453c-a2d6-2963a5e013cb,SPY   251010P00666000,2025-10-07T19:00:00Z,2.110000,2.110000,1.800000,1.800000
479fca25-82a1-453c-a2d6-2963a5e013cb,SPY   251010P00666000,2025-10-08T14:00:00Z,1.160000,1.180000,0.790000,0.810000
479fca25-82a1-453c-a2d6-2963a5e013cb,SPY   251010P00666000,2025-10-08T15:00:00Z,0.820000,0.820000,0.630000,0.640000
479fca25-82a1-453c-a2d6-2963a5e013cb,SPY   251010P00666000,2025-10-08T16:00:00Z,0.640000,0.720000,0.630000,0.640000
479fca25-82a1-453c-a2d6-2963a5e013cb,SPY   251010P00666000,2025-10-08T17:00:00Z,0.640000,0.690000,0.600000,0.670000
479fca25-82a1-453c-a2d6-2963a5e013cb,SPY   251010P00666000,2025-10-08T18:00:00Z,0.650000,0.670000,0.600000,0.610000
479fca25-82a1-453c-a2d6-2963a5e013cb,SPY   251010P00666000,2025-10-08T19:00:00Z,0.640000,0.660000,0.540000,0.560000
479fca25-82a1-453c-a2d6-2963a5e013cb,SPY   251010P00666000,2025-10-09T14:00:00Z,0.570000,0.880000,0.500000,0.570000
479fca25-82a1-453c-a2d6-2963a5e013cb,SPY   251010P00666000,2025-10-09T15:00:00Z,0.560000,0.810000,0.500000,0.520000
479fca25-82a1-453c-a2d6-2963a5e013cb,SPY   251010P00666000,2025-10-09T16:00:00Z,0.520000,0.860000,0.490000,0.840000
479fca25-82a1-453c-a2d6-2963a5e013cb,SPY   251010P00666000,2025-10-09T17:00:00Z,0.800000,0.950000,0.680000,0.830000
479fca25-82a1-453c-a2d6-2963a5e013cb,SPY   251010P00666000,2025-10-09T18:00:00Z,0.700000,0.910000,0.610000,0.660000
479fca25-82a1-453c-a2d6-2963a5e013cb,SPY   251010P00666000,2025-10-09T19:00:00Z,0.650000,0.660000,0.410000,0.430000
479fca25-82a1-453c-a2d6-2963a5e013cb,SPY   251010P00666000,2025-10-10T14:00:00Z,0.090000,1.140000,0.060000,0.690000
479fca25-82a1-453c-a2d6-2963a5e013cb,SPY   251010P00666000,2025-10-10T15:00:00Z,0.830000,7.070000,0.830000,4.670000
479fca25-82a1-453c-a2d6-2963a5e013cb,SPY   251010P00666000,2025-10-10T16:00:00Z,5.480000,6.810000,3.630000,6.640000
479fca25-82a1-453c-a2d6-2963a5e013cb,SPY   251010P00666000,2025-10-10T17:00:00Z,7.040000,8.270000,5.250000,7.070000
479fca25-82a1-453c-a2d6-2963a5e013cb,SPY   251010P00666000,2025-10-10T18:00:00Z,6.400000,9.230000,5.970000,8.850000
479fca25-82a1-453c-a2d6-2963a5e013cb,SPY   251010P00666000,2025-10-10T19:00:00Z,8.840000,11.960000,7.870000,10.740000
49f2bf29-6a01-4e7e-b84c-f157a9b4c082,SPY   260327C00667000,2026-03-23T14:00:00Z,3.890000,4.280000,3.370000,3.800000
49f2bf29-6a01-4e7e-b84c-f157a9b4c082,SPY   260327C00667000,2026-03-23T15:00:00Z,3.060000,3.100000,3.060000,3.100000
49f2bf29-6a01-4e7e-b84c-f157a9b4c082,SPY   260327C00667000,2026-03-23T16:00:00Z,2.840000,2.940000,2.380000,2.630000
49f2bf29-6a01-4e7e-b84c-f157a9b4c082,SPY   260327C00667000,2026-03-23T17:00:00Z,2.960000,3.020000,2.680000,2.790000
49f2bf29-6a01-4e7e-b84c-f157a9b4c082,SPY   260327C00667000,2026-03-23T18:00:00Z,2.970000,3.540000,2.710000,3.370000
49f2bf29-6a01-4e7e-b84c-f157a9b4c082,SPY   260327C00667000,2026-03-23T19:00:00Z,3.240000,3.250000,3.220000,3.230000
49f2bf29-6a01-4e7e-b84c-f157a9b4c082,SPY   260327C00667000,2026-03-24T14:00:00Z,1.710000,1.720000,1.660000,1.660000
49f2bf29-6a01-4e7e-b84c-f157a9b4c082,SPY   260327C00667000,2026-03-24T15:00:00Z,1.670000,1.840000,1.610000,1.820000
49f2bf29-6a01-4e7e-b84c-f157a9b4c082,SPY   260327C00667000,2026-03-24T16:00:00Z,1.570000,1.580000,1.510000,1.510000
49f2bf29-6a01-4e7e-b84c-f157a9b4c082,SPY   260327C00667000,2026-03-24T17:00:00Z,1.250000,1.320000,1.240000,1.260000
49f2bf29-6a01-4e7e-b84c-f157a9b4c082,SPY   260327C00667000,2026-03-24T18:00:00Z,1.710000,1.720000,1.690000,1.720000
49f2bf29-6a01-4e7e-b84c-f157a9b4c082,SPY   260327C00667000,2026-03-24T19:00:00Z,1.500000,1.660000,1.120000,1.140000
49f2bf29-6a01-4e7e-b84c-f157a9b4c082,SPY   260327C00667000,2026-03-25T14:00:00Z,1.410000,1.640000,1.260000,1.470000
49f2bf29-6a01-4e7e-b84c-f157a9b4c082,SPY   260327C00667000,2026-03-25T15:00:00Z,1.480000,1.570000,0.890000,1.300000
49f2bf29-6a01-4e7e-b84c-f157a9b4c082,SPY   260327C00667000,2026-03-25T16:00:00Z,1.290000,1.370000,1.280000,1.350000
49f2bf29-6a01-4e7e-b84c-f157a9b4c082,SPY   260327C00667000,2026-03-25T17:00:00Z,1.220000,1.250000,1.120000,1.140000
49f2bf29-6a01-4e7e-b84c-f157a9b4c082,SPY   260327C00667000,2026-03-25T18:00:00Z,1.210000,1.280000,1.140000,1.190000
49f2bf29-6a01-4e7e-b84c-f157a9b4c082,SPY   260327C00667000,2026-03-25T19:00:00Z,0.860000,1.050000,0.810000,0.880000
49f2bf29-6a01-4e7e-b84c-f157a9b4c082,SPY   260327C00667000,2026-03-26T14:00:00Z,0.380000,0.390000,0.170000,0.200000
49f2bf29-6a01-4e7e-b84c-f157a9b4c082,SPY   260327C00667000,2026-03-26T15:00:00Z,0.200000,0.200000,0.160000,0.160000
49f2bf29-6a01-4e7e-b84c-f157a9b4c082,SPY   260327C00667000,2026-03-26T16:00:00Z,0.150000,0.150000,0.110000,0.110000
49f2bf29-6a01-4e7e-b84c-f157a9b4c082,SPY   260327C00667000,2026-03-26T17:00:00Z,0.110000,0.110000,0.070000,0.070000
49f2bf29-6a01-4e7e-b84c-f157a9b4c082,SPY   260327C00667000,2026-03-26T18:00:00Z,0.070000,0.070000,0.070000,0.070000
49f2bf29-6a01-4e7e-b84c-f157a9b4c082,SPY   260327C00667000,2026-03-26T19:00:00Z,0.070000,0.070000,0.050000,0.050000
49f2bf29-6a01-4e7e-b84c-f157a9b4c082,SPY   260327C00667000,2026-03-27T14:00:00Z,0.020000,0.020000,0.020000,0.020000
49f2bf29-6a01-4e7e-b84c-f157a9b4c082,SPY   260327C00667000,2026-03-27T15:00:00Z,0.020000,0.020000,0.020000,0.020000
49f2bf29-6a01-4e7e-b84c-f157a9b4c082,SPY   260327C00667000,2026-03-27T16:00:00Z,0.010000,0.010000,0.010000,0.010000
49f2bf29-6a01-4e7e-b84c-f157a9b4c082,SPY   260327C00667000,2026-03-27T17:00:00Z,0.010000,0.010000,0.010000,0.010000
49f2bf29-6a01-4e7e-b84c-f157a9b4c082,SPY   260327C00667000,2026-03-27T18:00:00Z,0.010000,0.010000,0.010000,0.010000
49f2bf29-6a01-4e7e-b84c-f157a9b4c082,SPY   260327C00667000,2026-03-27T19:00:00Z,0.010000,0.010000,0.010000,0.010000
49f3d5e8-2c79-49c0-9e14-e9d3be4c8676,SPY   260529P00740000,2026-05-19T14:00:00Z,9.600000,11.630000,9.480000,10.620000
49f3d5e8-2c79-49c0-9e14-e9d3be4c8676,SPY   260529P00740000,2026-05-19T15:00:00Z,10.620000,10.900000,10.190000,10.300000
49f3d5e8-2c79-49c0-9e14-e9d3be4c8676,SPY   260529P00740000,2026-05-19T16:00:00Z,10.580000,11.030000,8.610000,8.650000
49f3d5e8-2c79-49c0-9e14-e9d3be4c8676,SPY   260529P00740000,2026-05-19T17:00:00Z,8.670000,8.800000,8.010000,8.410000
49f3d5e8-2c79-49c0-9e14-e9d3be4c8676,SPY   260529P00740000,2026-05-19T18:00:00Z,8.400000,9.810000,8.100000,9.640000
49f3d5e8-2c79-49c0-9e14-e9d3be4c8676,SPY   260529P00740000,2026-05-19T19:00:00Z,9.690000,10.280000,8.640000,10.280000
49f3d5e8-2c79-49c0-9e14-e9d3be4c8676,SPY   260529P00740000,2026-05-20T14:00:00Z,8.450000,9.790000,6.770000,6.860000
49f3d5e8-2c79-49c0-9e14-e9d3be4c8676,SPY   260529P00740000,2026-05-20T15:00:00Z,6.930000,7.230000,5.830000,6.500000
49f3d5e8-2c79-49c0-9e14-e9d3be4c8676,SPY   260529P00740000,2026-05-20T16:00:00Z,6.400000,7.230000,6.260000,6.710000
49f3d5e8-2c79-49c0-9e14-e9d3be4c8676,SPY   260529P00740000,2026-05-20T17:00:00Z,6.540000,6.610000,6.130000,6.200000
49f3d5e8-2c79-49c0-9e14-e9d3be4c8676,SPY   260529P00740000,2026-05-20T18:00:00Z,6.340000,6.510000,5.900000,6.100000
49f3d5e8-2c79-49c0-9e14-e9d3be4c8676,SPY   260529P00740000,2026-05-20T19:00:00Z,6.100000,6.190000,5.540000,5.840000
49f3d5e8-2c79-49c0-9e14-e9d3be4c8676,SPY   260529P00740000,2026-05-21T14:00:00Z,5.910000,7.120000,5.470000,6.200000
49f3d5e8-2c79-49c0-9e14-e9d3be4c8676,SPY   260529P00740000,2026-05-21T15:00:00Z,6.110000,6.260000,6.040000,6.130000
49f3d5e8-2c79-49c0-9e14-e9d3be4c8676,SPY   260529P00740000,2026-05-21T16:00:00Z,5.900000,6.390000,5.530000,5.910000
49f3d5e8-2c79-49c0-9e14-e9d3be4c8676,SPY   260529P00740000,2026-05-21T17:00:00Z,5.100000,5.380000,4.170000,4.490000
49f3d5e8-2c79-49c0-9e14-e9d3be4c8676,SPY   260529P00740000,2026-05-21T18:00:00Z,4.010000,5.480000,3.830000,4.990000
49f3d5e8-2c79-49c0-9e14-e9d3be4c8676,SPY   260529P00740000,2026-05-21T19:00:00Z,4.980000,4.980000,3.970000,4.180000
49f3d5e8-2c79-49c0-9e14-e9d3be4c8676,SPY   260529P00740000,2026-05-22T14:00:00Z,2.590000,3.470000,2.590000,2.660000
49f3d5e8-2c79-49c0-9e14-e9d3be4c8676,SPY   260529P00740000,2026-05-22T15:00:00Z,2.660000,2.680000,2.240000,2.360000
49f3d5e8-2c79-49c0-9e14-e9d3be4c8676,SPY   260529P00740000,2026-05-22T16:00:00Z,2.360000,2.520000,2.280000,2.350000
49f3d5e8-2c79-49c0-9e14-e9d3be4c8676,SPY   260529P00740000,2026-05-22T17:00:00Z,2.350000,2.520000,2.020000,2.390000
49f3d5e8-2c79-49c0-9e14-e9d3be4c8676,SPY   260529P00740000,2026-05-22T18:00:00Z,2.380000,2.580000,2.340000,2.430000
49f3d5e8-2c79-49c0-9e14-e9d3be4c8676,SPY   260529P00740000,2026-05-22T19:00:00Z,2.430000,3.230000,2.400000,3.040000
49f3d5e8-2c79-49c0-9e14-e9d3be4c8676,SPY   260529P00740000,2026-05-26T14:00:00Z,1.050000,1.110000,0.910000,0.960000
49f3d5e8-2c79-49c0-9e14-e9d3be4c8676,SPY   260529P00740000,2026-05-26T15:00:00Z,0.960000,1.090000,0.950000,1.090000
49f3d5e8-2c79-49c0-9e14-e9d3be4c8676,SPY   260529P00740000,2026-05-26T16:00:00Z,1.130000,1.190000,1.130000,1.180000
49f3d5e8-2c79-49c0-9e14-e9d3be4c8676,SPY   260529P00740000,2026-05-26T17:00:00Z,1.320000,1.420000,1.210000,1.240000
49f3d5e8-2c79-49c0-9e14-e9d3be4c8676,SPY   260529P00740000,2026-05-26T18:00:00Z,1.230000,1.280000,1.060000,1.180000
49f3d5e8-2c79-49c0-9e14-e9d3be4c8676,SPY   260529P00740000,2026-05-26T19:00:00Z,1.180000,1.230000,0.900000,0.900000
49f3d5e8-2c79-49c0-9e14-e9d3be4c8676,SPY   260529P00740000,2026-05-27T14:00:00Z,0.730000,0.850000,0.610000,0.800000
49f3d5e8-2c79-49c0-9e14-e9d3be4c8676,SPY   260529P00740000,2026-05-27T15:00:00Z,0.800000,0.850000,0.720000,0.790000
49f3d5e8-2c79-49c0-9e14-e9d3be4c8676,SPY   260529P00740000,2026-05-27T16:00:00Z,0.850000,0.860000,0.720000,0.730000
49f3d5e8-2c79-49c0-9e14-e9d3be4c8676,SPY   260529P00740000,2026-05-27T17:00:00Z,0.630000,0.860000,0.550000,0.570000
49f3d5e8-2c79-49c0-9e14-e9d3be4c8676,SPY   260529P00740000,2026-05-27T18:00:00Z,0.570000,0.610000,0.430000,0.440000
49f3d5e8-2c79-49c0-9e14-e9d3be4c8676,SPY   260529P00740000,2026-05-27T19:00:00Z,0.440000,0.480000,0.400000,0.430000
49f3d5e8-2c79-49c0-9e14-e9d3be4c8676,SPY   260529P00740000,2026-05-28T14:00:00Z,0.310000,0.310000,0.170000,0.190000
49f3d5e8-2c79-49c0-9e14-e9d3be4c8676,SPY   260529P00740000,2026-05-28T15:00:00Z,0.190000,0.190000,0.160000,0.170000
49f3d5e8-2c79-49c0-9e14-e9d3be4c8676,SPY   260529P00740000,2026-05-28T16:00:00Z,0.140000,0.150000,0.120000,0.120000
49f3d5e8-2c79-49c0-9e14-e9d3be4c8676,SPY   260529P00740000,2026-05-28T17:00:00Z,0.120000,0.120000,0.100000,0.100000
49f3d5e8-2c79-49c0-9e14-e9d3be4c8676,SPY   260529P00740000,2026-05-28T18:00:00Z,0.100000,0.100000,0.100000,0.100000
49f3d5e8-2c79-49c0-9e14-e9d3be4c8676,SPY   260529P00740000,2026-05-28T19:00:00Z,0.090000,0.090000,0.080000,0.080000
49f3d5e8-2c79-49c0-9e14-e9d3be4c8676,SPY   260529P00740000,2026-05-29T14:00:00Z,0.030000,0.040000,0.030000,0.030000
49f3d5e8-2c79-49c0-9e14-e9d3be4c8676,SPY   260529P00740000,2026-05-29T15:00:00Z,0.030000,0.030000,0.020000,0.020000
49f3d5e8-2c79-49c0-9e14-e9d3be4c8676,SPY   260529P00740000,2026-05-29T16:00:00Z,0.020000,0.020000,0.020000,0.020000
49f3d5e8-2c79-49c0-9e14-e9d3be4c8676,SPY   260529P00740000,2026-05-29T17:00:00Z,0.020000,0.020000,0.020000,0.020000
49f3d5e8-2c79-49c0-9e14-e9d3be4c8676,SPY   260529P00740000,2026-05-29T18:00:00Z,0.020000,0.020000,0.020000,0.020000
49f3d5e8-2c79-49c0-9e14-e9d3be4c8676,SPY   260529P00740000,2026-05-29T19:00:00Z,0.020000,0.020000,0.010000,0.010000
49f57680-d4bb-4094-a935-0765418150a9,SPY   260213P00676000,2026-02-09T15:00:00Z,0.980000,1.120000,0.790000,0.820000
49f57680-d4bb-4094-a935-0765418150a9,SPY   260213P00676000,2026-02-09T16:00:00Z,0.830000,0.850000,0.770000,0.810000
49f57680-d4bb-4094-a935-0765418150a9,SPY   260213P00676000,2026-02-09T17:00:00Z,0.690000,0.700000,0.630000,0.690000
49f57680-d4bb-4094-a935-0765418150a9,SPY   260213P00676000,2026-02-09T18:00:00Z,0.700000,0.730000,0.650000,0.720000
49f57680-d4bb-4094-a935-0765418150a9,SPY   260213P00676000,2026-02-09T19:00:00Z,0.650000,0.660000,0.530000,0.570000
49f57680-d4bb-4094-a935-0765418150a9,SPY   260213P00676000,2026-02-09T20:00:00Z,0.570000,0.770000,0.550000,0.650000
49f57680-d4bb-4094-a935-0765418150a9,SPY   260213P00676000,2026-02-10T15:00:00Z,0.510000,0.600000,0.430000,0.490000
49f57680-d4bb-4094-a935-0765418150a9,SPY   260213P00676000,2026-02-10T16:00:00Z,0.550000,0.600000,0.480000,0.600000
49f57680-d4bb-4094-a935-0765418150a9,SPY   260213P00676000,2026-02-10T17:00:00Z,0.510000,0.560000,0.390000,0.420000
49f57680-d4bb-4094-a935-0765418150a9,SPY   260213P00676000,2026-02-10T18:00:00Z,0.420000,0.690000,0.410000,0.670000
49f57680-d4bb-4094-a935-0765418150a9,SPY   260213P00676000,2026-02-10T19:00:00Z,0.590000,0.670000,0.520000,0.530000
49f57680-d4bb-4094-a935-0765418150a9,SPY   260213P00676000,2026-02-10T20:00:00Z,0.530000,0.640000,0.500000,0.620000
49f57680-d4bb-4094-a935-0765418150a9,SPY   260213P00676000,2026-02-11T15:00:00Z,0.350000,1.030000,0.310000,0.440000
49f57680-d4bb-4094-a935-0765418150a9,SPY   260213P00676000,2026-02-11T16:00:00Z,0.420000,0.430000,0.410000,0.410000
49f57680-d4bb-4094-a935-0765418150a9,SPY   260213P00676000,2026-02-11T17:00:00Z,0.450000,0.520000,0.260000,0.370000
49f57680-d4bb-4094-a935-0765418150a9,SPY   260213P00676000,2026-02-11T18:00:00Z,0.370000,0.500000,0.310000,0.310000
49f57680-d4bb-4094-a935-0765418150a9,SPY   260213P00676000,2026-02-11T19:00:00Z,0.330000,0.360000,0.220000,0.280000
49f57680-d4bb-4094-a935-0765418150a9,SPY   260213P00676000,2026-02-11T20:00:00Z,0.280000,0.340000,0.240000,0.310000
49f57680-d4bb-4094-a935-0765418150a9,SPY   260213P00676000,2026-02-12T15:00:00Z,0.320000,0.410000,0.310000,0.400000
49f57680-d4bb-4094-a935-0765418150a9,SPY   260213P00676000,2026-02-12T16:00:00Z,0.490000,1.450000,0.450000,0.990000
49f57680-d4bb-4094-a935-0765418150a9,SPY   260213P00676000,2026-02-12T17:00:00Z,1.000000,1.020000,1.000000,1.020000
49f57680-d4bb-4094-a935-0765418150a9,SPY   260213P00676000,2026-02-12T18:00:00Z,1.160000,1.320000,0.780000,0.810000
49f57680-d4bb-4094-a935-0765418150a9,SPY   260213P00676000,2026-02-12T19:00:00Z,0.820000,1.030000,0.560000,0.630000
49f57680-d4bb-4094-a935-0765418150a9,SPY   260213P00676000,2026-02-12T20:00:00Z,0.590000,1.970000,0.590000,1.970000
49f57680-d4bb-4094-a935-0765418150a9,SPY   260213P00676000,2026-02-13T15:00:00Z,1.600000,1.600000,0.340000,0.490000
49f57680-d4bb-4094-a935-0765418150a9,SPY   260213P00676000,2026-02-13T16:00:00Z,0.490000,0.510000,0.200000,0.210000
49f57680-d4bb-4094-a935-0765418150a9,SPY   260213P00676000,2026-02-13T17:00:00Z,0.140000,0.150000,0.070000,0.090000
49f57680-d4bb-4094-a935-0765418150a9,SPY   260213P00676000,2026-02-13T18:00:00Z,0.040000,0.050000,0.040000,0.040000
49f57680-d4bb-4094-a935-0765418150a9,SPY   260213P00676000,2026-02-13T19:00:00Z,0.050000,0.050000,0.030000,0.040000
49f57680-d4bb-4094-a935-0765418150a9,SPY   260213P00676000,2026-02-13T20:00:00Z,0.040000,0.050000,0.030000,0.040000
4aed8a66-3617-42a6-86c6-a0b82fc72e7a,SPY   260320P00657000,2026-03-10T14:00:00Z,4.910000,5.270000,3.320000,3.320000
4aed8a66-3617-42a6-86c6-a0b82fc72e7a,SPY   260320P00657000,2026-03-10T15:00:00Z,3.350000,3.560000,3.180000,3.320000
4aed8a66-3617-42a6-86c6-a0b82fc72e7a,SPY   260320P00657000,2026-03-10T16:00:00Z,3.320000,3.760000,3.210000,3.280000
4aed8a66-3617-42a6-86c6-a0b82fc72e7a,SPY   260320P00657000,2026-03-10T17:00:00Z,3.170000,3.510000,2.860000,3.180000
4aed8a66-3617-42a6-86c6-a0b82fc72e7a,SPY   260320P00657000,2026-03-10T18:00:00Z,3.180000,4.990000,3.120000,4.300000
4aed8a66-3617-42a6-86c6-a0b82fc72e7a,SPY   260320P00657000,2026-03-10T19:00:00Z,4.260000,5.280000,3.940000,5.000000
4aed8a66-3617-42a6-86c6-a0b82fc72e7a,SPY   260320P00657000,2026-03-11T14:00:00Z,4.000000,4.810000,3.400000,3.800000
4aed8a66-3617-42a6-86c6-a0b82fc72e7a,SPY   260320P00657000,2026-03-11T15:00:00Z,3.780000,5.320000,3.590000,5.030000
4aed8a66-3617-42a6-86c6-a0b82fc72e7a,SPY   260320P00657000,2026-03-11T16:00:00Z,5.030000,5.350000,4.310000,4.310000
4aed8a66-3617-42a6-86c6-a0b82fc72e7a,SPY   260320P00657000,2026-03-11T17:00:00Z,4.330000,5.440000,4.090000,4.730000
4aed8a66-3617-42a6-86c6-a0b82fc72e7a,SPY   260320P00657000,2026-03-11T18:00:00Z,4.740000,5.190000,4.350000,4.480000
4aed8a66-3617-42a6-86c6-a0b82fc72e7a,SPY   260320P00657000,2026-03-11T19:00:00Z,4.480000,4.880000,4.100000,4.160000
4aed8a66-3617-42a6-86c6-a0b82fc72e7a,SPY   260320P00657000,2026-03-12T14:00:00Z,6.450000,7.070000,5.400000,6.460000
4aed8a66-3617-42a6-86c6-a0b82fc72e7a,SPY   260320P00657000,2026-03-12T15:00:00Z,6.420000,7.200000,5.850000,6.110000
4aed8a66-3617-42a6-86c6-a0b82fc72e7a,SPY   260320P00657000,2026-03-12T16:00:00Z,6.100000,6.740000,5.270000,6.190000
4aed8a66-3617-42a6-86c6-a0b82fc72e7a,SPY   260320P00657000,2026-03-12T17:00:00Z,6.080000,6.840000,5.730000,6.610000
4aed8a66-3617-42a6-86c6-a0b82fc72e7a,SPY   260320P00657000,2026-03-12T18:00:00Z,6.400000,6.980000,6.010000,6.920000
4aed8a66-3617-42a6-86c6-a0b82fc72e7a,SPY   260320P00657000,2026-03-12T19:00:00Z,6.940000,7.150000,6.220000,6.850000
4aed8a66-3617-42a6-86c6-a0b82fc72e7a,SPY   260320P00657000,2026-03-13T14:00:00Z,4.900000,7.250000,4.630000,7.110000
4aed8a66-3617-42a6-86c6-a0b82fc72e7a,SPY   260320P00657000,2026-03-13T15:00:00Z,7.080000,8.050000,6.290000,7.910000
4aed8a66-3617-42a6-86c6-a0b82fc72e7a,SPY   260320P00657000,2026-03-13T16:00:00Z,7.890000,7.930000,6.970000,7.820000
4aed8a66-3617-42a6-86c6-a0b82fc72e7a,SPY   260320P00657000,2026-03-13T17:00:00Z,7.820000,8.460000,6.980000,8.070000
4aed8a66-3617-42a6-86c6-a0b82fc72e7a,SPY   260320P00657000,2026-03-13T18:00:00Z,8.020000,8.100000,6.900000,7.150000
4aed8a66-3617-42a6-86c6-a0b82fc72e7a,SPY   260320P00657000,2026-03-13T19:00:00Z,8.140000,8.150000,7.790000,7.790000
4aed8a66-3617-42a6-86c6-a0b82fc72e7a,SPY   260320P00657000,2026-03-16T14:00:00Z,3.170000,4.350000,2.920000,3.510000
4aed8a66-3617-42a6-86c6-a0b82fc72e7a,SPY   260320P00657000,2026-03-16T15:00:00Z,3.500000,3.910000,3.100000,3.880000
4aed8a66-3617-42a6-86c6-a0b82fc72e7a,SPY   260320P00657000,2026-03-16T16:00:00Z,3.880000,4.470000,3.610000,3.840000
4aed8a66-3617-42a6-86c6-a0b82fc72e7a,SPY   260320P00657000,2026-03-16T17:00:00Z,3.820000,3.840000,3.310000,3.520000
4aed8a66-3617-42a6-86c6-a0b82fc72e7a,SPY   260320P00657000,2026-03-16T18:00:00Z,3.500000,3.560000,2.970000,3.160000
4aed8a66-3617-42a6-86c6-a0b82fc72e7a,SPY   260320P00657000,2026-03-16T19:00:00Z,3.160000,3.470000,2.570000,3.270000
4aed8a66-3617-42a6-86c6-a0b82fc72e7a,SPY   260320P00657000,2026-03-17T14:00:00Z,1.680000,2.050000,1.540000,1.630000
4aed8a66-3617-42a6-86c6-a0b82fc72e7a,SPY   260320P00657000,2026-03-17T15:00:00Z,1.630000,2.320000,1.590000,2.040000
4aed8a66-3617-42a6-86c6-a0b82fc72e7a,SPY   260320P00657000,2026-03-17T16:00:00Z,2.040000,2.270000,1.800000,1.910000
4aed8a66-3617-42a6-86c6-a0b82fc72e7a,SPY   260320P00657000,2026-03-17T17:00:00Z,1.910000,1.910000,1.610000,1.650000
4aed8a66-3617-42a6-86c6-a0b82fc72e7a,SPY   260320P00657000,2026-03-17T18:00:00Z,1.630000,1.870000,1.530000,1.700000
4aed8a66-3617-42a6-86c6-a0b82fc72e7a,SPY   260320P00657000,2026-03-17T19:00:00Z,1.700000,1.850000,1.650000,1.780000
4aed8a66-3617-42a6-86c6-a0b82fc72e7a,SPY   260320P00657000,2026-03-18T14:00:00Z,1.790000,2.830000,1.750000,2.200000
4aed8a66-3617-42a6-86c6-a0b82fc72e7a,SPY   260320P00657000,2026-03-18T15:00:00Z,2.200000,2.390000,1.930000,2.170000
4aed8a66-3617-42a6-86c6-a0b82fc72e7a,SPY   260320P00657000,2026-03-18T16:00:00Z,2.160000,2.570000,2.020000,2.300000
4aed8a66-3617-42a6-86c6-a0b82fc72e7a,SPY   260320P00657000,2026-03-18T17:00:00Z,2.310000,2.720000,2.170000,2.210000
4aed8a66-3617-42a6-86c6-a0b82fc72e7a,SPY   260320P00657000,2026-03-18T18:00:00Z,2.090000,3.220000,2.010000,3.150000
4aed8a66-3617-42a6-86c6-a0b82fc72e7a,SPY   260320P00657000,2026-03-18T19:00:00Z,3.140000,3.950000,2.660000,3.820000
4aed8a66-3617-42a6-86c6-a0b82fc72e7a,SPY   260320P00657000,2026-03-19T14:00:00Z,4.080000,5.370000,3.490000,4.020000
4aed8a66-3617-42a6-86c6-a0b82fc72e7a,SPY   260320P00657000,2026-03-19T15:00:00Z,4.050000,4.930000,3.100000,4.930000
4aed8a66-3617-42a6-86c6-a0b82fc72e7a,SPY   260320P00657000,2026-03-19T16:00:00Z,3.850000,4.480000,3.260000,4.050000
4aed8a66-3617-42a6-86c6-a0b82fc72e7a,SPY   260320P00657000,2026-03-19T17:00:00Z,4.030000,5.070000,3.590000,3.880000
4aed8a66-3617-42a6-86c6-a0b82fc72e7a,SPY   260320P00657000,2026-03-19T18:00:00Z,3.890000,4.420000,3.050000,3.170000
4aed8a66-3617-42a6-86c6-a0b82fc72e7a,SPY   260320P00657000,2026-03-19T19:00:00Z,3.170000,3.210000,2.710000,2.760000
4aed8a66-3617-42a6-86c6-a0b82fc72e7a,SPY   260320P00657000,2026-03-20T14:00:00Z,4.650000,6.080000,4.070000,5.240000
4aed8a66-3617-42a6-86c6-a0b82fc72e7a,SPY   260320P00657000,2026-03-20T15:00:00Z,5.120000,5.590000,3.810000,4.370000
4aed8a66-3617-42a6-86c6-a0b82fc72e7a,SPY   260320P00657000,2026-03-20T16:00:00Z,4.350000,5.240000,3.510000,4.420000
4aed8a66-3617-42a6-86c6-a0b82fc72e7a,SPY   260320P00657000,2026-03-20T17:00:00Z,4.400000,6.430000,3.970000,5.690000
4aed8a66-3617-42a6-86c6-a0b82fc72e7a,SPY   260320P00657000,2026-03-20T18:00:00Z,5.680000,9.360000,5.460000,8.970000
4aed8a66-3617-42a6-86c6-a0b82fc72e7a,SPY   260320P00657000,2026-03-20T19:00:00Z,8.880000,12.230000,8.400000,8.490000
4bdb8511-d2e4-4acc-9978-2fbc5c6a2a30,SPY   260220P00667000,2026-02-10T15:00:00Z,0.980000,1.090000,0.900000,0.980000
4bdb8511-d2e4-4acc-9978-2fbc5c6a2a30,SPY   260220P00667000,2026-02-10T16:00:00Z,0.970000,1.120000,0.950000,1.010000
4bdb8511-d2e4-4acc-9978-2fbc5c6a2a30,SPY   260220P00667000,2026-02-10T17:00:00Z,1.010000,1.070000,0.870000,0.900000
4bdb8511-d2e4-4acc-9978-2fbc5c6a2a30,SPY   260220P00667000,2026-02-10T18:00:00Z,0.900000,1.280000,0.900000,1.150000
4bdb8511-d2e4-4acc-9978-2fbc5c6a2a30,SPY   260220P00667000,2026-02-10T19:00:00Z,1.150000,1.220000,1.070000,1.080000
4bdb8511-d2e4-4acc-9978-2fbc5c6a2a30,SPY   260220P00667000,2026-02-10T20:00:00Z,1.090000,1.350000,1.050000,1.300000
4bdb8511-d2e4-4acc-9978-2fbc5c6a2a30,SPY   260220P00667000,2026-02-11T15:00:00Z,0.920000,1.820000,0.860000,1.090000
4bdb8511-d2e4-4acc-9978-2fbc5c6a2a30,SPY   260220P00667000,2026-02-11T16:00:00Z,1.080000,1.080000,1.050000,1.050000
4bdb8511-d2e4-4acc-9978-2fbc5c6a2a30,SPY   260220P00667000,2026-02-11T17:00:00Z,1.110000,1.190000,0.820000,0.990000
4bdb8511-d2e4-4acc-9978-2fbc5c6a2a30,SPY   260220P00667000,2026-02-11T18:00:00Z,0.990000,1.170000,0.910000,0.940000
4bdb8511-d2e4-4acc-9978-2fbc5c6a2a30,SPY   260220P00667000,2026-02-11T19:00:00Z,0.950000,0.980000,0.750000,0.860000
4bdb8511-d2e4-4acc-9978-2fbc5c6a2a30,SPY   260220P00667000,2026-02-11T20:00:00Z,0.870000,1.060000,0.840000,1.060000
4bdb8511-d2e4-4acc-9978-2fbc5c6a2a30,SPY   260220P00667000,2026-02-12T15:00:00Z,0.880000,1.600000,0.750000,1.590000
4bdb8511-d2e4-4acc-9978-2fbc5c6a2a30,SPY   260220P00667000,2026-02-12T16:00:00Z,1.590000,2.940000,1.560000,2.400000
4bdb8511-d2e4-4acc-9978-2fbc5c6a2a30,SPY   260220P00667000,2026-02-12T17:00:00Z,2.430000,2.800000,2.080000,2.780000
4bdb8511-d2e4-4acc-9978-2fbc5c6a2a30,SPY   260220P00667000,2026-02-12T18:00:00Z,2.800000,2.970000,2.090000,2.190000
4bdb8511-d2e4-4acc-9978-2fbc5c6a2a30,SPY   260220P00667000,2026-02-12T19:00:00Z,2.100000,2.120000,1.840000,1.940000
4bdb8511-d2e4-4acc-9978-2fbc5c6a2a30,SPY   260220P00667000,2026-02-12T20:00:00Z,1.960000,3.570000,1.910000,3.220000
4bdb8511-d2e4-4acc-9978-2fbc5c6a2a30,SPY   260220P00667000,2026-02-13T15:00:00Z,3.700000,3.700000,1.990000,2.400000
4bdb8511-d2e4-4acc-9978-2fbc5c6a2a30,SPY   260220P00667000,2026-02-13T16:00:00Z,2.400000,2.590000,1.610000,1.760000
4bdb8511-d2e4-4acc-9978-2fbc5c6a2a30,SPY   260220P00667000,2026-02-13T17:00:00Z,1.750000,1.840000,1.410000,1.640000
4bdb8511-d2e4-4acc-9978-2fbc5c6a2a30,SPY   260220P00667000,2026-02-13T18:00:00Z,1.630000,1.820000,1.330000,1.680000
4bdb8511-d2e4-4acc-9978-2fbc5c6a2a30,SPY   260220P00667000,2026-02-13T19:00:00Z,1.680000,2.250000,1.470000,2.220000
4bdb8511-d2e4-4acc-9978-2fbc5c6a2a30,SPY   260220P00667000,2026-02-13T20:00:00Z,2.390000,2.960000,2.370000,2.740000
4bdb8511-d2e4-4acc-9978-2fbc5c6a2a30,SPY   260220P00667000,2026-02-17T15:00:00Z,3.160000,3.340000,2.180000,2.300000
4bdb8511-d2e4-4acc-9978-2fbc5c6a2a30,SPY   260220P00667000,2026-02-17T16:00:00Z,2.300000,2.330000,1.290000,1.380000
4bdb8511-d2e4-4acc-9978-2fbc5c6a2a30,SPY   260220P00667000,2026-02-17T17:00:00Z,1.490000,2.040000,1.360000,1.590000
4bdb8511-d2e4-4acc-9978-2fbc5c6a2a30,SPY   260220P00667000,2026-02-17T18:00:00Z,1.590000,1.830000,0.940000,1.030000
4bdb8511-d2e4-4acc-9978-2fbc5c6a2a30,SPY   260220P00667000,2026-02-17T19:00:00Z,1.030000,1.070000,0.850000,0.990000
4bdb8511-d2e4-4acc-9978-2fbc5c6a2a30,SPY   260220P00667000,2026-02-17T20:00:00Z,0.990000,1.240000,0.910000,1.130000
4bdb8511-d2e4-4acc-9978-2fbc5c6a2a30,SPY   260220P00667000,2026-02-18T15:00:00Z,0.540000,0.540000,0.310000,0.310000
4bdb8511-d2e4-4acc-9978-2fbc5c6a2a30,SPY   260220P00667000,2026-02-18T16:00:00Z,0.310000,0.410000,0.270000,0.400000
4bdb8511-d2e4-4acc-9978-2fbc5c6a2a30,SPY   260220P00667000,2026-02-18T17:00:00Z,0.400000,0.420000,0.290000,0.310000
4bdb8511-d2e4-4acc-9978-2fbc5c6a2a30,SPY   260220P00667000,2026-02-18T18:00:00Z,0.290000,0.540000,0.290000,0.430000
4bdb8511-d2e4-4acc-9978-2fbc5c6a2a30,SPY   260220P00667000,2026-02-18T19:00:00Z,0.440000,0.490000,0.380000,0.410000
4bdb8511-d2e4-4acc-9978-2fbc5c6a2a30,SPY   260220P00667000,2026-02-18T20:00:00Z,0.570000,0.650000,0.340000,0.350000
4bdb8511-d2e4-4acc-9978-2fbc5c6a2a30,SPY   260220P00667000,2026-02-19T15:00:00Z,0.360000,0.410000,0.260000,0.260000
4bdb8511-d2e4-4acc-9978-2fbc5c6a2a30,SPY   260220P00667000,2026-02-19T16:00:00Z,0.260000,0.400000,0.210000,0.320000
4bdb8511-d2e4-4acc-9978-2fbc5c6a2a30,SPY   260220P00667000,2026-02-19T17:00:00Z,0.320000,0.430000,0.220000,0.390000
4bdb8511-d2e4-4acc-9978-2fbc5c6a2a30,SPY   260220P00667000,2026-02-19T18:00:00Z,0.390000,0.440000,0.250000,0.250000
4bdb8511-d2e4-4acc-9978-2fbc5c6a2a30,SPY   260220P00667000,2026-02-19T19:00:00Z,0.250000,0.380000,0.220000,0.280000
4bdb8511-d2e4-4acc-9978-2fbc5c6a2a30,SPY   260220P00667000,2026-02-19T20:00:00Z,0.280000,0.280000,0.180000,0.190000
4bdb8511-d2e4-4acc-9978-2fbc5c6a2a30,SPY   260220P00667000,2026-02-20T15:00:00Z,0.040000,0.060000,0.020000,0.040000
4bdb8511-d2e4-4acc-9978-2fbc5c6a2a30,SPY   260220P00667000,2026-02-20T16:00:00Z,0.040000,0.040000,0.020000,0.020000
4bdb8511-d2e4-4acc-9978-2fbc5c6a2a30,SPY   260220P00667000,2026-02-20T17:00:00Z,0.020000,0.060000,0.020000,0.030000
4bdb8511-d2e4-4acc-9978-2fbc5c6a2a30,SPY   260220P00667000,2026-02-20T18:00:00Z,0.030000,0.030000,0.020000,0.020000
4bdb8511-d2e4-4acc-9978-2fbc5c6a2a30,SPY   260220P00667000,2026-02-20T19:00:00Z,0.020000,0.020000,0.020000,0.020000
4bdb8511-d2e4-4acc-9978-2fbc5c6a2a30,SPY   260220P00667000,2026-02-20T20:00:00Z,0.020000,0.020000,0.020000,0.020000
4c997971-3d87-4ec8-b9be-b7fa9531356c,SPY   251128P00642000,2025-11-18T15:00:00Z,4.610000,5.200000,4.130000,4.130000
4c997971-3d87-4ec8-b9be-b7fa9531356c,SPY   251128P00642000,2025-11-18T16:00:00Z,4.580000,4.660000,3.340000,3.660000
4c997971-3d87-4ec8-b9be-b7fa9531356c,SPY   251128P00642000,2025-11-18T17:00:00Z,3.660000,4.640000,2.950000,3.100000
4c997971-3d87-4ec8-b9be-b7fa9531356c,SPY   251128P00642000,2025-11-18T18:00:00Z,3.080000,3.080000,2.980000,3.020000
4c997971-3d87-4ec8-b9be-b7fa9531356c,SPY   251128P00642000,2025-11-18T19:00:00Z,3.070000,3.230000,2.710000,2.750000
4c997971-3d87-4ec8-b9be-b7fa9531356c,SPY   251128P00642000,2025-11-18T20:00:00Z,3.070000,3.130000,2.990000,3.130000
4c997971-3d87-4ec8-b9be-b7fa9531356c,SPY   251128P00642000,2025-11-19T15:00:00Z,2.690000,3.010000,2.640000,2.890000
4c997971-3d87-4ec8-b9be-b7fa9531356c,SPY   251128P00642000,2025-11-19T16:00:00Z,3.060000,3.250000,2.930000,3.030000
4c997971-3d87-4ec8-b9be-b7fa9531356c,SPY   251128P00642000,2025-11-19T17:00:00Z,2.870000,3.820000,2.740000,3.120000
4c997971-3d87-4ec8-b9be-b7fa9531356c,SPY   251128P00642000,2025-11-19T18:00:00Z,2.980000,3.140000,2.710000,3.130000
4c997971-3d87-4ec8-b9be-b7fa9531356c,SPY   251128P00642000,2025-11-19T19:00:00Z,2.780000,3.540000,2.770000,3.420000
4c997971-3d87-4ec8-b9be-b7fa9531356c,SPY   251128P00642000,2025-11-19T20:00:00Z,3.010000,3.100000,2.900000,2.970000
4c997971-3d87-4ec8-b9be-b7fa9531356c,SPY   251128P00642000,2025-11-20T15:00:00Z,0.670000,0.840000,0.630000,0.840000
4c997971-3d87-4ec8-b9be-b7fa9531356c,SPY   251128P00642000,2025-11-20T16:00:00Z,0.840000,4.150000,0.840000,3.950000
4c997971-3d87-4ec8-b9be-b7fa9531356c,SPY   251128P00642000,2025-11-20T17:00:00Z,4.000000,5.060000,3.240000,4.620000
4c997971-3d87-4ec8-b9be-b7fa9531356c,SPY   251128P00642000,2025-11-20T18:00:00Z,4.260000,5.130000,3.050000,4.850000
4c997971-3d87-4ec8-b9be-b7fa9531356c,SPY   251128P00642000,2025-11-20T19:00:00Z,4.850000,5.330000,3.310000,3.330000
4c997971-3d87-4ec8-b9be-b7fa9531356c,SPY   251128P00642000,2025-11-20T20:00:00Z,3.340000,5.140000,3.330000,5.030000
4c997971-3d87-4ec8-b9be-b7fa9531356c,SPY   251128P00642000,2025-11-21T15:00:00Z,4.200000,5.590000,3.610000,4.640000
4c997971-3d87-4ec8-b9be-b7fa9531356c,SPY   251128P00642000,2025-11-21T16:00:00Z,4.650000,5.280000,2.140000,2.180000
4c997971-3d87-4ec8-b9be-b7fa9531356c,SPY   251128P00642000,2025-11-21T17:00:00Z,2.140000,2.420000,2.000000,2.190000
4c997971-3d87-4ec8-b9be-b7fa9531356c,SPY   251128P00642000,2025-11-21T18:00:00Z,2.200000,2.250000,2.140000,2.240000
4c997971-3d87-4ec8-b9be-b7fa9531356c,SPY   251128P00642000,2025-11-21T19:00:00Z,1.730000,2.010000,1.320000,1.800000
4c997971-3d87-4ec8-b9be-b7fa9531356c,SPY   251128P00642000,2025-11-21T20:00:00Z,1.810000,2.220000,1.680000,1.970000
4c997971-3d87-4ec8-b9be-b7fa9531356c,SPY   251128P00642000,2025-11-24T15:00:00Z,1.000000,1.000000,0.560000,0.630000
4c997971-3d87-4ec8-b9be-b7fa9531356c,SPY   251128P00642000,2025-11-24T16:00:00Z,0.620000,0.630000,0.530000,0.580000
4c997971-3d87-4ec8-b9be-b7fa9531356c,SPY   251128P00642000,2025-11-24T17:00:00Z,0.570000,0.610000,0.460000,0.470000
4c997971-3d87-4ec8-b9be-b7fa9531356c,SPY   251128P00642000,2025-11-24T18:00:00Z,0.500000,0.500000,0.430000,0.440000
4c997971-3d87-4ec8-b9be-b7fa9531356c,SPY   251128P00642000,2025-11-24T19:00:00Z,0.440000,0.440000,0.390000,0.400000
4c997971-3d87-4ec8-b9be-b7fa9531356c,SPY   251128P00642000,2025-11-24T20:00:00Z,0.350000,0.380000,0.350000,0.360000
4c997971-3d87-4ec8-b9be-b7fa9531356c,SPY   251128P00642000,2025-11-25T15:00:00Z,0.310000,0.470000,0.210000,0.250000
4c997971-3d87-4ec8-b9be-b7fa9531356c,SPY   251128P00642000,2025-11-25T16:00:00Z,0.240000,0.250000,0.230000,0.240000
4c997971-3d87-4ec8-b9be-b7fa9531356c,SPY   251128P00642000,2025-11-25T17:00:00Z,0.170000,0.170000,0.150000,0.160000
4c997971-3d87-4ec8-b9be-b7fa9531356c,SPY   251128P00642000,2025-11-25T18:00:00Z,0.150000,0.150000,0.120000,0.120000
4c997971-3d87-4ec8-b9be-b7fa9531356c,SPY   251128P00642000,2025-11-25T19:00:00Z,0.110000,0.120000,0.110000,0.120000
4c997971-3d87-4ec8-b9be-b7fa9531356c,SPY   251128P00642000,2025-11-25T20:00:00Z,0.100000,0.100000,0.080000,0.080000
4c997971-3d87-4ec8-b9be-b7fa9531356c,SPY   251128P00642000,2025-11-26T15:00:00Z,0.060000,0.060000,0.040000,0.040000
4c997971-3d87-4ec8-b9be-b7fa9531356c,SPY   251128P00642000,2025-11-26T16:00:00Z,0.040000,0.040000,0.040000,0.040000
4c997971-3d87-4ec8-b9be-b7fa9531356c,SPY   251128P00642000,2025-11-26T17:00:00Z,0.040000,0.040000,0.040000,0.040000
4c997971-3d87-4ec8-b9be-b7fa9531356c,SPY   251128P00642000,2025-11-26T18:00:00Z,0.040000,0.050000,0.030000,0.040000
4c997971-3d87-4ec8-b9be-b7fa9531356c,SPY   251128P00642000,2025-11-26T19:00:00Z,0.040000,0.040000,0.030000,0.030000
4c997971-3d87-4ec8-b9be-b7fa9531356c,SPY   251128P00642000,2025-11-26T20:00:00Z,0.030000,0.030000,0.020000,0.020000
4c997971-3d87-4ec8-b9be-b7fa9531356c,SPY   251128P00642000,2025-11-28T15:00:00Z,0.020000,0.020000,0.010000,0.010000
4c997971-3d87-4ec8-b9be-b7fa9531356c,SPY   251128P00642000,2025-11-28T16:00:00Z,0.010000,0.010000,0.010000,0.010000
4c997971-3d87-4ec8-b9be-b7fa9531356c,SPY   251128P00642000,2025-11-28T17:00:00Z,0.010000,0.010000,0.010000,0.010000
4d4612bc-4059-47aa-a32a-5200edb76a12,SPY   260116C00703000,2026-01-12T15:00:00Z,0.510000,0.530000,0.400000,0.470000
4d4612bc-4059-47aa-a32a-5200edb76a12,SPY   260116C00703000,2026-01-12T16:00:00Z,0.540000,0.560000,0.530000,0.540000
4d4612bc-4059-47aa-a32a-5200edb76a12,SPY   260116C00703000,2026-01-12T17:00:00Z,0.550000,0.580000,0.460000,0.530000
4d4612bc-4059-47aa-a32a-5200edb76a12,SPY   260116C00703000,2026-01-12T18:00:00Z,0.590000,0.590000,0.570000,0.570000
4d4612bc-4059-47aa-a32a-5200edb76a12,SPY   260116C00703000,2026-01-12T19:00:00Z,0.600000,0.760000,0.540000,0.730000
4d4612bc-4059-47aa-a32a-5200edb76a12,SPY   260116C00703000,2026-01-12T20:00:00Z,0.730000,0.760000,0.550000,0.620000
4d4612bc-4059-47aa-a32a-5200edb76a12,SPY   260116C00703000,2026-01-13T15:00:00Z,0.370000,0.390000,0.230000,0.310000
4d4612bc-4059-47aa-a32a-5200edb76a12,SPY   260116C00703000,2026-01-13T16:00:00Z,0.330000,0.340000,0.220000,0.340000
4d4612bc-4059-47aa-a32a-5200edb76a12,SPY   260116C00703000,2026-01-13T17:00:00Z,0.360000,0.380000,0.270000,0.310000
4d4612bc-4059-47aa-a32a-5200edb76a12,SPY   260116C00703000,2026-01-13T18:00:00Z,0.210000,0.210000,0.210000,0.210000
4d4612bc-4059-47aa-a32a-5200edb76a12,SPY   260116C00703000,2026-01-13T19:00:00Z,0.210000,0.230000,0.190000,0.200000
4d4612bc-4059-47aa-a32a-5200edb76a12,SPY   260116C00703000,2026-01-13T20:00:00Z,0.170000,0.170000,0.130000,0.160000
4d4612bc-4059-47aa-a32a-5200edb76a12,SPY   260116C00703000,2026-01-14T15:00:00Z,0.090000,0.100000,0.090000,0.100000
4d4612bc-4059-47aa-a32a-5200edb76a12,SPY   260116C00703000,2026-01-14T16:00:00Z,0.050000,0.050000,0.050000,0.050000
4d4612bc-4059-47aa-a32a-5200edb76a12,SPY   260116C00703000,2026-01-14T17:00:00Z,0.040000,0.040000,0.040000,0.040000
4d4612bc-4059-47aa-a32a-5200edb76a12,SPY   260116C00703000,2026-01-14T18:00:00Z,0.040000,0.040000,0.040000,0.040000
4d4612bc-4059-47aa-a32a-5200edb76a12,SPY   260116C00703000,2026-01-14T19:00:00Z,0.040000,0.040000,0.040000,0.040000
4d4612bc-4059-47aa-a32a-5200edb76a12,SPY   260116C00703000,2026-01-14T20:00:00Z,0.040000,0.050000,0.040000,0.040000
4d4612bc-4059-47aa-a32a-5200edb76a12,SPY   260116C00703000,2026-01-15T15:00:00Z,0.040000,0.040000,0.030000,0.030000
4d4612bc-4059-47aa-a32a-5200edb76a12,SPY   260116C00703000,2026-01-15T16:00:00Z,0.040000,0.040000,0.030000,0.030000
4d4612bc-4059-47aa-a32a-5200edb76a12,SPY   260116C00703000,2026-01-15T17:00:00Z,0.030000,0.040000,0.030000,0.030000
4d4612bc-4059-47aa-a32a-5200edb76a12,SPY   260116C00703000,2026-01-15T18:00:00Z,0.030000,0.030000,0.030000,0.030000
4d4612bc-4059-47aa-a32a-5200edb76a12,SPY   260116C00703000,2026-01-15T19:00:00Z,0.030000,0.030000,0.030000,0.030000
4d4612bc-4059-47aa-a32a-5200edb76a12,SPY   260116C00703000,2026-01-15T20:00:00Z,0.020000,0.020000,0.020000,0.020000
4d4612bc-4059-47aa-a32a-5200edb76a12,SPY   260116C00703000,2026-01-16T15:00:00Z,0.010000,0.010000,0.010000,0.010000
4d4612bc-4059-47aa-a32a-5200edb76a12,SPY   260116C00703000,2026-01-16T16:00:00Z,0.010000,0.010000,0.010000,0.010000
4d4612bc-4059-47aa-a32a-5200edb76a12,SPY   260116C00703000,2026-01-16T17:00:00Z,0.010000,0.010000,0.010000,0.010000
4d4612bc-4059-47aa-a32a-5200edb76a12,SPY   260116C00703000,2026-01-16T18:00:00Z,0.010000,0.010000,0.010000,0.010000
4d4612bc-4059-47aa-a32a-5200edb76a12,SPY   260116C00703000,2026-01-16T19:00:00Z,0.010000,0.010000,0.010000,0.010000
4d4612bc-4059-47aa-a32a-5200edb76a12,SPY   260116C00703000,2026-01-16T20:00:00Z,0.010000,0.010000,0.010000,0.010000
4e5d6908-fe98-4f67-9448-e496a4e056aa,SPY   260918P00749000,2026-09-08T14:00:00Z,1.990000,2.300000,1.840000,1.900000
4e5d6908-fe98-4f67-9448-e496a4e056aa,SPY   260918P00749000,2026-09-08T15:00:00Z,1.870000,1.890000,1.850000,1.890000
4e5d6908-fe98-4f67-9448-e496a4e056aa,SPY   260918P00749000,2026-09-08T16:00:00Z,1.860000,1.970000,1.790000,1.900000
4e5d6908-fe98-4f67-9448-e496a4e056aa,SPY   260918P00749000,2026-09-08T17:00:00Z,1.900000,1.900000,1.720000,1.830000
4e5d6908-fe98-4f67-9448-e496a4e056aa,SPY   260918P00749000,2026-09-08T18:00:00Z,1.830000,1.860000,1.750000,1.840000
4e5d6908-fe98-4f67-9448-e496a4e056aa,SPY   260918P00749000,2026-09-08T19:00:00Z,1.990000,2.170000,1.940000,2.140000
4e5d6908-fe98-4f67-9448-e496a4e056aa,SPY   260918P00749000,2026-09-09T14:00:00Z,2.560000,2.560000,2.560000,2.560000
4e5d6908-fe98-4f67-9448-e496a4e056aa,SPY   260918P00749000,2026-09-09T15:00:00Z,2.580000,3.320000,2.440000,3.210000
4e5d6908-fe98-4f67-9448-e496a4e056aa,SPY   260918P00749000,2026-09-09T16:00:00Z,2.990000,3.310000,2.790000,2.870000
4e5d6908-fe98-4f67-9448-e496a4e056aa,SPY   260918P00749000,2026-09-09T17:00:00Z,2.870000,2.940000,2.670000,2.730000
4e5d6908-fe98-4f67-9448-e496a4e056aa,SPY   260918P00749000,2026-09-09T18:00:00Z,2.740000,2.920000,2.610000,2.730000
4e5d6908-fe98-4f67-9448-e496a4e056aa,SPY   260918P00749000,2026-09-09T19:00:00Z,2.730000,2.970000,2.660000,2.900000
4e5d6908-fe98-4f67-9448-e496a4e056aa,SPY   260918P00749000,2026-09-10T14:00:00Z,4.840000,4.850000,3.670000,4.000000
4e5d6908-fe98-4f67-9448-e496a4e056aa,SPY   260918P00749000,2026-09-10T15:00:00Z,3.680000,4.210000,3.510000,4.080000
4e5d6908-fe98-4f67-9448-e496a4e056aa,SPY   260918P00749000,2026-09-10T16:00:00Z,4.080000,4.440000,3.890000,4.440000
4e5d6908-fe98-4f67-9448-e496a4e056aa,SPY   260918P00749000,2026-09-10T17:00:00Z,3.740000,4.190000,3.550000,4.060000
4e5d6908-fe98-4f67-9448-e496a4e056aa,SPY   260918P00749000,2026-09-10T18:00:00Z,4.060000,4.540000,3.960000,4.370000
4e5d6908-fe98-4f67-9448-e496a4e056aa,SPY   260918P00749000,2026-09-10T19:00:00Z,4.380000,4.660000,4.190000,4.370000
4e5d6908-fe98-4f67-9448-e496a4e056aa,SPY   260918P00749000,2026-09-11T14:00:00Z,1.630000,1.870000,1.610000,1.630000
4e5d6908-fe98-4f67-9448-e496a4e056aa,SPY   260918P00749000,2026-09-11T15:00:00Z,1.730000,1.730000,1.500000,1.550000
4e5d6908-fe98-4f67-9448-e496a4e056aa,SPY   260918P00749000,2026-09-11T16:00:00Z,1.540000,1.700000,1.460000,1.530000
4e5d6908-fe98-4f67-9448-e496a4e056aa,SPY   260918P00749000,2026-09-11T17:00:00Z,1.530000,1.540000,1.400000,1.440000
4e5d6908-fe98-4f67-9448-e496a4e056aa,SPY   260918P00749000,2026-09-11T18:00:00Z,1.440000,1.610000,1.400000,1.590000
4e5d6908-fe98-4f67-9448-e496a4e056aa,SPY   260918P00749000,2026-09-11T19:00:00Z,1.590000,1.690000,1.550000,1.660000
4e5d6908-fe98-4f67-9448-e496a4e056aa,SPY   260918P00749000,2026-09-14T14:00:00Z,2.390000,2.910000,2.120000,2.810000
4e5d6908-fe98-4f67-9448-e496a4e056aa,SPY   260918P00749000,2026-09-14T15:00:00Z,2.750000,2.850000,1.800000,1.850000
4e5d6908-fe98-4f67-9448-e496a4e056aa,SPY   260918P00749000,2026-09-14T16:00:00Z,1.850000,1.960000,1.550000,1.670000
4e5d6908-fe98-4f67-9448-e496a4e056aa,SPY   260918P00749000,2026-09-14T17:00:00Z,1.740000,1.870000,1.660000,1.680000
4e5d6908-fe98-4f67-9448-e496a4e056aa,SPY   260918P00749000,2026-09-14T18:00:00Z,1.730000,1.840000,1.670000,1.830000
4e5d6908-fe98-4f67-9448-e496a4e056aa,SPY   260918P00749000,2026-09-14T19:00:00Z,1.830000,2.060000,1.820000,2.000000
4e5d6908-fe98-4f67-9448-e496a4e056aa,SPY   260918P00749000,2026-09-15T14:00:00Z,2.070000,3.220000,2.070000,3.000000
4e5d6908-fe98-4f67-9448-e496a4e056aa,SPY   260918P00749000,2026-09-15T15:00:00Z,2.980000,3.030000,2.970000,2.980000
4e5d6908-fe98-4f67-9448-e496a4e056aa,SPY   260918P00749000,2026-09-15T16:00:00Z,2.820000,3.010000,2.490000,2.580000
4e5d6908-fe98-4f67-9448-e496a4e056aa,SPY   260918P00749000,2026-09-15T17:00:00Z,2.570000,2.870000,2.550000,2.820000
4e5d6908-fe98-4f67-9448-e496a4e056aa,SPY   260918P00749000,2026-09-15T18:00:00Z,2.700000,2.910000,2.460000,2.650000
4e5d6908-fe98-4f67-9448-e496a4e056aa,SPY   260918P00749000,2026-09-15T19:00:00Z,2.640000,2.930000,2.600000,2.850000
4e5d6908-fe98-4f67-9448-e496a4e056aa,SPY   260918P00749000,2026-09-16T14:00:00Z,1.560000,1.870000,1.530000,1.590000
4e5d6908-fe98-4f67-9448-e496a4e056aa,SPY   260918P00749000,2026-09-16T15:00:00Z,1.600000,1.610000,1.470000,1.500000
4e5d6908-fe98-4f67-9448-e496a4e056aa,SPY   260918P00749000,2026-09-16T16:00:00Z,1.550000,1.710000,1.540000,1.700000
4e5d6908-fe98-4f67-9448-e496a4e056aa,SPY   260918P00749000,2026-09-16T17:00:00Z,1.670000,1.800000,1.580000,1.650000
4e5d6908-fe98-4f67-9448-e496a4e056aa,SPY   260918P00749000,2026-09-16T18:00:00Z,1.770000,1.820000,1.240000,1.280000
4e5d6908-fe98-4f67-9448-e496a4e056aa,SPY   260918P00749000,2026-09-16T19:00:00Z,3.130000,4.940000,2.420000,2.720000
4e5d6908-fe98-4f67-9448-e496a4e056aa,SPY   260918P00749000,2026-09-17T14:00:00Z,0.600000,0.600000,0.390000,0.430000
4e5d6908-fe98-4f67-9448-e496a4e056aa,SPY   260918P00749000,2026-09-17T15:00:00Z,0.510000,0.550000,0.330000,0.330000
4e5d6908-fe98-4f67-9448-e496a4e056aa,SPY   260918P00749000,2026-09-17T16:00:00Z,0.330000,0.350000,0.300000,0.300000
4e5d6908-fe98-4f67-9448-e496a4e056aa,SPY   260918P00749000,2026-09-17T17:00:00Z,0.300000,0.320000,0.280000,0.310000
4e5d6908-fe98-4f67-9448-e496a4e056aa,SPY   260918P00749000,2026-09-17T18:00:00Z,0.250000,0.280000,0.250000,0.270000
4e5d6908-fe98-4f67-9448-e496a4e056aa,SPY   260918P00749000,2026-09-17T19:00:00Z,0.270000,0.280000,0.210000,0.210000
4e5d6908-fe98-4f67-9448-e496a4e056aa,SPY   260918P00749000,2026-09-18T14:00:00Z,0.040000,0.050000,0.040000,0.040000
4e5d6908-fe98-4f67-9448-e496a4e056aa,SPY   260918P00749000,2026-09-18T15:00:00Z,0.040000,0.040000,0.040000,0.040000
4e5d6908-fe98-4f67-9448-e496a4e056aa,SPY   260918P00749000,2026-09-18T16:00:00Z,0.030000,0.030000,0.020000,0.020000
4e5d6908-fe98-4f67-9448-e496a4e056aa,SPY   260918P00749000,2026-09-18T17:00:00Z,0.020000,0.020000,0.020000,0.020000
4e5d6908-fe98-4f67-9448-e496a4e056aa,SPY   260918P00749000,2026-09-18T18:00:00Z,0.020000,0.020000,0.020000,0.020000
4e5d6908-fe98-4f67-9448-e496a4e056aa,SPY   260918P00749000,2026-09-18T19:00:00Z,0.020000,0.020000,0.010000,0.010000
4e8a4554-095b-41fa-9187-09c954dce57d,SPY   251031C00692000,2025-10-21T14:00:00Z,0.400000,0.430000,0.340000,0.420000
4e8a4554-095b-41fa-9187-09c954dce57d,SPY   251031C00692000,2025-10-21T15:00:00Z,0.390000,0.390000,0.370000,0.380000
4e8a4554-095b-41fa-9187-09c954dce57d,SPY   251031C00692000,2025-10-21T16:00:00Z,0.370000,0.370000,0.360000,0.360000
4e8a4554-095b-41fa-9187-09c954dce57d,SPY   251031C00692000,2025-10-21T17:00:00Z,0.350000,0.350000,0.310000,0.340000
4e8a4554-095b-41fa-9187-09c954dce57d,SPY   251031C00692000,2025-10-21T18:00:00Z,0.340000,0.340000,0.270000,0.270000
4e8a4554-095b-41fa-9187-09c954dce57d,SPY   251031C00692000,2025-10-21T19:00:00Z,0.270000,0.320000,0.260000,0.310000
4e8a4554-095b-41fa-9187-09c954dce57d,SPY   251031C00692000,2025-10-22T14:00:00Z,0.270000,0.280000,0.190000,0.220000
4e8a4554-095b-41fa-9187-09c954dce57d,SPY   251031C00692000,2025-10-22T15:00:00Z,0.200000,0.200000,0.200000,0.200000
4e8a4554-095b-41fa-9187-09c954dce57d,SPY   251031C00692000,2025-10-22T16:00:00Z,0.140000,0.170000,0.140000,0.170000
4e8a4554-095b-41fa-9187-09c954dce57d,SPY   251031C00692000,2025-10-22T17:00:00Z,0.150000,0.160000,0.150000,0.150000
4e8a4554-095b-41fa-9187-09c954dce57d,SPY   251031C00692000,2025-10-22T18:00:00Z,0.150000,0.150000,0.130000,0.130000
4e8a4554-095b-41fa-9187-09c954dce57d,SPY   251031C00692000,2025-10-22T19:00:00Z,0.130000,0.130000,0.120000,0.120000
4e8a4554-095b-41fa-9187-09c954dce57d,SPY   251031C00692000,2025-10-23T14:00:00Z,0.150000,0.160000,0.120000,0.150000
4e8a4554-095b-41fa-9187-09c954dce57d,SPY   251031C00692000,2025-10-23T15:00:00Z,0.140000,0.140000,0.140000,0.140000
4e8a4554-095b-41fa-9187-09c954dce57d,SPY   251031C00692000,2025-10-23T16:00:00Z,0.140000,0.140000,0.140000,0.140000
4e8a4554-095b-41fa-9187-09c954dce57d,SPY   251031C00692000,2025-10-23T17:00:00Z,0.160000,0.170000,0.160000,0.170000
4e8a4554-095b-41fa-9187-09c954dce57d,SPY   251031C00692000,2025-10-23T18:00:00Z,0.180000,0.210000,0.170000,0.200000
4e8a4554-095b-41fa-9187-09c954dce57d,SPY   251031C00692000,2025-10-23T19:00:00Z,0.190000,0.200000,0.190000,0.200000
4e8a4554-095b-41fa-9187-09c954dce57d,SPY   251031C00692000,2025-10-24T14:00:00Z,0.400000,0.440000,0.310000,0.340000
4e8a4554-095b-41fa-9187-09c954dce57d,SPY   251031C00692000,2025-10-24T15:00:00Z,0.410000,0.410000,0.410000,0.410000
4e8a4554-095b-41fa-9187-09c954dce57d,SPY   251031C00692000,2025-10-24T16:00:00Z,0.450000,0.500000,0.390000,0.420000
4e8a4554-095b-41fa-9187-09c954dce57d,SPY   251031C00692000,2025-10-24T17:00:00Z,0.420000,0.470000,0.400000,0.450000
4e8a4554-095b-41fa-9187-09c954dce57d,SPY   251031C00692000,2025-10-24T18:00:00Z,0.450000,0.470000,0.400000,0.420000
4e8a4554-095b-41fa-9187-09c954dce57d,SPY   251031C00692000,2025-10-24T19:00:00Z,0.340000,0.350000,0.280000,0.300000
4e8a4554-095b-41fa-9187-09c954dce57d,SPY   251031C00692000,2025-10-27T14:00:00Z,0.850000,1.000000,0.790000,0.800000
4e8a4554-095b-41fa-9187-09c954dce57d,SPY   251031C00692000,2025-10-27T15:00:00Z,0.860000,0.940000,0.830000,0.920000
4e8a4554-095b-41fa-9187-09c954dce57d,SPY   251031C00692000,2025-10-27T16:00:00Z,0.930000,1.020000,0.930000,1.000000
4e8a4554-095b-41fa-9187-09c954dce57d,SPY   251031C00692000,2025-10-27T17:00:00Z,1.000000,1.010000,0.900000,0.980000
4e8a4554-095b-41fa-9187-09c954dce57d,SPY   251031C00692000,2025-10-27T18:00:00Z,1.040000,1.100000,1.000000,1.100000
4e8a4554-095b-41fa-9187-09c954dce57d,SPY   251031C00692000,2025-10-27T19:00:00Z,1.430000,1.490000,1.390000,1.490000
4e8a4554-095b-41fa-9187-09c954dce57d,SPY   251031C00692000,2025-10-28T14:00:00Z,1.620000,1.710000,1.510000,1.560000
4e8a4554-095b-41fa-9187-09c954dce57d,SPY   251031C00692000,2025-10-28T15:00:00Z,1.520000,1.540000,1.440000,1.470000
4e8a4554-095b-41fa-9187-09c954dce57d,SPY   251031C00692000,2025-10-28T16:00:00Z,1.460000,1.930000,1.440000,1.850000
4e8a4554-095b-41fa-9187-09c954dce57d,SPY   251031C00692000,2025-10-28T17:00:00Z,1.980000,2.010000,1.930000,1.930000
4e8a4554-095b-41fa-9187-09c954dce57d,SPY   251031C00692000,2025-10-28T18:00:00Z,2.140000,2.470000,2.090000,2.350000
4e8a4554-095b-41fa-9187-09c954dce57d,SPY   251031C00692000,2025-10-28T19:00:00Z,2.340000,2.740000,2.000000,2.090000
4e8a4554-095b-41fa-9187-09c954dce57d,SPY   251031C00692000,2025-10-29T14:00:00Z,3.260000,3.290000,2.740000,2.820000
4e8a4554-095b-41fa-9187-09c954dce57d,SPY   251031C00692000,2025-10-29T15:00:00Z,2.510000,2.550000,2.370000,2.410000
4e8a4554-095b-41fa-9187-09c954dce57d,SPY   251031C00692000,2025-10-29T16:00:00Z,2.340000,2.620000,2.210000,2.530000
4e8a4554-095b-41fa-9187-09c954dce57d,SPY   251031C00692000,2025-10-29T17:00:00Z,2.540000,2.620000,2.230000,2.370000
4e8a4554-095b-41fa-9187-09c954dce57d,SPY   251031C00692000,2025-10-29T18:00:00Z,2.350000,2.540000,2.310000,2.390000
4e8a4554-095b-41fa-9187-09c954dce57d,SPY   251031C00692000,2025-10-29T19:00:00Z,1.500000,1.710000,1.030000,1.670000
4e8a4554-095b-41fa-9187-09c954dce57d,SPY   251031C00692000,2025-10-30T14:00:00Z,0.610000,0.730000,0.350000,0.410000
4e8a4554-095b-41fa-9187-09c954dce57d,SPY   251031C00692000,2025-10-30T15:00:00Z,0.410000,0.480000,0.270000,0.270000
4e8a4554-095b-41fa-9187-09c954dce57d,SPY   251031C00692000,2025-10-30T16:00:00Z,0.270000,0.410000,0.270000,0.280000
4e8a4554-095b-41fa-9187-09c954dce57d,SPY   251031C00692000,2025-10-30T17:00:00Z,0.280000,0.280000,0.180000,0.200000
4e8a4554-095b-41fa-9187-09c954dce57d,SPY   251031C00692000,2025-10-30T18:00:00Z,0.130000,0.140000,0.130000,0.140000
4e8a4554-095b-41fa-9187-09c954dce57d,SPY   251031C00692000,2025-10-30T19:00:00Z,0.080000,0.090000,0.070000,0.070000
4e8a4554-095b-41fa-9187-09c954dce57d,SPY   251031C00692000,2025-10-31T14:00:00Z,0.030000,0.030000,0.020000,0.020000
4e8a4554-095b-41fa-9187-09c954dce57d,SPY   251031C00692000,2025-10-31T15:00:00Z,0.020000,0.020000,0.020000,0.020000
4e8a4554-095b-41fa-9187-09c954dce57d,SPY   251031C00692000,2025-10-31T16:00:00Z,0.020000,0.020000,0.020000,0.020000
4e8a4554-095b-41fa-9187-09c954dce57d,SPY   251031C00692000,2025-10-31T17:00:00Z,0.020000,0.020000,0.020000,0.020000
4e8a4554-095b-41fa-9187-09c954dce57d,SPY   251031C00692000,2025-10-31T18:00:00Z,0.020000,0.020000,0.010000,0.010000
4e8a4554-095b-41fa-9187-09c954dce57d,SPY   251031C00692000,2025-10-31T19:00:00Z,0.010000,0.010000,0.010000,0.010000
4e9a73fd-c048-4f95-97db-3bdbdca53fd5,SPY   260814P00750000,2026-08-10T14:00:00Z,0.240000,0.240000,0.210000,0.240000
4e9a73fd-c048-4f95-97db-3bdbdca53fd5,SPY   260814P00750000,2026-08-10T15:00:00Z,0.240000,0.240000,0.210000,0.210000
4e9a73fd-c048-4f95-97db-3bdbdca53fd5,SPY   260814P00750000,2026-08-10T16:00:00Z,0.210000,0.290000,0.210000,0.270000
4e9a73fd-c048-4f95-97db-3bdbdca53fd5,SPY   260814P00750000,2026-08-10T17:00:00Z,0.270000,0.290000,0.250000,0.270000
4e9a73fd-c048-4f95-97db-3bdbdca53fd5,SPY   260814P00750000,2026-08-10T18:00:00Z,0.270000,0.280000,0.240000,0.240000
4e9a73fd-c048-4f95-97db-3bdbdca53fd5,SPY   260814P00750000,2026-08-10T19:00:00Z,0.240000,0.270000,0.240000,0.250000
4e9a73fd-c048-4f95-97db-3bdbdca53fd5,SPY   260814P00750000,2026-08-11T14:00:00Z,0.200000,0.200000,0.170000,0.170000
4e9a73fd-c048-4f95-97db-3bdbdca53fd5,SPY   260814P00750000,2026-08-11T15:00:00Z,0.180000,0.220000,0.180000,0.210000
4e9a73fd-c048-4f95-97db-3bdbdca53fd5,SPY   260814P00750000,2026-08-11T16:00:00Z,0.210000,0.230000,0.210000,0.230000
4e9a73fd-c048-4f95-97db-3bdbdca53fd5,SPY   260814P00750000,2026-08-11T17:00:00Z,0.230000,0.260000,0.210000,0.210000
4e9a73fd-c048-4f95-97db-3bdbdca53fd5,SPY   260814P00750000,2026-08-11T18:00:00Z,0.210000,0.260000,0.210000,0.220000
4e9a73fd-c048-4f95-97db-3bdbdca53fd5,SPY   260814P00750000,2026-08-11T19:00:00Z,0.220000,0.240000,0.190000,0.210000
4e9a73fd-c048-4f95-97db-3bdbdca53fd5,SPY   260814P00750000,2026-08-12T14:00:00Z,0.070000,0.090000,0.070000,0.080000
4e9a73fd-c048-4f95-97db-3bdbdca53fd5,SPY   260814P00750000,2026-08-12T15:00:00Z,0.080000,0.080000,0.080000,0.080000
4e9a73fd-c048-4f95-97db-3bdbdca53fd5,SPY   260814P00750000,2026-08-12T16:00:00Z,0.080000,0.080000,0.070000,0.070000
4e9a73fd-c048-4f95-97db-3bdbdca53fd5,SPY   260814P00750000,2026-08-12T17:00:00Z,0.070000,0.070000,0.070000,0.070000
4e9a73fd-c048-4f95-97db-3bdbdca53fd5,SPY   260814P00750000,2026-08-12T18:00:00Z,0.070000,0.070000,0.060000,0.060000
4e9a73fd-c048-4f95-97db-3bdbdca53fd5,SPY   260814P00750000,2026-08-12T19:00:00Z,0.060000,0.060000,0.050000,0.050000
4e9a73fd-c048-4f95-97db-3bdbdca53fd5,SPY   260814P00750000,2026-08-13T14:00:00Z,0.030000,0.030000,0.030000,0.030000
4e9a73fd-c048-4f95-97db-3bdbdca53fd5,SPY   260814P00750000,2026-08-13T15:00:00Z,0.030000,0.030000,0.030000,0.030000
4e9a73fd-c048-4f95-97db-3bdbdca53fd5,SPY   260814P00750000,2026-08-13T16:00:00Z,0.030000,0.030000,0.030000,0.030000
4e9a73fd-c048-4f95-97db-3bdbdca53fd5,SPY   260814P00750000,2026-08-13T17:00:00Z,0.030000,0.030000,0.030000,0.030000
4e9a73fd-c048-4f95-97db-3bdbdca53fd5,SPY   260814P00750000,2026-08-13T18:00:00Z,0.030000,0.030000,0.020000,0.020000
4e9a73fd-c048-4f95-97db-3bdbdca53fd5,SPY   260814P00750000,2026-08-13T19:00:00Z,0.020000,0.020000,0.020000,0.020000
4e9a73fd-c048-4f95-97db-3bdbdca53fd5,SPY   260814P00750000,2026-08-14T14:00:00Z,0.010000,0.010000,0.010000,0.010000
4e9a73fd-c048-4f95-97db-3bdbdca53fd5,SPY   260814P00750000,2026-08-14T15:00:00Z,0.010000,0.010000,0.010000,0.010000
4e9a73fd-c048-4f95-97db-3bdbdca53fd5,SPY   260814P00750000,2026-08-14T16:00:00Z,0.010000,0.010000,0.010000,0.010000
4e9a73fd-c048-4f95-97db-3bdbdca53fd5,SPY   260814P00750000,2026-08-14T17:00:00Z,0.010000,0.010000,0.010000,0.010000
4e9a73fd-c048-4f95-97db-3bdbdca53fd5,SPY   260814P00750000,2026-08-14T18:00:00Z,0.010000,0.010000,0.010000,0.010000
4e9a73fd-c048-4f95-97db-3bdbdca53fd5,SPY   260814P00750000,2026-08-14T19:00:00Z,0.010000,0.010000,0.010000,0.010000
4ed0cd67-f5c6-402f-b289-6453608c8916,SPY   260402C00649000,2026-03-23T14:00:00Z,18.290000,19.490000,17.250000,18.780000
4ed0cd67-f5c6-402f-b289-6453608c8916,SPY   260402C00649000,2026-03-23T15:00:00Z,18.780000,19.080000,16.790000,16.880000
4ed0cd67-f5c6-402f-b289-6453608c8916,SPY   260402C00649000,2026-03-23T16:00:00Z,16.180000,16.840000,15.780000,16.080000
4ed0cd67-f5c6-402f-b289-6453608c8916,SPY   260402C00649000,2026-03-23T17:00:00Z,16.650000,16.790000,16.650000,16.720000
4ed0cd67-f5c6-402f-b289-6453608c8916,SPY   260402C00649000,2026-03-23T18:00:00Z,16.560000,16.880000,16.490000,16.670000
4ed0cd67-f5c6-402f-b289-6453608c8916,SPY   260402C00649000,2026-03-23T19:00:00Z,17.380000,17.500000,15.770000,15.840000
4ed0cd67-f5c6-402f-b289-6453608c8916,SPY   260402C00649000,2026-03-24T14:00:00Z,14.520000,14.730000,14.520000,14.730000
4ed0cd67-f5c6-402f-b289-6453608c8916,SPY   260402C00649000,2026-03-24T15:00:00Z,14.580000,14.730000,14.490000,14.730000
4ed0cd67-f5c6-402f-b289-6453608c8916,SPY   260402C00649000,2026-03-24T16:00:00Z,15.150000,15.190000,14.380000,14.830000
4ed0cd67-f5c6-402f-b289-6453608c8916,SPY   260402C00649000,2026-03-24T17:00:00Z,13.880000,14.160000,13.380000,13.520000
4ed0cd67-f5c6-402f-b289-6453608c8916,SPY   260402C00649000,2026-03-24T18:00:00Z,14.130000,14.180000,13.770000,13.770000
4ed0cd67-f5c6-402f-b289-6453608c8916,SPY   260402C00649000,2026-03-24T19:00:00Z,14.540000,14.930000,13.420000,13.420000
4ed0cd67-f5c6-402f-b289-6453608c8916,SPY   260402C00649000,2026-03-25T14:00:00Z,15.320000,16.650000,14.920000,16.270000
4ed0cd67-f5c6-402f-b289-6453608c8916,SPY   260402C00649000,2026-03-25T15:00:00Z,14.160000,14.160000,14.160000,14.160000
4ed0cd67-f5c6-402f-b289-6453608c8916,SPY   260402C00649000,2026-03-25T16:00:00Z,15.340000,16.110000,14.820000,15.720000
4ed0cd67-f5c6-402f-b289-6453608c8916,SPY   260402C00649000,2026-03-25T17:00:00Z,15.720000,16.560000,15.190000,15.770000
4ed0cd67-f5c6-402f-b289-6453608c8916,SPY   260402C00649000,2026-03-25T18:00:00Z,15.660000,15.960000,15.610000,15.740000
4ed0cd67-f5c6-402f-b289-6453608c8916,SPY   260402C00649000,2026-03-25T19:00:00Z,14.660000,15.030000,14.230000,14.530000
4ed0cd67-f5c6-402f-b289-6453608c8916,SPY   260402C00649000,2026-03-26T14:00:00Z,13.230000,13.320000,11.080000,11.780000
4ed0cd67-f5c6-402f-b289-6453608c8916,SPY   260402C00649000,2026-03-26T15:00:00Z,11.780000,12.010000,10.930000,11.200000
4ed0cd67-f5c6-402f-b289-6453608c8916,SPY   260402C00649000,2026-03-26T16:00:00Z,10.940000,11.150000,10.940000,11.130000
4ed0cd67-f5c6-402f-b289-6453608c8916,SPY   260402C00649000,2026-03-26T17:00:00Z,10.100000,10.280000,8.710000,8.830000
4ed0cd67-f5c6-402f-b289-6453608c8916,SPY   260402C00649000,2026-03-26T18:00:00Z,8.940000,9.030000,8.790000,8.870000
4ed0cd67-f5c6-402f-b289-6453608c8916,SPY   260402C00649000,2026-03-26T19:00:00Z,8.870000,8.890000,7.940000,8.090000
4ed0cd67-f5c6-402f-b289-6453608c8916,SPY   260402C00649000,2026-03-27T14:00:00Z,4.620000,5.360000,4.510000,4.930000
4ed0cd67-f5c6-402f-b289-6453608c8916,SPY   260402C00649000,2026-03-27T15:00:00Z,4.960000,5.350000,4.650000,5.340000
4ed0cd67-f5c6-402f-b289-6453608c8916,SPY   260402C00649000,2026-03-27T16:00:00Z,4.530000,4.530000,4.260000,4.280000
4ed0cd67-f5c6-402f-b289-6453608c8916,SPY   260402C00649000,2026-03-27T17:00:00Z,4.280000,4.660000,3.840000,3.900000
4ed0cd67-f5c6-402f-b289-6453608c8916,SPY   260402C00649000,2026-03-27T18:00:00Z,3.860000,4.070000,3.720000,3.760000
4ed0cd67-f5c6-402f-b289-6453608c8916,SPY   260402C00649000,2026-03-27T19:00:00Z,3.770000,3.800000,3.090000,3.370000
4ed0cd67-f5c6-402f-b289-6453608c8916,SPY   260402C00649000,2026-03-30T14:00:00Z,2.210000,2.440000,1.830000,2.420000
4ed0cd67-f5c6-402f-b289-6453608c8916,SPY   260402C00649000,2026-03-30T15:00:00Z,1.990000,2.460000,1.940000,2.310000
4ed0cd67-f5c6-402f-b289-6453608c8916,SPY   260402C00649000,2026-03-30T16:00:00Z,2.210000,2.240000,1.640000,1.690000
4ed0cd67-f5c6-402f-b289-6453608c8916,SPY   260402C00649000,2026-03-30T17:00:00Z,1.350000,1.350000,1.280000,1.310000
4ed0cd67-f5c6-402f-b289-6453608c8916,SPY   260402C00649000,2026-03-30T18:00:00Z,1.320000,1.330000,0.970000,0.970000
4ed0cd67-f5c6-402f-b289-6453608c8916,SPY   260402C00649000,2026-03-30T19:00:00Z,0.980000,1.030000,0.790000,1.030000
4ed0cd67-f5c6-402f-b289-6453608c8916,SPY   260402C00649000,2026-03-31T14:00:00Z,2.620000,2.660000,1.300000,1.390000
4ed0cd67-f5c6-402f-b289-6453608c8916,SPY   260402C00649000,2026-03-31T15:00:00Z,1.390000,2.100000,1.390000,2.040000
4ed0cd67-f5c6-402f-b289-6453608c8916,SPY   260402C00649000,2026-03-31T16:00:00Z,1.410000,3.640000,1.360000,3.630000
4ed0cd67-f5c6-402f-b289-6453608c8916,SPY   260402C00649000,2026-03-31T17:00:00Z,4.070000,5.010000,3.710000,3.780000
4ed0cd67-f5c6-402f-b289-6453608c8916,SPY   260402C00649000,2026-03-31T18:00:00Z,3.780000,4.610000,3.780000,4.610000
4ed0cd67-f5c6-402f-b289-6453608c8916,SPY   260402C00649000,2026-03-31T19:00:00Z,4.580000,6.060000,4.230000,5.580000
4ed0cd67-f5c6-402f-b289-6453608c8916,SPY   260402C00649000,2026-04-01T14:00:00Z,7.600000,9.270000,6.910000,8.970000
4ed0cd67-f5c6-402f-b289-6453608c8916,SPY   260402C00649000,2026-04-01T15:00:00Z,8.970000,10.240000,8.590000,10.020000
4ed0cd67-f5c6-402f-b289-6453608c8916,SPY   260402C00649000,2026-04-01T16:00:00Z,10.040000,10.260000,9.310000,10.040000
4ed0cd67-f5c6-402f-b289-6453608c8916,SPY   260402C00649000,2026-04-01T17:00:00Z,10.040000,10.680000,9.330000,9.340000
4ed0cd67-f5c6-402f-b289-6453608c8916,SPY   260402C00649000,2026-04-01T18:00:00Z,9.300000,9.430000,7.060000,7.530000
4ed0cd67-f5c6-402f-b289-6453608c8916,SPY   260402C00649000,2026-04-01T19:00:00Z,7.520000,9.250000,7.450000,8.320000
4ed0cd67-f5c6-402f-b289-6453608c8916,SPY   260402C00649000,2026-04-02T14:00:00Z,9.400000,9.400000,6.590000,6.610000
4ed0cd67-f5c6-402f-b289-6453608c8916,SPY   260402C00649000,2026-04-02T15:00:00Z,7.040000,7.200000,4.980000,5.660000
4ed0cd67-f5c6-402f-b289-6453608c8916,SPY   260402C00649000,2026-04-02T16:00:00Z,5.390000,5.870000,4.090000,4.940000
4ed0cd67-f5c6-402f-b289-6453608c8916,SPY   260402C00649000,2026-04-02T17:00:00Z,4.950000,6.140000,3.970000,4.480000
4ed0cd67-f5c6-402f-b289-6453608c8916,SPY   260402C00649000,2026-04-02T18:00:00Z,4.690000,4.770000,4.660000,4.700000
4ed0cd67-f5c6-402f-b289-6453608c8916,SPY   260402C00649000,2026-04-02T19:00:00Z,5.500000,7.070000,5.150000,6.840000
4efbc1d0-a29e-4b2a-a8ee-6130b97e649f,SPY   260717P00730000,2026-07-13T14:00:00Z,0.330000,0.550000,0.320000,0.350000
4efbc1d0-a29e-4b2a-a8ee-6130b97e649f,SPY   260717P00730000,2026-07-13T15:00:00Z,0.340000,0.420000,0.330000,0.410000
4efbc1d0-a29e-4b2a-a8ee-6130b97e649f,SPY   260717P00730000,2026-07-13T16:00:00Z,0.410000,0.740000,0.370000,0.580000
4efbc1d0-a29e-4b2a-a8ee-6130b97e649f,SPY   260717P00730000,2026-07-13T17:00:00Z,0.570000,0.660000,0.480000,0.650000
4efbc1d0-a29e-4b2a-a8ee-6130b97e649f,SPY   260717P00730000,2026-07-13T18:00:00Z,0.650000,0.740000,0.580000,0.650000
4efbc1d0-a29e-4b2a-a8ee-6130b97e649f,SPY   260717P00730000,2026-07-13T19:00:00Z,0.640000,0.810000,0.600000,0.630000
4efbc1d0-a29e-4b2a-a8ee-6130b97e649f,SPY   260717P00730000,2026-07-14T14:00:00Z,0.300000,0.520000,0.240000,0.290000
4efbc1d0-a29e-4b2a-a8ee-6130b97e649f,SPY   260717P00730000,2026-07-14T15:00:00Z,0.290000,0.360000,0.250000,0.330000
4efbc1d0-a29e-4b2a-a8ee-6130b97e649f,SPY   260717P00730000,2026-07-14T16:00:00Z,0.320000,0.390000,0.250000,0.250000
4efbc1d0-a29e-4b2a-a8ee-6130b97e649f,SPY   260717P00730000,2026-07-14T17:00:00Z,0.250000,0.270000,0.240000,0.260000
4efbc1d0-a29e-4b2a-a8ee-6130b97e649f,SPY   260717P00730000,2026-07-14T18:00:00Z,0.260000,0.260000,0.220000,0.240000
4efbc1d0-a29e-4b2a-a8ee-6130b97e649f,SPY   260717P00730000,2026-07-14T19:00:00Z,0.240000,0.260000,0.220000,0.220000
4efbc1d0-a29e-4b2a-a8ee-6130b97e649f,SPY   260717P00730000,2026-07-15T14:00:00Z,0.120000,0.180000,0.120000,0.150000
4efbc1d0-a29e-4b2a-a8ee-6130b97e649f,SPY   260717P00730000,2026-07-15T15:00:00Z,0.150000,0.160000,0.140000,0.140000
4efbc1d0-a29e-4b2a-a8ee-6130b97e649f,SPY   260717P00730000,2026-07-15T16:00:00Z,0.130000,0.180000,0.120000,0.130000
4efbc1d0-a29e-4b2a-a8ee-6130b97e649f,SPY   260717P00730000,2026-07-15T17:00:00Z,0.130000,0.130000,0.100000,0.110000
4efbc1d0-a29e-4b2a-a8ee-6130b97e649f,SPY   260717P00730000,2026-07-15T18:00:00Z,0.110000,0.110000,0.090000,0.090000
4efbc1d0-a29e-4b2a-a8ee-6130b97e649f,SPY   260717P00730000,2026-07-15T19:00:00Z,0.090000,0.100000,0.080000,0.090000
4efbc1d0-a29e-4b2a-a8ee-6130b97e649f,SPY   260717P00730000,2026-07-16T14:00:00Z,0.060000,0.060000,0.050000,0.050000
4efbc1d0-a29e-4b2a-a8ee-6130b97e649f,SPY   260717P00730000,2026-07-16T15:00:00Z,0.050000,0.050000,0.040000,0.050000
4efbc1d0-a29e-4b2a-a8ee-6130b97e649f,SPY   260717P00730000,2026-07-16T16:00:00Z,0.050000,0.060000,0.050000,0.050000
4efbc1d0-a29e-4b2a-a8ee-6130b97e649f,SPY   260717P00730000,2026-07-16T17:00:00Z,0.050000,0.060000,0.050000,0.060000
4efbc1d0-a29e-4b2a-a8ee-6130b97e649f,SPY   260717P00730000,2026-07-16T18:00:00Z,0.060000,0.060000,0.050000,0.050000
4efbc1d0-a29e-4b2a-a8ee-6130b97e649f,SPY   260717P00730000,2026-07-16T19:00:00Z,0.050000,0.080000,0.050000,0.060000
4efbc1d0-a29e-4b2a-a8ee-6130b97e649f,SPY   260717P00730000,2026-07-17T14:00:00Z,0.040000,0.040000,0.030000,0.030000
4efbc1d0-a29e-4b2a-a8ee-6130b97e649f,SPY   260717P00730000,2026-07-17T15:00:00Z,0.030000,0.030000,0.030000,0.030000
4efbc1d0-a29e-4b2a-a8ee-6130b97e649f,SPY   260717P00730000,2026-07-17T16:00:00Z,0.020000,0.020000,0.020000,0.020000
4efbc1d0-a29e-4b2a-a8ee-6130b97e649f,SPY   260717P00730000,2026-07-17T17:00:00Z,0.020000,0.020000,0.020000,0.020000
4efbc1d0-a29e-4b2a-a8ee-6130b97e649f,SPY   260717P00730000,2026-07-17T18:00:00Z,0.020000,0.020000,0.010000,0.010000
4efbc1d0-a29e-4b2a-a8ee-6130b97e649f,SPY   260717P00730000,2026-07-17T19:00:00Z,0.010000,0.010000,0.010000,0.010000
4fd5c531-da88-4184-9376-48ee4a66dbd1,SPY   260320P00651000,2026-03-10T14:00:00Z,3.860000,4.150000,2.570000,2.570000
4fd5c531-da88-4184-9376-48ee4a66dbd1,SPY   260320P00651000,2026-03-10T15:00:00Z,2.500000,2.700000,2.500000,2.630000
4fd5c531-da88-4184-9376-48ee4a66dbd1,SPY   260320P00651000,2026-03-10T16:00:00Z,2.580000,2.930000,2.490000,2.550000
4fd5c531-da88-4184-9376-48ee4a66dbd1,SPY   260320P00651000,2026-03-10T17:00:00Z,2.550000,2.570000,2.420000,2.470000
4fd5c531-da88-4184-9376-48ee4a66dbd1,SPY   260320P00651000,2026-03-10T18:00:00Z,3.230000,4.000000,2.980000,3.200000
4fd5c531-da88-4184-9376-48ee4a66dbd1,SPY   260320P00651000,2026-03-10T19:00:00Z,3.780000,4.100000,3.780000,4.080000
4fd5c531-da88-4184-9376-48ee4a66dbd1,SPY   260320P00651000,2026-03-11T14:00:00Z,3.090000,3.740000,2.600000,2.890000
4fd5c531-da88-4184-9376-48ee4a66dbd1,SPY   260320P00651000,2026-03-11T15:00:00Z,2.880000,4.130000,2.740000,3.880000
4fd5c531-da88-4184-9376-48ee4a66dbd1,SPY   260320P00651000,2026-03-11T16:00:00Z,3.880000,4.150000,3.300000,3.300000
4fd5c531-da88-4184-9376-48ee4a66dbd1,SPY   260320P00651000,2026-03-11T17:00:00Z,3.890000,3.940000,3.690000,3.870000
4fd5c531-da88-4184-9376-48ee4a66dbd1,SPY   260320P00651000,2026-03-11T18:00:00Z,3.660000,4.010000,3.320000,3.360000
4fd5c531-da88-4184-9376-48ee4a66dbd1,SPY   260320P00651000,2026-03-11T19:00:00Z,3.420000,3.750000,3.120000,3.210000
4fd5c531-da88-4184-9376-48ee4a66dbd1,SPY   260320P00651000,2026-03-12T14:00:00Z,4.950000,5.440000,4.050000,4.930000
4fd5c531-da88-4184-9376-48ee4a66dbd1,SPY   260320P00651000,2026-03-12T15:00:00Z,4.520000,4.940000,4.330000,4.900000
4fd5c531-da88-4184-9376-48ee4a66dbd1,SPY   260320P00651000,2026-03-12T16:00:00Z,4.320000,5.000000,4.270000,4.780000
4fd5c531-da88-4184-9376-48ee4a66dbd1,SPY   260320P00651000,2026-03-12T17:00:00Z,4.630000,5.220000,4.300000,5.030000
4fd5c531-da88-4184-9376-48ee4a66dbd1,SPY   260320P00651000,2026-03-12T18:00:00Z,4.630000,4.750000,4.520000,4.750000
4fd5c531-da88-4184-9376-48ee4a66dbd1,SPY   260320P00651000,2026-03-12T19:00:00Z,5.300000,5.740000,4.670000,5.720000
4fd5c531-da88-4184-9376-48ee4a66dbd1,SPY   260320P00651000,2026-03-13T14:00:00Z,3.570000,5.450000,3.360000,5.320000
4fd5c531-da88-4184-9376-48ee4a66dbd1,SPY   260320P00651000,2026-03-13T15:00:00Z,5.310000,6.060000,4.650000,5.970000
4fd5c531-da88-4184-9376-48ee4a66dbd1,SPY   260320P00651000,2026-03-13T16:00:00Z,5.960000,5.980000,5.190000,5.880000
4fd5c531-da88-4184-9376-48ee4a66dbd1,SPY   260320P00651000,2026-03-13T17:00:00Z,5.520000,5.580000,5.460000,5.570000
4fd5c531-da88-4184-9376-48ee4a66dbd1,SPY   260320P00651000,2026-03-13T18:00:00Z,6.010000,6.060000,5.100000,5.310000
4fd5c531-da88-4184-9376-48ee4a66dbd1,SPY   260320P00651000,2026-03-13T19:00:00Z,5.280000,6.310000,5.280000,5.940000
4fd5c531-da88-4184-9376-48ee4a66dbd1,SPY   260320P00651000,2026-03-16T14:00:00Z,2.120000,3.000000,1.950000,2.350000
4fd5c531-da88-4184-9376-48ee4a66dbd1,SPY   260320P00651000,2026-03-16T15:00:00Z,2.460000,2.620000,2.050000,2.610000
4fd5c531-da88-4184-9376-48ee4a66dbd1,SPY   260320P00651000,2026-03-16T16:00:00Z,2.830000,3.100000,2.780000,2.930000
4fd5c531-da88-4184-9376-48ee4a66dbd1,SPY   260320P00651000,2026-03-16T17:00:00Z,2.590000,2.600000,2.190000,2.290000
4fd5c531-da88-4184-9376-48ee4a66dbd1,SPY   260320P00651000,2026-03-16T18:00:00Z,2.340000,2.370000,1.940000,2.070000
4fd5c531-da88-4184-9376-48ee4a66dbd1,SPY   260320P00651000,2026-03-16T19:00:00Z,2.110000,2.110000,2.090000,2.090000
4fd5c531-da88-4184-9376-48ee4a66dbd1,SPY   260320P00651000,2026-03-17T14:00:00Z,1.030000,1.250000,0.920000,0.980000
4fd5c531-da88-4184-9376-48ee4a66dbd1,SPY   260320P00651000,2026-03-17T15:00:00Z,1.110000,1.200000,1.050000,1.120000
4fd5c531-da88-4184-9376-48ee4a66dbd1,SPY   260320P00651000,2026-03-17T16:00:00Z,1.220000,1.350000,1.100000,1.140000
4fd5c531-da88-4184-9376-48ee4a66dbd1,SPY   260320P00651000,2026-03-17T17:00:00Z,1.130000,1.130000,0.950000,0.970000
4fd5c531-da88-4184-9376-48ee4a66dbd1,SPY   260320P00651000,2026-03-17T18:00:00Z,0.960000,1.000000,0.920000,0.940000
4fd5c531-da88-4184-9376-48ee4a66dbd1,SPY   260320P00651000,2026-03-17T19:00:00Z,0.980000,1.080000,0.950000,1.040000
4fd5c531-da88-4184-9376-48ee4a66dbd1,SPY   260320P00651000,2026-03-18T14:00:00Z,0.950000,1.570000,0.940000,1.170000
4fd5c531-da88-4184-9376-48ee4a66dbd1,SPY   260320P00651000,2026-03-18T15:00:00Z,1.170000,1.290000,1.010000,1.140000
4fd5c531-da88-4184-9376-48ee4a66dbd1,SPY   260320P00651000,2026-03-18T16:00:00Z,1.390000,1.400000,1.190000,1.220000
4fd5c531-da88-4184-9376-48ee4a66dbd1,SPY   260320P00651000,2026-03-18T17:00:00Z,1.410000,1.470000,1.340000,1.360000
4fd5c531-da88-4184-9376-48ee4a66dbd1,SPY   260320P00651000,2026-03-18T18:00:00Z,1.180000,1.520000,1.150000,1.410000
4fd5c531-da88-4184-9376-48ee4a66dbd1,SPY   260320P00651000,2026-03-18T19:00:00Z,1.660000,2.090000,1.420000,1.960000
4fd5c531-da88-4184-9376-48ee4a66dbd1,SPY   260320P00651000,2026-03-19T14:00:00Z,1.990000,2.690000,1.620000,1.830000
4fd5c531-da88-4184-9376-48ee4a66dbd1,SPY   260320P00651000,2026-03-19T15:00:00Z,2.350000,2.350000,1.770000,1.820000
4fd5c531-da88-4184-9376-48ee4a66dbd1,SPY   260320P00651000,2026-03-19T16:00:00Z,1.570000,1.880000,1.380000,1.660000
4fd5c531-da88-4184-9376-48ee4a66dbd1,SPY   260320P00651000,2026-03-19T17:00:00Z,1.830000,2.220000,1.830000,2.220000
4fd5c531-da88-4184-9376-48ee4a66dbd1,SPY   260320P00651000,2026-03-19T18:00:00Z,1.590000,1.850000,1.200000,1.250000
4fd5c531-da88-4184-9376-48ee4a66dbd1,SPY   260320P00651000,2026-03-19T19:00:00Z,1.230000,1.360000,0.880000,1.140000
4fd5c531-da88-4184-9376-48ee4a66dbd1,SPY   260320P00651000,2026-03-20T14:00:00Z,1.260000,1.960000,0.910000,1.320000
4fd5c531-da88-4184-9376-48ee4a66dbd1,SPY   260320P00651000,2026-03-20T15:00:00Z,1.290000,1.570000,0.890000,1.230000
4fd5c531-da88-4184-9376-48ee4a66dbd1,SPY   260320P00651000,2026-03-20T16:00:00Z,0.800000,0.950000,0.710000,0.870000
4fd5c531-da88-4184-9376-48ee4a66dbd1,SPY   260320P00651000,2026-03-20T17:00:00Z,0.710000,0.830000,0.660000,0.820000
4fd5c531-da88-4184-9376-48ee4a66dbd1,SPY   260320P00651000,2026-03-20T18:00:00Z,2.720000,2.770000,1.920000,2.190000
4fd5c531-da88-4184-9376-48ee4a66dbd1,SPY   260320P00651000,2026-03-20T19:00:00Z,3.530000,4.230000,3.120000,3.980000
50addf90-26d2-430a-a6f6-180d64c328e0,SPY   260327P00639000,2026-03-23T14:00:00Z,1.840000,2.060000,1.480000,1.580000
50addf90-26d2-430a-a6f6-180d64c328e0,SPY   260327P00639000,2026-03-23T15:00:00Z,1.370000,1.480000,1.360000,1.470000
50addf90-26d2-430a-a6f6-180d64c328e0,SPY   260327P00639000,2026-03-23T16:00:00Z,2.550000,2.800000,2.330000,2.690000
50addf90-26d2-430a-a6f6-180d64c328e0,SPY   260327P00639000,2026-03-23T17:00:00Z,2.740000,3.030000,1.990000,2.030000
50addf90-26d2-430a-a6f6-180d64c328e0,SPY   260327P00639000,2026-03-23T18:00:00Z,2.150000,2.230000,1.870000,1.940000
50addf90-26d2-430a-a6f6-180d64c328e0,SPY   260327P00639000,2026-03-23T19:00:00Z,1.940000,2.170000,1.860000,2.100000
50addf90-26d2-430a-a6f6-180d64c328e0,SPY   260327P00639000,2026-03-24T14:00:00Z,2.680000,2.730000,1.800000,1.960000
50addf90-26d2-430a-a6f6-180d64c328e0,SPY   260327P00639000,2026-03-24T15:00:00Z,1.670000,1.730000,1.540000,1.600000
50addf90-26d2-430a-a6f6-180d64c328e0,SPY   260327P00639000,2026-03-24T16:00:00Z,1.620000,1.920000,1.610000,1.650000
50addf90-26d2-430a-a6f6-180d64c328e0,SPY   260327P00639000,2026-03-24T17:00:00Z,2.260000,2.260000,2.160000,2.160000
50addf90-26d2-430a-a6f6-180d64c328e0,SPY   260327P00639000,2026-03-24T18:00:00Z,1.820000,1.970000,1.540000,1.600000
50addf90-26d2-430a-a6f6-180d64c328e0,SPY   260327P00639000,2026-03-24T19:00:00Z,1.720000,2.010000,1.690000,2.010000
50addf90-26d2-430a-a6f6-180d64c328e0,SPY   260327P00639000,2026-03-25T14:00:00Z,1.010000,1.170000,0.580000,0.670000
50addf90-26d2-430a-a6f6-180d64c328e0,SPY   260327P00639000,2026-03-25T15:00:00Z,0.670000,1.250000,0.640000,0.780000
50addf90-26d2-430a-a6f6-180d64c328e0,SPY   260327P00639000,2026-03-25T16:00:00Z,0.710000,0.760000,0.660000,0.670000
50addf90-26d2-430a-a6f6-180d64c328e0,SPY   260327P00639000,2026-03-25T17:00:00Z,0.640000,0.670000,0.610000,0.660000
50addf90-26d2-430a-a6f6-180d64c328e0,SPY   260327P00639000,2026-03-25T18:00:00Z,0.530000,0.560000,0.500000,0.530000
50addf90-26d2-430a-a6f6-180d64c328e0,SPY   260327P00639000,2026-03-25T19:00:00Z,0.700000,0.720000,0.530000,0.540000
50addf90-26d2-430a-a6f6-180d64c328e0,SPY   260327P00639000,2026-03-26T14:00:00Z,0.500000,0.630000,0.380000,0.480000
50addf90-26d2-430a-a6f6-180d64c328e0,SPY   260327P00639000,2026-03-26T15:00:00Z,0.480000,0.510000,0.390000,0.430000
50addf90-26d2-430a-a6f6-180d64c328e0,SPY   260327P00639000,2026-03-26T16:00:00Z,0.710000,0.800000,0.650000,0.710000
50addf90-26d2-430a-a6f6-180d64c328e0,SPY   260327P00639000,2026-03-26T17:00:00Z,0.790000,0.800000,0.750000,0.760000
50addf90-26d2-430a-a6f6-180d64c328e0,SPY   260327P00639000,2026-03-26T18:00:00Z,1.220000,1.220000,0.940000,1.000000
50addf90-26d2-430a-a6f6-180d64c328e0,SPY   260327P00639000,2026-03-26T19:00:00Z,1.440000,1.450000,1.430000,1.430000
50addf90-26d2-430a-a6f6-180d64c328e0,SPY   260327P00639000,2026-03-27T14:00:00Z,2.340000,2.380000,1.940000,2.040000
50addf90-26d2-430a-a6f6-180d64c328e0,SPY   260327P00639000,2026-03-27T15:00:00Z,1.350000,1.390000,0.880000,0.920000
50addf90-26d2-430a-a6f6-180d64c328e0,SPY   260327P00639000,2026-03-27T16:00:00Z,1.550000,1.550000,1.540000,1.550000
50addf90-26d2-430a-a6f6-180d64c328e0,SPY   260327P00639000,2026-03-27T17:00:00Z,1.640000,1.890000,1.530000,1.810000
50addf90-26d2-430a-a6f6-180d64c328e0,SPY   260327P00639000,2026-03-27T18:00:00Z,3.250000,4.130000,2.840000,3.820000
50addf90-26d2-430a-a6f6-180d64c328e0,SPY   260327P00639000,2026-03-27T19:00:00Z,3.810000,5.900000,3.590000,4.580000
531c5be1-0738-46b0-8aaa-68009702dfdd,SPY   251226P00667000,2025-12-16T15:00:00Z,2.230000,3.540000,2.180000,2.600000
531c5be1-0738-46b0-8aaa-68009702dfdd,SPY   251226P00667000,2025-12-16T16:00:00Z,3.020000,3.040000,3.000000,3.000000
531c5be1-0738-46b0-8aaa-68009702dfdd,SPY   251226P00667000,2025-12-16T17:00:00Z,2.690000,3.130000,2.440000,3.120000
531c5be1-0738-46b0-8aaa-68009702dfdd,SPY   251226P00667000,2025-12-16T18:00:00Z,3.540000,3.720000,3.390000,3.570000
531c5be1-0738-46b0-8aaa-68009702dfdd,SPY   251226P00667000,2025-12-16T19:00:00Z,3.270000,3.350000,2.600000,2.720000
531c5be1-0738-46b0-8aaa-68009702dfdd,SPY   251226P00667000,2025-12-16T20:00:00Z,2.610000,2.640000,1.940000,2.040000
531c5be1-0738-46b0-8aaa-68009702dfdd,SPY   251226P00667000,2025-12-17T15:00:00Z,2.110000,3.910000,2.020000,3.690000
531c5be1-0738-46b0-8aaa-68009702dfdd,SPY   251226P00667000,2025-12-17T16:00:00Z,3.700000,4.170000,3.270000,3.890000
531c5be1-0738-46b0-8aaa-68009702dfdd,SPY   251226P00667000,2025-12-17T17:00:00Z,3.760000,4.220000,3.650000,3.800000
531c5be1-0738-46b0-8aaa-68009702dfdd,SPY   251226P00667000,2025-12-17T18:00:00Z,3.810000,4.550000,3.500000,4.290000
531c5be1-0738-46b0-8aaa-68009702dfdd,SPY   251226P00667000,2025-12-17T19:00:00Z,4.250000,4.320000,4.210000,4.240000
531c5be1-0738-46b0-8aaa-68009702dfdd,SPY   251226P00667000,2025-12-17T20:00:00Z,4.550000,4.550000,4.530000,4.540000
531c5be1-0738-46b0-8aaa-68009702dfdd,SPY   251226P00667000,2025-12-18T15:00:00Z,2.160000,2.660000,1.470000,1.580000
531c5be1-0738-46b0-8aaa-68009702dfdd,SPY   251226P00667000,2025-12-18T16:00:00Z,1.560000,1.650000,1.390000,1.600000
531c5be1-0738-46b0-8aaa-68009702dfdd,SPY   251226P00667000,2025-12-18T17:00:00Z,2.500000,3.080000,1.920000,1.930000
531c5be1-0738-46b0-8aaa-68009702dfdd,SPY   251226P00667000,2025-12-18T18:00:00Z,1.870000,2.050000,1.800000,1.820000
531c5be1-0738-46b0-8aaa-68009702dfdd,SPY   251226P00667000,2025-12-18T19:00:00Z,2.280000,2.410000,2.120000,2.400000
531c5be1-0738-46b0-8aaa-68009702dfdd,SPY   251226P00667000,2025-12-18T20:00:00Z,2.130000,2.130000,1.650000,1.930000
531c5be1-0738-46b0-8aaa-68009702dfdd,SPY   251226P00667000,2025-12-19T15:00:00Z,0.940000,1.070000,0.550000,0.940000
531c5be1-0738-46b0-8aaa-68009702dfdd,SPY   251226P00667000,2025-12-19T16:00:00Z,0.820000,0.830000,0.720000,0.740000
531c5be1-0738-46b0-8aaa-68009702dfdd,SPY   251226P00667000,2025-12-19T17:00:00Z,0.800000,0.800000,0.650000,0.690000
531c5be1-0738-46b0-8aaa-68009702dfdd,SPY   251226P00667000,2025-12-19T18:00:00Z,0.690000,0.730000,0.630000,0.700000
531c5be1-0738-46b0-8aaa-68009702dfdd,SPY   251226P00667000,2025-12-19T19:00:00Z,0.700000,0.700000,0.530000,0.550000
531c5be1-0738-46b0-8aaa-68009702dfdd,SPY   251226P00667000,2025-12-19T20:00:00Z,0.550000,0.550000,0.510000,0.540000
531c5be1-0738-46b0-8aaa-68009702dfdd,SPY   251226P00667000,2025-12-22T15:00:00Z,0.190000,0.240000,0.190000,0.210000
531c5be1-0738-46b0-8aaa-68009702dfdd,SPY   251226P00667000,2025-12-22T16:00:00Z,0.210000,0.220000,0.170000,0.180000
531c5be1-0738-46b0-8aaa-68009702dfdd,SPY   251226P00667000,2025-12-22T17:00:00Z,0.180000,0.190000,0.160000,0.160000
531c5be1-0738-46b0-8aaa-68009702dfdd,SPY   251226P00667000,2025-12-22T18:00:00Z,0.160000,0.190000,0.160000,0.180000
531c5be1-0738-46b0-8aaa-68009702dfdd,SPY   251226P00667000,2025-12-22T19:00:00Z,0.180000,0.180000,0.130000,0.130000
531c5be1-0738-46b0-8aaa-68009702dfdd,SPY   251226P00667000,2025-12-22T20:00:00Z,0.130000,0.130000,0.100000,0.110000
531c5be1-0738-46b0-8aaa-68009702dfdd,SPY   251226P00667000,2025-12-23T15:00:00Z,0.110000,0.110000,0.080000,0.080000
531c5be1-0738-46b0-8aaa-68009702dfdd,SPY   251226P00667000,2025-12-23T16:00:00Z,0.080000,0.080000,0.070000,0.070000
531c5be1-0738-46b0-8aaa-68009702dfdd,SPY   251226P00667000,2025-12-23T17:00:00Z,0.080000,0.080000,0.080000,0.080000
531c5be1-0738-46b0-8aaa-68009702dfdd,SPY   251226P00667000,2025-12-23T18:00:00Z,0.080000,0.080000,0.080000,0.080000
531c5be1-0738-46b0-8aaa-68009702dfdd,SPY   251226P00667000,2025-12-23T19:00:00Z,0.070000,0.070000,0.070000,0.070000
531c5be1-0738-46b0-8aaa-68009702dfdd,SPY   251226P00667000,2025-12-23T20:00:00Z,0.070000,0.070000,0.070000,0.070000
531c5be1-0738-46b0-8aaa-68009702dfdd,SPY   251226P00667000,2025-12-24T15:00:00Z,0.040000,0.040000,0.030000,0.030000
531c5be1-0738-46b0-8aaa-68009702dfdd,SPY   251226P00667000,2025-12-24T16:00:00Z,0.030000,0.030000,0.030000,0.030000
531c5be1-0738-46b0-8aaa-68009702dfdd,SPY   251226P00667000,2025-12-24T17:00:00Z,0.030000,0.030000,0.030000,0.030000
531c5be1-0738-46b0-8aaa-68009702dfdd,SPY   251226P00667000,2025-12-26T15:00:00Z,0.010000,0.010000,0.010000,0.010000
531c5be1-0738-46b0-8aaa-68009702dfdd,SPY   251226P00667000,2025-12-26T16:00:00Z,0.010000,0.010000,0.010000,0.010000
531c5be1-0738-46b0-8aaa-68009702dfdd,SPY   251226P00667000,2025-12-26T17:00:00Z,0.010000,0.010000,0.010000,0.010000
531c5be1-0738-46b0-8aaa-68009702dfdd,SPY   251226P00667000,2025-12-26T18:00:00Z,0.010000,0.010000,0.010000,0.010000
531c5be1-0738-46b0-8aaa-68009702dfdd,SPY   251226P00667000,2025-12-26T19:00:00Z,0.010000,0.010000,0.010000,0.010000
531c5be1-0738-46b0-8aaa-68009702dfdd,SPY   251226P00667000,2025-12-26T20:00:00Z,0.010000,0.010000,0.010000,0.010000
53a35841-a060-4e50-b42a-35249287b71d,SPY   251128P00648000,2025-11-18T15:00:00Z,6.000000,6.730000,5.400000,5.410000
53a35841-a060-4e50-b42a-35249287b71d,SPY   251128P00648000,2025-11-18T16:00:00Z,5.810000,5.910000,5.050000,5.060000
53a35841-a060-4e50-b42a-35249287b71d,SPY   251128P00648000,2025-11-18T17:00:00Z,4.830000,4.930000,4.610000,4.920000
53a35841-a060-4e50-b42a-35249287b71d,SPY   251128P00648000,2025-11-18T18:00:00Z,4.090000,4.090000,3.640000,3.770000
53a35841-a060-4e50-b42a-35249287b71d,SPY   251128P00648000,2025-11-18T19:00:00Z,4.120000,4.170000,3.640000,3.860000
53a35841-a060-4e50-b42a-35249287b71d,SPY   251128P00648000,2025-11-18T20:00:00Z,3.690000,4.810000,3.580000,4.500000
53a35841-a060-4e50-b42a-35249287b71d,SPY   251128P00648000,2025-11-19T15:00:00Z,3.140000,3.210000,2.670000,2.920000
53a35841-a060-4e50-b42a-35249287b71d,SPY   251128P00648000,2025-11-19T16:00:00Z,3.950000,4.100000,3.840000,3.930000
53a35841-a060-4e50-b42a-35249287b71d,SPY   251128P00648000,2025-11-19T17:00:00Z,3.890000,5.100000,3.720000,5.020000
53a35841-a060-4e50-b42a-35249287b71d,SPY   251128P00648000,2025-11-19T18:00:00Z,4.240000,4.360000,3.580000,3.820000
53a35841-a060-4e50-b42a-35249287b71d,SPY   251128P00648000,2025-11-19T19:00:00Z,3.940000,4.740000,3.840000,4.640000
53a35841-a060-4e50-b42a-35249287b71d,SPY   251128P00648000,2025-11-19T20:00:00Z,4.120000,4.220000,3.970000,4.060000
53a35841-a060-4e50-b42a-35249287b71d,SPY   251128P00648000,2025-11-20T15:00:00Z,0.940000,1.170000,0.880000,1.170000
53a35841-a060-4e50-b42a-35249287b71d,SPY   251128P00648000,2025-11-20T16:00:00Z,1.170000,1.860000,1.170000,1.790000
53a35841-a060-4e50-b42a-35249287b71d,SPY   251128P00648000,2025-11-20T17:00:00Z,6.250000,6.300000,6.030000,6.050000
53a35841-a060-4e50-b42a-35249287b71d,SPY   251128P00648000,2025-11-20T18:00:00Z,5.640000,6.950000,4.500000,6.660000
53a35841-a060-4e50-b42a-35249287b71d,SPY   251128P00648000,2025-11-20T19:00:00Z,6.130000,6.520000,5.010000,5.690000
53a35841-a060-4e50-b42a-35249287b71d,SPY   251128P00648000,2025-11-20T20:00:00Z,5.490000,5.770000,4.760000,5.430000
53a35841-a060-4e50-b42a-35249287b71d,SPY   251128P00648000,2025-11-21T15:00:00Z,6.000000,6.040000,6.000000,6.040000
53a35841-a060-4e50-b42a-35249287b71d,SPY   251128P00648000,2025-11-21T16:00:00Z,5.950000,6.610000,4.600000,4.900000
53a35841-a060-4e50-b42a-35249287b71d,SPY   251128P00648000,2025-11-21T17:00:00Z,3.150000,3.520000,2.940000,3.220000
53a35841-a060-4e50-b42a-35249287b71d,SPY   251128P00648000,2025-11-21T18:00:00Z,3.140000,4.040000,2.390000,2.540000
53a35841-a060-4e50-b42a-35249287b71d,SPY   251128P00648000,2025-11-21T19:00:00Z,2.520000,2.870000,2.000000,2.670000
53a35841-a060-4e50-b42a-35249287b71d,SPY   251128P00648000,2025-11-21T20:00:00Z,2.670000,2.730000,2.520000,2.580000
53a35841-a060-4e50-b42a-35249287b71d,SPY   251128P00648000,2025-11-24T15:00:00Z,1.560000,1.560000,0.880000,0.980000
53a35841-a060-4e50-b42a-35249287b71d,SPY   251128P00648000,2025-11-24T16:00:00Z,0.860000,0.890000,0.860000,0.890000
53a35841-a060-4e50-b42a-35249287b71d,SPY   251128P00648000,2025-11-24T17:00:00Z,0.840000,0.920000,0.780000,0.800000
53a35841-a060-4e50-b42a-35249287b71d,SPY   251128P00648000,2025-11-24T18:00:00Z,0.720000,0.720000,0.700000,0.710000
53a35841-a060-4e50-b42a-35249287b71d,SPY   251128P00648000,2025-11-24T19:00:00Z,0.630000,0.630000,0.610000,0.630000
53a35841-a060-4e50-b42a-35249287b71d,SPY   251128P00648000,2025-11-24T20:00:00Z,0.630000,0.630000,0.520000,0.570000
53a35841-a060-4e50-b42a-35249287b71d,SPY   251128P00648000,2025-11-25T15:00:00Z,0.540000,0.750000,0.540000,0.620000
53a35841-a060-4e50-b42a-35249287b71d,SPY   251128P00648000,2025-11-25T16:00:00Z,0.370000,0.400000,0.240000,0.250000
53a35841-a060-4e50-b42a-35249287b71d,SPY   251128P00648000,2025-11-25T17:00:00Z,0.250000,0.250000,0.210000,0.220000
53a35841-a060-4e50-b42a-35249287b71d,SPY   251128P00648000,2025-11-25T18:00:00Z,0.210000,0.210000,0.210000,0.210000
53a35841-a060-4e50-b42a-35249287b71d,SPY   251128P00648000,2025-11-25T19:00:00Z,0.160000,0.170000,0.150000,0.150000
53a35841-a060-4e50-b42a-35249287b71d,SPY   251128P00648000,2025-11-25T20:00:00Z,0.140000,0.140000,0.100000,0.100000
53a35841-a060-4e50-b42a-35249287b71d,SPY   251128P00648000,2025-11-26T15:00:00Z,0.080000,0.080000,0.050000,0.050000
53a35841-a060-4e50-b42a-35249287b71d,SPY   251128P00648000,2025-11-26T16:00:00Z,0.050000,0.050000,0.050000,0.050000
53a35841-a060-4e50-b42a-35249287b71d,SPY   251128P00648000,2025-11-26T17:00:00Z,0.050000,0.050000,0.050000,0.050000
53a35841-a060-4e50-b42a-35249287b71d,SPY   251128P00648000,2025-11-26T18:00:00Z,0.050000,0.050000,0.040000,0.040000
53a35841-a060-4e50-b42a-35249287b71d,SPY   251128P00648000,2025-11-26T19:00:00Z,0.040000,0.040000,0.030000,0.030000
53a35841-a060-4e50-b42a-35249287b71d,SPY   251128P00648000,2025-11-26T20:00:00Z,0.030000,0.030000,0.030000,0.030000
53a35841-a060-4e50-b42a-35249287b71d,SPY   251128P00648000,2025-11-28T15:00:00Z,0.010000,0.010000,0.010000,0.010000
53a35841-a060-4e50-b42a-35249287b71d,SPY   251128P00648000,2025-11-28T16:00:00Z,0.010000,0.010000,0.010000,0.010000
53a35841-a060-4e50-b42a-35249287b71d,SPY   251128P00648000,2025-11-28T17:00:00Z,0.010000,0.010000,0.010000,0.010000
54440181-cdf1-4e27-b6a9-6afc399c67a3,SPY   260306P00659000,2026-02-24T15:00:00Z,2.800000,2.870000,2.590000,2.610000
54440181-cdf1-4e27-b6a9-6afc399c67a3,SPY   260306P00659000,2026-02-24T16:00:00Z,2.080000,2.100000,1.780000,1.950000
54440181-cdf1-4e27-b6a9-6afc399c67a3,SPY   260306P00659000,2026-02-24T17:00:00Z,1.710000,1.760000,1.640000,1.680000
54440181-cdf1-4e27-b6a9-6afc399c67a3,SPY   260306P00659000,2026-02-24T18:00:00Z,1.690000,1.770000,1.570000,1.640000
54440181-cdf1-4e27-b6a9-6afc399c67a3,SPY   260306P00659000,2026-02-24T19:00:00Z,1.610000,1.790000,1.610000,1.660000
54440181-cdf1-4e27-b6a9-6afc399c67a3,SPY   260306P00659000,2026-02-24T20:00:00Z,1.650000,1.770000,1.480000,1.530000
54440181-cdf1-4e27-b6a9-6afc399c67a3,SPY   260306P00659000,2026-02-25T15:00:00Z,1.030000,1.140000,1.000000,1.030000
54440181-cdf1-4e27-b6a9-6afc399c67a3,SPY   260306P00659000,2026-02-25T16:00:00Z,1.040000,1.050000,0.890000,0.920000
54440181-cdf1-4e27-b6a9-6afc399c67a3,SPY   260306P00659000,2026-02-25T17:00:00Z,0.920000,0.940000,0.880000,0.890000
54440181-cdf1-4e27-b6a9-6afc399c67a3,SPY   260306P00659000,2026-02-25T18:00:00Z,0.900000,0.900000,0.890000,0.890000
54440181-cdf1-4e27-b6a9-6afc399c67a3,SPY   260306P00659000,2026-02-25T19:00:00Z,0.860000,0.860000,0.780000,0.780000
54440181-cdf1-4e27-b6a9-6afc399c67a3,SPY   260306P00659000,2026-02-25T20:00:00Z,0.770000,0.830000,0.760000,0.790000
54440181-cdf1-4e27-b6a9-6afc399c67a3,SPY   260306P00659000,2026-02-26T15:00:00Z,0.920000,1.880000,0.880000,1.320000
54440181-cdf1-4e27-b6a9-6afc399c67a3,SPY   260306P00659000,2026-02-26T16:00:00Z,1.130000,1.500000,1.090000,1.460000
54440181-cdf1-4e27-b6a9-6afc399c67a3,SPY   260306P00659000,2026-02-26T17:00:00Z,1.470000,1.490000,1.320000,1.340000
54440181-cdf1-4e27-b6a9-6afc399c67a3,SPY   260306P00659000,2026-02-26T18:00:00Z,1.650000,1.680000,1.070000,1.070000
54440181-cdf1-4e27-b6a9-6afc399c67a3,SPY   260306P00659000,2026-02-26T19:00:00Z,0.910000,0.940000,0.890000,0.900000
54440181-cdf1-4e27-b6a9-6afc399c67a3,SPY   260306P00659000,2026-02-26T20:00:00Z,0.880000,0.950000,0.800000,0.900000
54440181-cdf1-4e27-b6a9-6afc399c67a3,SPY   260306P00659000,2026-02-27T15:00:00Z,2.000000,2.020000,1.250000,1.360000
54440181-cdf1-4e27-b6a9-6afc399c67a3,SPY   260306P00659000,2026-02-27T16:00:00Z,1.280000,1.300000,1.170000,1.280000
54440181-cdf1-4e27-b6a9-6afc399c67a3,SPY   260306P00659000,2026-02-27T17:00:00Z,1.410000,1.460000,1.280000,1.430000
54440181-cdf1-4e27-b6a9-6afc399c67a3,SPY   260306P00659000,2026-02-27T18:00:00Z,1.410000,1.460000,1.360000,1.460000
54440181-cdf1-4e27-b6a9-6afc399c67a3,SPY   260306P00659000,2026-02-27T19:00:00Z,1.500000,1.690000,1.330000,1.580000
54440181-cdf1-4e27-b6a9-6afc399c67a3,SPY   260306P00659000,2026-02-27T20:00:00Z,1.180000,1.200000,1.180000,1.200000
54440181-cdf1-4e27-b6a9-6afc399c67a3,SPY   260306P00659000,2026-03-02T15:00:00Z,1.500000,1.570000,0.970000,1.090000
54440181-cdf1-4e27-b6a9-6afc399c67a3,SPY   260306P00659000,2026-03-02T16:00:00Z,1.120000,1.300000,1.120000,1.260000
54440181-cdf1-4e27-b6a9-6afc399c67a3,SPY   260306P00659000,2026-03-02T17:00:00Z,0.870000,0.930000,0.740000,0.810000
54440181-cdf1-4e27-b6a9-6afc399c67a3,SPY   260306P00659000,2026-03-02T18:00:00Z,0.750000,0.980000,0.730000,0.970000
54440181-cdf1-4e27-b6a9-6afc399c67a3,SPY   260306P00659000,2026-03-02T19:00:00Z,0.970000,0.990000,0.590000,0.610000
54440181-cdf1-4e27-b6a9-6afc399c67a3,SPY   260306P00659000,2026-03-02T20:00:00Z,0.810000,0.950000,0.690000,0.730000
54440181-cdf1-4e27-b6a9-6afc399c67a3,SPY   260306P00659000,2026-03-03T15:00:00Z,3.180000,3.980000,2.700000,3.510000
54440181-cdf1-4e27-b6a9-6afc399c67a3,SPY   260306P00659000,2026-03-03T16:00:00Z,2.980000,3.040000,1.460000,1.610000
54440181-cdf1-4e27-b6a9-6afc399c67a3,SPY   260306P00659000,2026-03-03T17:00:00Z,1.610000,1.630000,1.540000,1.570000
54440181-cdf1-4e27-b6a9-6afc399c67a3,SPY   260306P00659000,2026-03-03T18:00:00Z,1.560000,1.560000,1.050000,1.070000
54440181-cdf1-4e27-b6a9-6afc399c67a3,SPY   260306P00659000,2026-03-03T19:00:00Z,1.130000,1.310000,0.940000,1.070000
54440181-cdf1-4e27-b6a9-6afc399c67a3,SPY   260306P00659000,2026-03-03T20:00:00Z,0.980000,1.230000,0.910000,1.210000
54440181-cdf1-4e27-b6a9-6afc399c67a3,SPY   260306P00659000,2026-03-04T15:00:00Z,0.580000,0.580000,0.520000,0.520000
54440181-cdf1-4e27-b6a9-6afc399c67a3,SPY   260306P00659000,2026-03-04T16:00:00Z,0.310000,0.370000,0.270000,0.300000
54440181-cdf1-4e27-b6a9-6afc399c67a3,SPY   260306P00659000,2026-03-04T17:00:00Z,0.300000,0.380000,0.270000,0.290000
54440181-cdf1-4e27-b6a9-6afc399c67a3,SPY   260306P00659000,2026-03-04T18:00:00Z,0.280000,0.310000,0.240000,0.240000
54440181-cdf1-4e27-b6a9-6afc399c67a3,SPY   260306P00659000,2026-03-04T19:00:00Z,0.240000,0.250000,0.200000,0.200000
54440181-cdf1-4e27-b6a9-6afc399c67a3,SPY   260306P00659000,2026-03-04T20:00:00Z,0.200000,0.290000,0.200000,0.250000
54440181-cdf1-4e27-b6a9-6afc399c67a3,SPY   260306P00659000,2026-03-05T15:00:00Z,0.140000,0.340000,0.140000,0.190000
54440181-cdf1-4e27-b6a9-6afc399c67a3,SPY   260306P00659000,2026-03-05T16:00:00Z,0.190000,0.360000,0.190000,0.230000
54440181-cdf1-4e27-b6a9-6afc399c67a3,SPY   260306P00659000,2026-03-05T17:00:00Z,0.230000,0.570000,0.170000,0.490000
54440181-cdf1-4e27-b6a9-6afc399c67a3,SPY   260306P00659000,2026-03-05T18:00:00Z,0.490000,0.510000,0.360000,0.480000
54440181-cdf1-4e27-b6a9-6afc399c67a3,SPY   260306P00659000,2026-03-05T19:00:00Z,0.420000,0.480000,0.300000,0.350000
54440181-cdf1-4e27-b6a9-6afc399c67a3,SPY   260306P00659000,2026-03-05T20:00:00Z,0.350000,0.390000,0.160000,0.200000
54440181-cdf1-4e27-b6a9-6afc399c67a3,SPY   260306P00659000,2026-03-06T15:00:00Z,0.180000,0.230000,0.070000,0.070000
54440181-cdf1-4e27-b6a9-6afc399c67a3,SPY   260306P00659000,2026-03-06T16:00:00Z,0.070000,0.070000,0.040000,0.040000
54440181-cdf1-4e27-b6a9-6afc399c67a3,SPY   260306P00659000,2026-03-06T17:00:00Z,0.040000,0.050000,0.040000,0.040000
54440181-cdf1-4e27-b6a9-6afc399c67a3,SPY   260306P00659000,2026-03-06T18:00:00Z,0.030000,0.030000,0.030000,0.030000
54440181-cdf1-4e27-b6a9-6afc399c67a3,SPY   260306P00659000,2026-03-06T19:00:00Z,0.020000,0.020000,0.020000,0.020000
54440181-cdf1-4e27-b6a9-6afc399c67a3,SPY   260306P00659000,2026-03-06T20:00:00Z,0.020000,0.020000,0.010000,0.010000
590a0d24-e976-4b3c-ba32-d173bfdb5048,SPY   251226C00697000,2025-12-16T15:00:00Z,0.320000,0.320000,0.210000,0.240000
590a0d24-e976-4b3c-ba32-d173bfdb5048,SPY   251226C00697000,2025-12-16T16:00:00Z,0.190000,0.190000,0.190000,0.190000
590a0d24-e976-4b3c-ba32-d173bfdb5048,SPY   251226C00697000,2025-12-16T17:00:00Z,0.190000,0.200000,0.190000,0.200000
590a0d24-e976-4b3c-ba32-d173bfdb5048,SPY   251226C00697000,2025-12-16T18:00:00Z,0.170000,0.170000,0.160000,0.160000
590a0d24-e976-4b3c-ba32-d173bfdb5048,SPY   251226C00697000,2025-12-16T19:00:00Z,0.160000,0.160000,0.140000,0.140000
590a0d24-e976-4b3c-ba32-d173bfdb5048,SPY   251226C00697000,2025-12-16T20:00:00Z,0.140000,0.190000,0.140000,0.180000
590a0d24-e976-4b3c-ba32-d173bfdb5048,SPY   251226C00697000,2025-12-17T15:00:00Z,0.150000,0.150000,0.100000,0.100000
590a0d24-e976-4b3c-ba32-d173bfdb5048,SPY   251226C00697000,2025-12-17T16:00:00Z,0.100000,0.100000,0.100000,0.100000
590a0d24-e976-4b3c-ba32-d173bfdb5048,SPY   251226C00697000,2025-12-17T17:00:00Z,0.090000,0.100000,0.090000,0.090000
590a0d24-e976-4b3c-ba32-d173bfdb5048,SPY   251226C00697000,2025-12-17T18:00:00Z,0.090000,0.090000,0.080000,0.080000
590a0d24-e976-4b3c-ba32-d173bfdb5048,SPY   251226C00697000,2025-12-17T19:00:00Z,0.080000,0.090000,0.080000,0.090000
590a0d24-e976-4b3c-ba32-d173bfdb5048,SPY   251226C00697000,2025-12-17T20:00:00Z,0.090000,0.100000,0.080000,0.090000
590a0d24-e976-4b3c-ba32-d173bfdb5048,SPY   251226C00697000,2025-12-18T15:00:00Z,0.090000,0.100000,0.090000,0.100000
590a0d24-e976-4b3c-ba32-d173bfdb5048,SPY   251226C00697000,2025-12-18T16:00:00Z,0.100000,0.110000,0.100000,0.110000
590a0d24-e976-4b3c-ba32-d173bfdb5048,SPY   251226C00697000,2025-12-18T17:00:00Z,0.100000,0.100000,0.070000,0.080000
590a0d24-e976-4b3c-ba32-d173bfdb5048,SPY   251226C00697000,2025-12-18T18:00:00Z,0.080000,0.080000,0.080000,0.080000
590a0d24-e976-4b3c-ba32-d173bfdb5048,SPY   251226C00697000,2025-12-18T19:00:00Z,0.070000,0.070000,0.060000,0.060000
590a0d24-e976-4b3c-ba32-d173bfdb5048,SPY   251226C00697000,2025-12-18T20:00:00Z,0.050000,0.050000,0.040000,0.040000
590a0d24-e976-4b3c-ba32-d173bfdb5048,SPY   251226C00697000,2025-12-19T15:00:00Z,0.090000,0.090000,0.050000,0.050000
590a0d24-e976-4b3c-ba32-d173bfdb5048,SPY   251226C00697000,2025-12-19T16:00:00Z,0.050000,0.050000,0.050000,0.050000
590a0d24-e976-4b3c-ba32-d173bfdb5048,SPY   251226C00697000,2025-12-19T17:00:00Z,0.050000,0.050000,0.050000,0.050000
590a0d24-e976-4b3c-ba32-d173bfdb5048,SPY   251226C00697000,2025-12-19T18:00:00Z,0.050000,0.050000,0.050000,0.050000
590a0d24-e976-4b3c-ba32-d173bfdb5048,SPY   251226C00697000,2025-12-19T19:00:00Z,0.050000,0.050000,0.050000,0.050000
590a0d24-e976-4b3c-ba32-d173bfdb5048,SPY   251226C00697000,2025-12-19T20:00:00Z,0.050000,0.050000,0.030000,0.030000
590a0d24-e976-4b3c-ba32-d173bfdb5048,SPY   251226C00697000,2025-12-22T15:00:00Z,0.040000,0.040000,0.030000,0.030000
590a0d24-e976-4b3c-ba32-d173bfdb5048,SPY   251226C00697000,2025-12-22T16:00:00Z,0.030000,0.040000,0.030000,0.040000
590a0d24-e976-4b3c-ba32-d173bfdb5048,SPY   251226C00697000,2025-12-22T17:00:00Z,0.040000,0.040000,0.040000,0.040000
590a0d24-e976-4b3c-ba32-d173bfdb5048,SPY   251226C00697000,2025-12-22T18:00:00Z,0.040000,0.040000,0.040000,0.040000
590a0d24-e976-4b3c-ba32-d173bfdb5048,SPY   251226C00697000,2025-12-22T19:00:00Z,0.030000,0.030000,0.020000,0.020000
590a0d24-e976-4b3c-ba32-d173bfdb5048,SPY   251226C00697000,2025-12-22T20:00:00Z,0.020000,0.020000,0.020000,0.020000
590a0d24-e976-4b3c-ba32-d173bfdb5048,SPY   251226C00697000,2025-12-23T15:00:00Z,0.030000,0.030000,0.020000,0.020000
590a0d24-e976-4b3c-ba32-d173bfdb5048,SPY   251226C00697000,2025-12-23T16:00:00Z,0.020000,0.020000,0.020000,0.020000
590a0d24-e976-4b3c-ba32-d173bfdb5048,SPY   251226C00697000,2025-12-23T17:00:00Z,0.020000,0.020000,0.020000,0.020000
590a0d24-e976-4b3c-ba32-d173bfdb5048,SPY   251226C00697000,2025-12-23T18:00:00Z,0.020000,0.020000,0.020000,0.020000
590a0d24-e976-4b3c-ba32-d173bfdb5048,SPY   251226C00697000,2025-12-23T19:00:00Z,0.020000,0.020000,0.020000,0.020000
590a0d24-e976-4b3c-ba32-d173bfdb5048,SPY   251226C00697000,2025-12-23T20:00:00Z,0.020000,0.020000,0.020000,0.020000
590a0d24-e976-4b3c-ba32-d173bfdb5048,SPY   251226C00697000,2025-12-24T15:00:00Z,0.030000,0.030000,0.030000,0.030000
590a0d24-e976-4b3c-ba32-d173bfdb5048,SPY   251226C00697000,2025-12-24T16:00:00Z,0.030000,0.030000,0.030000,0.030000
590a0d24-e976-4b3c-ba32-d173bfdb5048,SPY   251226C00697000,2025-12-24T17:00:00Z,0.030000,0.030000,0.030000,0.030000
590a0d24-e976-4b3c-ba32-d173bfdb5048,SPY   251226C00697000,2025-12-26T15:00:00Z,0.020000,0.020000,0.020000,0.020000
590a0d24-e976-4b3c-ba32-d173bfdb5048,SPY   251226C00697000,2025-12-26T16:00:00Z,0.020000,0.020000,0.020000,0.020000
590a0d24-e976-4b3c-ba32-d173bfdb5048,SPY   251226C00697000,2025-12-26T17:00:00Z,0.020000,0.020000,0.020000,0.020000
590a0d24-e976-4b3c-ba32-d173bfdb5048,SPY   251226C00697000,2025-12-26T18:00:00Z,0.020000,0.020000,0.020000,0.020000
590a0d24-e976-4b3c-ba32-d173bfdb5048,SPY   251226C00697000,2025-12-26T19:00:00Z,0.020000,0.020000,0.010000,0.010000
590a0d24-e976-4b3c-ba32-d173bfdb5048,SPY   251226C00697000,2025-12-26T20:00:00Z,0.010000,0.010000,0.010000,0.010000
59426e3e-dd51-4c09-8ab5-58f3a611e9f7,SPY   260710P00723000,2026-06-29T14:00:00Z,3.370000,5.080000,3.080000,3.160000
59426e3e-dd51-4c09-8ab5-58f3a611e9f7,SPY   260710P00723000,2026-06-29T15:00:00Z,3.170000,3.410000,3.080000,3.110000
59426e3e-dd51-4c09-8ab5-58f3a611e9f7,SPY   260710P00723000,2026-06-29T16:00:00Z,2.760000,2.900000,2.610000,2.740000
59426e3e-dd51-4c09-8ab5-58f3a611e9f7,SPY   260710P00723000,2026-06-29T17:00:00Z,2.740000,2.740000,2.290000,2.350000
59426e3e-dd51-4c09-8ab5-58f3a611e9f7,SPY   260710P00723000,2026-06-29T18:00:00Z,2.230000,2.230000,2.190000,2.220000
59426e3e-dd51-4c09-8ab5-58f3a611e9f7,SPY   260710P00723000,2026-06-29T19:00:00Z,2.190000,2.250000,2.110000,2.230000
59426e3e-dd51-4c09-8ab5-58f3a611e9f7,SPY   260710P00723000,2026-06-30T14:00:00Z,1.540000,1.710000,1.320000,1.560000
59426e3e-dd51-4c09-8ab5-58f3a611e9f7,SPY   260710P00723000,2026-06-30T15:00:00Z,1.550000,1.550000,1.280000,1.320000
59426e3e-dd51-4c09-8ab5-58f3a611e9f7,SPY   260710P00723000,2026-06-30T16:00:00Z,1.220000,1.230000,1.080000,1.110000
59426e3e-dd51-4c09-8ab5-58f3a611e9f7,SPY   260710P00723000,2026-06-30T17:00:00Z,1.100000,1.170000,1.070000,1.110000
59426e3e-dd51-4c09-8ab5-58f3a611e9f7,SPY   260710P00723000,2026-06-30T18:00:00Z,1.100000,1.140000,1.010000,1.030000
59426e3e-dd51-4c09-8ab5-58f3a611e9f7,SPY   260710P00723000,2026-06-30T19:00:00Z,1.030000,1.040000,0.930000,0.940000
59426e3e-dd51-4c09-8ab5-58f3a611e9f7,SPY   260710P00723000,2026-07-01T14:00:00Z,1.020000,1.060000,0.790000,0.840000
59426e3e-dd51-4c09-8ab5-58f3a611e9f7,SPY   260710P00723000,2026-07-01T15:00:00Z,0.850000,0.850000,0.630000,0.640000
59426e3e-dd51-4c09-8ab5-58f3a611e9f7,SPY   260710P00723000,2026-07-01T16:00:00Z,0.650000,0.770000,0.600000,0.750000
59426e3e-dd51-4c09-8ab5-58f3a611e9f7,SPY   260710P00723000,2026-07-01T17:00:00Z,0.760000,0.800000,0.670000,0.760000
59426e3e-dd51-4c09-8ab5-58f3a611e9f7,SPY   260710P00723000,2026-07-01T18:00:00Z,0.760000,0.830000,0.720000,0.770000
59426e3e-dd51-4c09-8ab5-58f3a611e9f7,SPY   260710P00723000,2026-07-01T19:00:00Z,0.770000,0.790000,0.690000,0.790000
59426e3e-dd51-4c09-8ab5-58f3a611e9f7,SPY   260710P00723000,2026-07-02T14:00:00Z,0.470000,0.780000,0.420000,0.630000
59426e3e-dd51-4c09-8ab5-58f3a611e9f7,SPY   260710P00723000,2026-07-02T15:00:00Z,0.620000,1.020000,0.600000,0.900000
59426e3e-dd51-4c09-8ab5-58f3a611e9f7,SPY   260710P00723000,2026-07-02T16:00:00Z,0.900000,1.100000,0.840000,1.050000
59426e3e-dd51-4c09-8ab5-58f3a611e9f7,SPY   260710P00723000,2026-07-02T17:00:00Z,1.040000,1.410000,1.030000,1.380000
59426e3e-dd51-4c09-8ab5-58f3a611e9f7,SPY   260710P00723000,2026-07-02T18:00:00Z,0.930000,0.930000,0.900000,0.900000
59426e3e-dd51-4c09-8ab5-58f3a611e9f7,SPY   260710P00723000,2026-07-02T19:00:00Z,0.900000,1.150000,0.730000,0.760000
59426e3e-dd51-4c09-8ab5-58f3a611e9f7,SPY   260710P00723000,2026-07-06T14:00:00Z,0.300000,0.330000,0.200000,0.200000
59426e3e-dd51-4c09-8ab5-58f3a611e9f7,SPY   260710P00723000,2026-07-06T15:00:00Z,0.200000,0.220000,0.180000,0.190000
59426e3e-dd51-4c09-8ab5-58f3a611e9f7,SPY   260710P00723000,2026-07-06T16:00:00Z,0.190000,0.190000,0.180000,0.190000
59426e3e-dd51-4c09-8ab5-58f3a611e9f7,SPY   260710P00723000,2026-07-06T17:00:00Z,0.190000,0.210000,0.160000,0.190000
59426e3e-dd51-4c09-8ab5-58f3a611e9f7,SPY   260710P00723000,2026-07-06T18:00:00Z,0.190000,0.190000,0.150000,0.150000
59426e3e-dd51-4c09-8ab5-58f3a611e9f7,SPY   260710P00723000,2026-07-06T19:00:00Z,0.150000,0.150000,0.140000,0.140000
59426e3e-dd51-4c09-8ab5-58f3a611e9f7,SPY   260710P00723000,2026-07-07T14:00:00Z,0.170000,0.280000,0.170000,0.230000
59426e3e-dd51-4c09-8ab5-58f3a611e9f7,SPY   260710P00723000,2026-07-07T15:00:00Z,0.210000,0.240000,0.160000,0.160000
59426e3e-dd51-4c09-8ab5-58f3a611e9f7,SPY   260710P00723000,2026-07-07T16:00:00Z,0.140000,0.150000,0.130000,0.130000
59426e3e-dd51-4c09-8ab5-58f3a611e9f7,SPY   260710P00723000,2026-07-07T17:00:00Z,0.130000,0.130000,0.120000,0.120000
59426e3e-dd51-4c09-8ab5-58f3a611e9f7,SPY   260710P00723000,2026-07-07T18:00:00Z,0.120000,0.170000,0.110000,0.170000
59426e3e-dd51-4c09-8ab5-58f3a611e9f7,SPY   260710P00723000,2026-07-07T19:00:00Z,0.170000,0.240000,0.160000,0.190000
59426e3e-dd51-4c09-8ab5-58f3a611e9f7,SPY   260710P00723000,2026-07-08T14:00:00Z,0.310000,0.460000,0.260000,0.410000
59426e3e-dd51-4c09-8ab5-58f3a611e9f7,SPY   260710P00723000,2026-07-08T15:00:00Z,0.410000,0.600000,0.400000,0.440000
59426e3e-dd51-4c09-8ab5-58f3a611e9f7,SPY   260710P00723000,2026-07-08T16:00:00Z,0.440000,0.450000,0.300000,0.300000
59426e3e-dd51-4c09-8ab5-58f3a611e9f7,SPY   260710P00723000,2026-07-08T17:00:00Z,0.180000,0.200000,0.140000,0.180000
59426e3e-dd51-4c09-8ab5-58f3a611e9f7,SPY   260710P00723000,2026-07-08T18:00:00Z,0.140000,0.150000,0.140000,0.140000
59426e3e-dd51-4c09-8ab5-58f3a611e9f7,SPY   260710P00723000,2026-07-08T19:00:00Z,0.130000,0.160000,0.090000,0.100000
59426e3e-dd51-4c09-8ab5-58f3a611e9f7,SPY   260710P00723000,2026-07-09T14:00:00Z,0.050000,0.070000,0.050000,0.050000
59426e3e-dd51-4c09-8ab5-58f3a611e9f7,SPY   260710P00723000,2026-07-09T15:00:00Z,0.040000,0.040000,0.030000,0.030000
59426e3e-dd51-4c09-8ab5-58f3a611e9f7,SPY   260710P00723000,2026-07-09T16:00:00Z,0.030000,0.030000,0.030000,0.030000
59426e3e-dd51-4c09-8ab5-58f3a611e9f7,SPY   260710P00723000,2026-07-09T17:00:00Z,0.030000,0.030000,0.030000,0.030000
59426e3e-dd51-4c09-8ab5-58f3a611e9f7,SPY   260710P00723000,2026-07-09T18:00:00Z,0.030000,0.030000,0.030000,0.030000
59426e3e-dd51-4c09-8ab5-58f3a611e9f7,SPY   260710P00723000,2026-07-09T19:00:00Z,0.030000,0.030000,0.020000,0.020000
59426e3e-dd51-4c09-8ab5-58f3a611e9f7,SPY   260710P00723000,2026-07-10T14:00:00Z,0.010000,0.010000,0.010000,0.010000
59426e3e-dd51-4c09-8ab5-58f3a611e9f7,SPY   260710P00723000,2026-07-10T15:00:00Z,0.010000,0.010000,0.010000,0.010000
59426e3e-dd51-4c09-8ab5-58f3a611e9f7,SPY   260710P00723000,2026-07-10T16:00:00Z,0.010000,0.010000,0.010000,0.010000
59426e3e-dd51-4c09-8ab5-58f3a611e9f7,SPY   260710P00723000,2026-07-10T17:00:00Z,0.010000,0.010000,0.010000,0.010000
59426e3e-dd51-4c09-8ab5-58f3a611e9f7,SPY   260710P00723000,2026-07-10T18:00:00Z,0.010000,0.010000,0.010000,0.010000
59426e3e-dd51-4c09-8ab5-58f3a611e9f7,SPY   260710P00723000,2026-07-10T19:00:00Z,0.010000,0.010000,0.010000,0.010000
599cb748-5b30-470e-a7ce-0b028400db22,SPY   260626P00724000,2026-06-15T14:00:00Z,1.190000,1.280000,1.120000,1.140000
599cb748-5b30-470e-a7ce-0b028400db22,SPY   260626P00724000,2026-06-15T15:00:00Z,1.140000,1.150000,1.090000,1.120000
599cb748-5b30-470e-a7ce-0b028400db22,SPY   260626P00724000,2026-06-15T16:00:00Z,1.060000,1.060000,0.950000,0.970000
599cb748-5b30-470e-a7ce-0b028400db22,SPY   260626P00724000,2026-06-15T17:00:00Z,1.010000,1.010000,0.970000,1.010000
599cb748-5b30-470e-a7ce-0b028400db22,SPY   260626P00724000,2026-06-15T18:00:00Z,1.110000,1.170000,1.050000,1.060000
599cb748-5b30-470e-a7ce-0b028400db22,SPY   260626P00724000,2026-06-15T19:00:00Z,1.060000,1.190000,1.060000,1.170000
599cb748-5b30-470e-a7ce-0b028400db22,SPY   260626P00724000,2026-06-16T14:00:00Z,1.010000,1.190000,0.890000,1.090000
599cb748-5b30-470e-a7ce-0b028400db22,SPY   260626P00724000,2026-06-16T15:00:00Z,1.080000,1.250000,0.990000,1.150000
599cb748-5b30-470e-a7ce-0b028400db22,SPY   260626P00724000,2026-06-16T16:00:00Z,1.150000,1.150000,1.010000,1.100000
599cb748-5b30-470e-a7ce-0b028400db22,SPY   260626P00724000,2026-06-16T17:00:00Z,1.100000,1.160000,1.080000,1.080000
599cb748-5b30-470e-a7ce-0b028400db22,SPY   260626P00724000,2026-06-16T18:00:00Z,1.150000,1.200000,1.100000,1.200000
599cb748-5b30-470e-a7ce-0b028400db22,SPY   260626P00724000,2026-06-16T19:00:00Z,1.200000,1.460000,1.200000,1.340000
599cb748-5b30-470e-a7ce-0b028400db22,SPY   260626P00724000,2026-06-17T14:00:00Z,1.490000,1.520000,1.200000,1.330000
599cb748-5b30-470e-a7ce-0b028400db22,SPY   260626P00724000,2026-06-17T15:00:00Z,1.580000,1.650000,1.340000,1.380000
599cb748-5b30-470e-a7ce-0b028400db22,SPY   260626P00724000,2026-06-17T16:00:00Z,1.360000,1.370000,1.340000,1.350000
599cb748-5b30-470e-a7ce-0b028400db22,SPY   260626P00724000,2026-06-17T17:00:00Z,1.500000,1.560000,1.490000,1.560000
599cb748-5b30-470e-a7ce-0b028400db22,SPY   260626P00724000,2026-06-17T18:00:00Z,1.910000,2.270000,1.270000,1.520000
599cb748-5b30-470e-a7ce-0b028400db22,SPY   260626P00724000,2026-06-17T19:00:00Z,1.910000,3.710000,1.680000,3.480000
599cb748-5b30-470e-a7ce-0b028400db22,SPY   260626P00724000,2026-06-18T14:00:00Z,1.490000,1.610000,1.070000,1.120000
599cb748-5b30-470e-a7ce-0b028400db22,SPY   260626P00724000,2026-06-18T15:00:00Z,1.110000,1.450000,1.080000,1.150000
599cb748-5b30-470e-a7ce-0b028400db22,SPY   260626P00724000,2026-06-18T16:00:00Z,1.150000,1.210000,1.000000,1.050000
599cb748-5b30-470e-a7ce-0b028400db22,SPY   260626P00724000,2026-06-18T17:00:00Z,1.040000,1.080000,0.900000,1.010000
599cb748-5b30-470e-a7ce-0b028400db22,SPY   260626P00724000,2026-06-18T18:00:00Z,1.000000,1.080000,0.970000,0.990000
599cb748-5b30-470e-a7ce-0b028400db22,SPY   260626P00724000,2026-06-18T19:00:00Z,0.990000,1.210000,0.820000,0.840000
599cb748-5b30-470e-a7ce-0b028400db22,SPY   260626P00724000,2026-06-22T14:00:00Z,0.370000,1.230000,0.360000,0.990000
599cb748-5b30-470e-a7ce-0b028400db22,SPY   260626P00724000,2026-06-22T15:00:00Z,0.870000,0.980000,0.870000,0.950000
599cb748-5b30-470e-a7ce-0b028400db22,SPY   260626P00724000,2026-06-22T16:00:00Z,0.900000,1.050000,0.730000,0.770000
599cb748-5b30-470e-a7ce-0b028400db22,SPY   260626P00724000,2026-06-22T17:00:00Z,0.760000,0.770000,0.760000,0.770000
599cb748-5b30-470e-a7ce-0b028400db22,SPY   260626P00724000,2026-06-22T18:00:00Z,0.730000,0.910000,0.600000,0.890000
599cb748-5b30-470e-a7ce-0b028400db22,SPY   260626P00724000,2026-06-22T19:00:00Z,0.890000,0.960000,0.760000,0.760000
599cb748-5b30-470e-a7ce-0b028400db22,SPY   260626P00724000,2026-06-23T14:00:00Z,1.980000,2.000000,1.470000,1.870000
599cb748-5b30-470e-a7ce-0b028400db22,SPY   260626P00724000,2026-06-23T15:00:00Z,1.990000,2.490000,1.960000,2.290000
599cb748-5b30-470e-a7ce-0b028400db22,SPY   260626P00724000,2026-06-23T16:00:00Z,1.900000,1.930000,1.530000,1.540000
599cb748-5b30-470e-a7ce-0b028400db22,SPY   260626P00724000,2026-06-23T17:00:00Z,1.500000,1.760000,1.310000,1.740000
599cb748-5b30-470e-a7ce-0b028400db22,SPY   260626P00724000,2026-06-23T18:00:00Z,1.730000,1.890000,1.560000,1.810000
599cb748-5b30-470e-a7ce-0b028400db22,SPY   260626P00724000,2026-06-23T19:00:00Z,2.220000,2.300000,1.800000,2.240000
599cb748-5b30-470e-a7ce-0b028400db22,SPY   260626P00724000,2026-06-24T14:00:00Z,0.830000,0.840000,0.820000,0.830000
599cb748-5b30-470e-a7ce-0b028400db22,SPY   260626P00724000,2026-06-24T15:00:00Z,0.780000,0.790000,0.760000,0.770000
599cb748-5b30-470e-a7ce-0b028400db22,SPY   260626P00724000,2026-06-24T16:00:00Z,0.800000,1.330000,0.700000,1.240000
599cb748-5b30-470e-a7ce-0b028400db22,SPY   260626P00724000,2026-06-24T17:00:00Z,1.240000,2.670000,1.090000,2.340000
599cb748-5b30-470e-a7ce-0b028400db22,SPY   260626P00724000,2026-06-24T18:00:00Z,2.340000,2.380000,1.440000,2.200000
599cb748-5b30-470e-a7ce-0b028400db22,SPY   260626P00724000,2026-06-24T19:00:00Z,2.170000,2.590000,1.870000,1.900000
599cb748-5b30-470e-a7ce-0b028400db22,SPY   260626P00724000,2026-06-25T14:00:00Z,2.080000,2.080000,0.460000,0.780000
599cb748-5b30-470e-a7ce-0b028400db22,SPY   260626P00724000,2026-06-25T15:00:00Z,0.760000,1.380000,0.560000,0.780000
599cb748-5b30-470e-a7ce-0b028400db22,SPY   260626P00724000,2026-06-25T16:00:00Z,0.770000,1.190000,0.510000,0.900000
599cb748-5b30-470e-a7ce-0b028400db22,SPY   260626P00724000,2026-06-25T17:00:00Z,0.900000,0.970000,0.590000,0.630000
599cb748-5b30-470e-a7ce-0b028400db22,SPY   260626P00724000,2026-06-25T18:00:00Z,0.630000,1.040000,0.380000,0.560000
599cb748-5b30-470e-a7ce-0b028400db22,SPY   260626P00724000,2026-06-25T19:00:00Z,0.550000,0.820000,0.550000,0.620000
599cb748-5b30-470e-a7ce-0b028400db22,SPY   260626P00724000,2026-06-26T14:00:00Z,0.450000,0.450000,0.180000,0.200000
599cb748-5b30-470e-a7ce-0b028400db22,SPY   260626P00724000,2026-06-26T15:00:00Z,0.210000,0.210000,0.210000,0.210000
599cb748-5b30-470e-a7ce-0b028400db22,SPY   260626P00724000,2026-06-26T16:00:00Z,0.110000,0.110000,0.100000,0.110000
599cb748-5b30-470e-a7ce-0b028400db22,SPY   260626P00724000,2026-06-26T17:00:00Z,0.060000,0.060000,0.040000,0.040000
599cb748-5b30-470e-a7ce-0b028400db22,SPY   260626P00724000,2026-06-26T18:00:00Z,0.040000,0.040000,0.030000,0.030000
599cb748-5b30-470e-a7ce-0b028400db22,SPY   260626P00724000,2026-06-26T19:00:00Z,0.030000,0.030000,0.020000,0.020000
59c29a66-e96c-4b5b-934f-16f90152dad8,SPY   260702C00754000,2026-06-29T14:00:00Z,0.160000,0.200000,0.080000,0.180000
59c29a66-e96c-4b5b-934f-16f90152dad8,SPY   260702C00754000,2026-06-29T15:00:00Z,0.120000,0.120000,0.120000,0.120000
59c29a66-e96c-4b5b-934f-16f90152dad8,SPY   260702C00754000,2026-06-29T16:00:00Z,0.160000,0.180000,0.150000,0.180000
59c29a66-e96c-4b5b-934f-16f90152dad8,SPY   260702C00754000,2026-06-29T17:00:00Z,0.180000,0.270000,0.180000,0.220000
59c29a66-e96c-4b5b-934f-16f90152dad8,SPY   260702C00754000,2026-06-29T18:00:00Z,0.240000,0.250000,0.240000,0.240000
59c29a66-e96c-4b5b-934f-16f90152dad8,SPY   260702C00754000,2026-06-29T19:00:00Z,0.210000,0.240000,0.180000,0.180000
59c29a66-e96c-4b5b-934f-16f90152dad8,SPY   260702C00754000,2026-06-30T14:00:00Z,0.300000,0.410000,0.220000,0.230000
59c29a66-e96c-4b5b-934f-16f90152dad8,SPY   260702C00754000,2026-06-30T15:00:00Z,0.230000,0.390000,0.230000,0.350000
59c29a66-e96c-4b5b-934f-16f90152dad8,SPY   260702C00754000,2026-06-30T16:00:00Z,0.410000,0.590000,0.410000,0.530000
59c29a66-e96c-4b5b-934f-16f90152dad8,SPY   260702C00754000,2026-06-30T17:00:00Z,0.530000,0.600000,0.470000,0.480000
59c29a66-e96c-4b5b-934f-16f90152dad8,SPY   260702C00754000,2026-06-30T18:00:00Z,0.480000,0.590000,0.460000,0.540000
59c29a66-e96c-4b5b-934f-16f90152dad8,SPY   260702C00754000,2026-06-30T19:00:00Z,0.540000,0.700000,0.480000,0.600000
59c29a66-e96c-4b5b-934f-16f90152dad8,SPY   260702C00754000,2026-07-01T14:00:00Z,0.190000,0.250000,0.160000,0.200000
59c29a66-e96c-4b5b-934f-16f90152dad8,SPY   260702C00754000,2026-07-01T15:00:00Z,0.200000,0.460000,0.200000,0.380000
59c29a66-e96c-4b5b-934f-16f90152dad8,SPY   260702C00754000,2026-07-01T16:00:00Z,0.380000,0.440000,0.230000,0.240000
59c29a66-e96c-4b5b-934f-16f90152dad8,SPY   260702C00754000,2026-07-01T17:00:00Z,0.240000,0.300000,0.200000,0.200000
59c29a66-e96c-4b5b-934f-16f90152dad8,SPY   260702C00754000,2026-07-01T18:00:00Z,0.200000,0.220000,0.150000,0.160000
59c29a66-e96c-4b5b-934f-16f90152dad8,SPY   260702C00754000,2026-07-01T19:00:00Z,0.160000,0.210000,0.110000,0.110000
59c29a66-e96c-4b5b-934f-16f90152dad8,SPY   260702C00754000,2026-07-02T14:00:00Z,0.240000,0.260000,0.050000,0.050000
59c29a66-e96c-4b5b-934f-16f90152dad8,SPY   260702C00754000,2026-07-02T15:00:00Z,0.050000,0.050000,0.030000,0.040000
59c29a66-e96c-4b5b-934f-16f90152dad8,SPY   260702C00754000,2026-07-02T16:00:00Z,0.030000,0.030000,0.020000,0.020000
59c29a66-e96c-4b5b-934f-16f90152dad8,SPY   260702C00754000,2026-07-02T17:00:00Z,0.020000,0.020000,0.020000,0.020000
59c29a66-e96c-4b5b-934f-16f90152dad8,SPY   260702C00754000,2026-07-02T18:00:00Z,0.020000,0.020000,0.020000,0.020000
59c29a66-e96c-4b5b-934f-16f90152dad8,SPY   260702C00754000,2026-07-02T19:00:00Z,0.020000,0.020000,0.010000,0.010000
5a88c5a2-0ba0-41d6-96bd-d0ec5f1bafc7,SPY   260130P00679000,2026-01-26T15:00:00Z,1.270000,1.340000,1.060000,1.100000
5a88c5a2-0ba0-41d6-96bd-d0ec5f1bafc7,SPY   260130P00679000,2026-01-26T16:00:00Z,1.100000,1.140000,1.090000,1.120000
5a88c5a2-0ba0-41d6-96bd-d0ec5f1bafc7,SPY   260130P00679000,2026-01-26T17:00:00Z,1.040000,1.050000,0.950000,1.010000
5a88c5a2-0ba0-41d6-96bd-d0ec5f1bafc7,SPY   260130P00679000,2026-01-26T18:00:00Z,1.000000,1.040000,1.000000,1.030000
5a88c5a2-0ba0-41d6-96bd-d0ec5f1bafc7,SPY   260130P00679000,2026-01-26T19:00:00Z,0.910000,0.930000,0.830000,0.880000
5a88c5a2-0ba0-41d6-96bd-d0ec5f1bafc7,SPY   260130P00679000,2026-01-26T20:00:00Z,0.880000,0.970000,0.860000,0.960000
5a88c5a2-0ba0-41d6-96bd-d0ec5f1bafc7,SPY   260130P00679000,2026-01-27T15:00:00Z,0.640000,0.660000,0.540000,0.550000
5a88c5a2-0ba0-41d6-96bd-d0ec5f1bafc7,SPY   260130P00679000,2026-01-27T16:00:00Z,0.550000,0.560000,0.520000,0.560000
5a88c5a2-0ba0-41d6-96bd-d0ec5f1bafc7,SPY   260130P00679000,2026-01-27T17:00:00Z,0.590000,0.600000,0.570000,0.580000
5a88c5a2-0ba0-41d6-96bd-d0ec5f1bafc7,SPY   260130P00679000,2026-01-27T18:00:00Z,0.610000,0.660000,0.510000,0.530000
5a88c5a2-0ba0-41d6-96bd-d0ec5f1bafc7,SPY   260130P00679000,2026-01-27T19:00:00Z,0.530000,0.550000,0.490000,0.500000
5a88c5a2-0ba0-41d6-96bd-d0ec5f1bafc7,SPY   260130P00679000,2026-01-27T20:00:00Z,0.500000,0.540000,0.490000,0.530000
5a88c5a2-0ba0-41d6-96bd-d0ec5f1bafc7,SPY   260130P00679000,2026-01-28T15:00:00Z,0.410000,0.480000,0.380000,0.470000
5a88c5a2-0ba0-41d6-96bd-d0ec5f1bafc7,SPY   260130P00679000,2026-01-28T16:00:00Z,0.490000,0.490000,0.420000,0.450000
5a88c5a2-0ba0-41d6-96bd-d0ec5f1bafc7,SPY   260130P00679000,2026-01-28T17:00:00Z,0.560000,0.570000,0.450000,0.490000
5a88c5a2-0ba0-41d6-96bd-d0ec5f1bafc7,SPY   260130P00679000,2026-01-28T18:00:00Z,0.430000,0.480000,0.430000,0.460000
5a88c5a2-0ba0-41d6-96bd-d0ec5f1bafc7,SPY   260130P00679000,2026-01-28T19:00:00Z,0.400000,0.550000,0.290000,0.360000
5a88c5a2-0ba0-41d6-96bd-d0ec5f1bafc7,SPY   260130P00679000,2026-01-28T20:00:00Z,0.320000,0.330000,0.310000,0.310000
5a88c5a2-0ba0-41d6-96bd-d0ec5f1bafc7,SPY   260130P00679000,2026-01-29T15:00:00Z,0.650000,0.710000,0.570000,0.570000
5a88c5a2-0ba0-41d6-96bd-d0ec5f1bafc7,SPY   260130P00679000,2026-01-29T16:00:00Z,1.300000,1.620000,0.530000,0.570000
5a88c5a2-0ba0-41d6-96bd-d0ec5f1bafc7,SPY   260130P00679000,2026-01-29T17:00:00Z,0.570000,0.570000,0.280000,0.300000
5a88c5a2-0ba0-41d6-96bd-d0ec5f1bafc7,SPY   260130P00679000,2026-01-29T18:00:00Z,0.520000,0.530000,0.240000,0.300000
5a88c5a2-0ba0-41d6-96bd-d0ec5f1bafc7,SPY   260130P00679000,2026-01-29T19:00:00Z,0.200000,0.230000,0.190000,0.200000
5a88c5a2-0ba0-41d6-96bd-d0ec5f1bafc7,SPY   260130P00679000,2026-01-29T20:00:00Z,0.240000,0.240000,0.080000,0.100000
5a88c5a2-0ba0-41d6-96bd-d0ec5f1bafc7,SPY   260130P00679000,2026-01-30T15:00:00Z,0.090000,0.100000,0.050000,0.060000
5a88c5a2-0ba0-41d6-96bd-d0ec5f1bafc7,SPY   260130P00679000,2026-01-30T16:00:00Z,0.060000,0.060000,0.030000,0.040000
5a88c5a2-0ba0-41d6-96bd-d0ec5f1bafc7,SPY   260130P00679000,2026-01-30T17:00:00Z,0.040000,0.080000,0.030000,0.030000
5a88c5a2-0ba0-41d6-96bd-d0ec5f1bafc7,SPY   260130P00679000,2026-01-30T18:00:00Z,0.040000,0.050000,0.030000,0.040000
5a88c5a2-0ba0-41d6-96bd-d0ec5f1bafc7,SPY   260130P00679000,2026-01-30T19:00:00Z,0.020000,0.020000,0.020000,0.020000
5a88c5a2-0ba0-41d6-96bd-d0ec5f1bafc7,SPY   260130P00679000,2026-01-30T20:00:00Z,0.020000,0.020000,0.010000,0.010000
5a8f638d-7ee2-4f64-a9a8-767a3848d835,SPY   260814C00784000,2026-08-10T14:00:00Z,0.800000,1.010000,0.760000,0.760000
5a8f638d-7ee2-4f64-a9a8-767a3848d835,SPY   260814C00784000,2026-08-10T15:00:00Z,0.760000,0.840000,0.730000,0.780000
5a8f638d-7ee2-4f64-a9a8-767a3848d835,SPY   260814C00784000,2026-08-10T16:00:00Z,0.860000,0.870000,0.520000,0.610000
5a8f638d-7ee2-4f64-a9a8-767a3848d835,SPY   260814C00784000,2026-08-10T17:00:00Z,0.630000,0.680000,0.590000,0.650000
5a8f638d-7ee2-4f64-a9a8-767a3848d835,SPY   260814C00784000,2026-08-10T18:00:00Z,0.580000,0.630000,0.580000,0.590000
5a8f638d-7ee2-4f64-a9a8-767a3848d835,SPY   260814C00784000,2026-08-10T19:00:00Z,0.600000,0.640000,0.510000,0.510000
5a8f638d-7ee2-4f64-a9a8-767a3848d835,SPY   260814C00784000,2026-08-11T14:00:00Z,0.580000,0.640000,0.470000,0.510000
5a8f638d-7ee2-4f64-a9a8-767a3848d835,SPY   260814C00784000,2026-08-11T15:00:00Z,0.510000,0.520000,0.380000,0.400000
5a8f638d-7ee2-4f64-a9a8-767a3848d835,SPY   260814C00784000,2026-08-11T16:00:00Z,0.380000,0.410000,0.320000,0.320000
5a8f638d-7ee2-4f64-a9a8-767a3848d835,SPY   260814C00784000,2026-08-11T17:00:00Z,0.320000,0.330000,0.260000,0.320000
5a8f638d-7ee2-4f64-a9a8-767a3848d835,SPY   260814C00784000,2026-08-11T18:00:00Z,0.320000,0.320000,0.210000,0.230000
5a8f638d-7ee2-4f64-a9a8-767a3848d835,SPY   260814C00784000,2026-08-11T19:00:00Z,0.230000,0.290000,0.220000,0.220000
5a8f638d-7ee2-4f64-a9a8-767a3848d835,SPY   260814C00784000,2026-08-12T14:00:00Z,0.190000,0.220000,0.150000,0.160000
5a8f638d-7ee2-4f64-a9a8-767a3848d835,SPY   260814C00784000,2026-08-12T15:00:00Z,0.160000,0.160000,0.140000,0.150000
5a8f638d-7ee2-4f64-a9a8-767a3848d835,SPY   260814C00784000,2026-08-12T16:00:00Z,0.140000,0.190000,0.140000,0.180000
5a8f638d-7ee2-4f64-a9a8-767a3848d835,SPY   260814C00784000,2026-08-12T17:00:00Z,0.180000,0.190000,0.140000,0.140000
5a8f638d-7ee2-4f64-a9a8-767a3848d835,SPY   260814C00784000,2026-08-12T18:00:00Z,0.140000,0.170000,0.140000,0.140000
5a8f638d-7ee2-4f64-a9a8-767a3848d835,SPY   260814C00784000,2026-08-12T19:00:00Z,0.140000,0.140000,0.090000,0.090000
5a8f638d-7ee2-4f64-a9a8-767a3848d835,SPY   260814C00784000,2026-08-13T14:00:00Z,0.340000,0.350000,0.330000,0.340000
5a8f638d-7ee2-4f64-a9a8-767a3848d835,SPY   260814C00784000,2026-08-13T15:00:00Z,0.240000,0.270000,0.110000,0.110000
5a8f638d-7ee2-4f64-a9a8-767a3848d835,SPY   260814C00784000,2026-08-13T16:00:00Z,0.110000,0.160000,0.110000,0.140000
5a8f638d-7ee2-4f64-a9a8-767a3848d835,SPY   260814C00784000,2026-08-13T17:00:00Z,0.140000,0.180000,0.120000,0.120000
5a8f638d-7ee2-4f64-a9a8-767a3848d835,SPY   260814C00784000,2026-08-13T18:00:00Z,0.120000,0.180000,0.110000,0.170000
5a8f638d-7ee2-4f64-a9a8-767a3848d835,SPY   260814C00784000,2026-08-13T19:00:00Z,0.170000,0.220000,0.140000,0.140000
5a8f638d-7ee2-4f64-a9a8-767a3848d835,SPY   260814C00784000,2026-08-14T14:00:00Z,0.050000,0.050000,0.020000,0.020000
5a8f638d-7ee2-4f64-a9a8-767a3848d835,SPY   260814C00784000,2026-08-14T15:00:00Z,0.020000,0.020000,0.020000,0.020000
5a8f638d-7ee2-4f64-a9a8-767a3848d835,SPY   260814C00784000,2026-08-14T16:00:00Z,0.020000,0.020000,0.020000,0.020000
5a8f638d-7ee2-4f64-a9a8-767a3848d835,SPY   260814C00784000,2026-08-14T17:00:00Z,0.020000,0.020000,0.020000,0.020000
5a8f638d-7ee2-4f64-a9a8-767a3848d835,SPY   260814C00784000,2026-08-14T18:00:00Z,0.020000,0.020000,0.020000,0.020000
5a8f638d-7ee2-4f64-a9a8-767a3848d835,SPY   260814C00784000,2026-08-14T19:00:00Z,0.020000,0.020000,0.010000,0.010000
5a944c43-c951-464d-ad9c-af27257f3226,SPY   260605P00738000,2026-06-01T14:00:00Z,0.670000,0.740000,0.570000,0.640000
5a944c43-c951-464d-ad9c-af27257f3226,SPY   260605P00738000,2026-06-01T15:00:00Z,0.640000,0.660000,0.470000,0.530000
5a944c43-c951-464d-ad9c-af27257f3226,SPY   260605P00738000,2026-06-01T16:00:00Z,0.530000,0.610000,0.440000,0.440000
5a944c43-c951-464d-ad9c-af27257f3226,SPY   260605P00738000,2026-06-01T17:00:00Z,0.370000,0.380000,0.360000,0.380000
5a944c43-c951-464d-ad9c-af27257f3226,SPY   260605P00738000,2026-06-01T18:00:00Z,0.370000,0.380000,0.340000,0.350000
5a944c43-c951-464d-ad9c-af27257f3226,SPY   260605P00738000,2026-06-01T19:00:00Z,0.340000,0.420000,0.340000,0.410000
5a944c43-c951-464d-ad9c-af27257f3226,SPY   260605P00738000,2026-06-02T14:00:00Z,0.380000,0.380000,0.280000,0.280000
5a944c43-c951-464d-ad9c-af27257f3226,SPY   260605P00738000,2026-06-02T15:00:00Z,0.280000,0.290000,0.270000,0.280000
5a944c43-c951-464d-ad9c-af27257f3226,SPY   260605P00738000,2026-06-02T16:00:00Z,0.280000,0.290000,0.270000,0.280000
5a944c43-c951-464d-ad9c-af27257f3226,SPY   260605P00738000,2026-06-02T17:00:00Z,0.260000,0.290000,0.250000,0.260000
5a944c43-c951-464d-ad9c-af27257f3226,SPY   260605P00738000,2026-06-02T18:00:00Z,0.250000,0.250000,0.220000,0.220000
5a944c43-c951-464d-ad9c-af27257f3226,SPY   260605P00738000,2026-06-02T19:00:00Z,0.220000,0.230000,0.200000,0.200000
5a944c43-c951-464d-ad9c-af27257f3226,SPY   260605P00738000,2026-06-03T14:00:00Z,0.280000,0.280000,0.270000,0.270000
5a944c43-c951-464d-ad9c-af27257f3226,SPY   260605P00738000,2026-06-03T15:00:00Z,0.240000,0.300000,0.210000,0.260000
5a944c43-c951-464d-ad9c-af27257f3226,SPY   260605P00738000,2026-06-03T16:00:00Z,0.260000,0.350000,0.250000,0.250000
5a944c43-c951-464d-ad9c-af27257f3226,SPY   260605P00738000,2026-06-03T17:00:00Z,0.230000,0.230000,0.230000,0.230000
5a944c43-c951-464d-ad9c-af27257f3226,SPY   260605P00738000,2026-06-03T18:00:00Z,0.190000,0.210000,0.170000,0.170000
5a944c43-c951-464d-ad9c-af27257f3226,SPY   260605P00738000,2026-06-03T19:00:00Z,0.170000,0.220000,0.170000,0.190000
5a944c43-c951-464d-ad9c-af27257f3226,SPY   260605P00738000,2026-06-04T14:00:00Z,0.130000,0.130000,0.090000,0.090000
5a944c43-c951-464d-ad9c-af27257f3226,SPY   260605P00738000,2026-06-04T15:00:00Z,0.070000,0.070000,0.070000,0.070000
5a944c43-c951-464d-ad9c-af27257f3226,SPY   260605P00738000,2026-06-04T16:00:00Z,0.060000,0.060000,0.050000,0.050000
5a944c43-c951-464d-ad9c-af27257f3226,SPY   260605P00738000,2026-06-04T17:00:00Z,0.050000,0.050000,0.050000,0.050000
5a944c43-c951-464d-ad9c-af27257f3226,SPY   260605P00738000,2026-06-04T18:00:00Z,0.050000,0.050000,0.050000,0.050000
5a944c43-c951-464d-ad9c-af27257f3226,SPY   260605P00738000,2026-06-04T19:00:00Z,0.050000,0.050000,0.040000,0.040000
5a944c43-c951-464d-ad9c-af27257f3226,SPY   260605P00738000,2026-06-05T14:00:00Z,0.070000,0.090000,0.040000,0.040000
5a944c43-c951-464d-ad9c-af27257f3226,SPY   260605P00738000,2026-06-05T15:00:00Z,0.030000,0.120000,0.030000,0.090000
5a944c43-c951-464d-ad9c-af27257f3226,SPY   260605P00738000,2026-06-05T16:00:00Z,0.090000,0.230000,0.090000,0.150000
5a944c43-c951-464d-ad9c-af27257f3226,SPY   260605P00738000,2026-06-05T17:00:00Z,0.190000,0.330000,0.070000,0.100000
5a944c43-c951-464d-ad9c-af27257f3226,SPY   260605P00738000,2026-06-05T18:00:00Z,0.060000,1.330000,0.060000,0.910000
5a944c43-c951-464d-ad9c-af27257f3226,SPY   260605P00738000,2026-06-05T19:00:00Z,0.890000,2.960000,0.200000,0.280000
5a9e6aa0-8b33-41dc-ad96-3688764442d8,SPY   251205C00695000,2025-12-01T15:00:00Z,0.240000,0.250000,0.200000,0.220000
5a9e6aa0-8b33-41dc-ad96-3688764442d8,SPY   251205C00695000,2025-12-01T16:00:00Z,0.180000,0.230000,0.180000,0.220000
5a9e6aa0-8b33-41dc-ad96-3688764442d8,SPY   251205C00695000,2025-12-01T17:00:00Z,0.210000,0.240000,0.190000,0.190000
5a9e6aa0-8b33-41dc-ad96-3688764442d8,SPY   251205C00695000,2025-12-01T18:00:00Z,0.220000,0.250000,0.220000,0.240000
5a9e6aa0-8b33-41dc-ad96-3688764442d8,SPY   251205C00695000,2025-12-01T19:00:00Z,0.210000,0.210000,0.130000,0.130000
5a9e6aa0-8b33-41dc-ad96-3688764442d8,SPY   251205C00695000,2025-12-01T20:00:00Z,0.130000,0.140000,0.130000,0.130000
5a9e6aa0-8b33-41dc-ad96-3688764442d8,SPY   251205C00695000,2025-12-02T15:00:00Z,0.170000,0.210000,0.130000,0.190000
5a9e6aa0-8b33-41dc-ad96-3688764442d8,SPY   251205C00695000,2025-12-02T16:00:00Z,0.110000,0.130000,0.110000,0.130000
5a9e6aa0-8b33-41dc-ad96-3688764442d8,SPY   251205C00695000,2025-12-02T17:00:00Z,0.120000,0.130000,0.100000,0.100000
5a9e6aa0-8b33-41dc-ad96-3688764442d8,SPY   251205C00695000,2025-12-02T18:00:00Z,0.100000,0.100000,0.090000,0.090000
5a9e6aa0-8b33-41dc-ad96-3688764442d8,SPY   251205C00695000,2025-12-02T19:00:00Z,0.100000,0.100000,0.100000,0.100000
5a9e6aa0-8b33-41dc-ad96-3688764442d8,SPY   251205C00695000,2025-12-02T20:00:00Z,0.080000,0.080000,0.080000,0.080000
5a9e6aa0-8b33-41dc-ad96-3688764442d8,SPY   251205C00695000,2025-12-03T15:00:00Z,0.060000,0.070000,0.060000,0.070000
5a9e6aa0-8b33-41dc-ad96-3688764442d8,SPY   251205C00695000,2025-12-03T16:00:00Z,0.070000,0.070000,0.060000,0.060000
5a9e6aa0-8b33-41dc-ad96-3688764442d8,SPY   251205C00695000,2025-12-03T17:00:00Z,0.060000,0.070000,0.060000,0.070000
5a9e6aa0-8b33-41dc-ad96-3688764442d8,SPY   251205C00695000,2025-12-03T18:00:00Z,0.070000,0.070000,0.060000,0.060000
5a9e6aa0-8b33-41dc-ad96-3688764442d8,SPY   251205C00695000,2025-12-03T19:00:00Z,0.060000,0.060000,0.060000,0.060000
5a9e6aa0-8b33-41dc-ad96-3688764442d8,SPY   251205C00695000,2025-12-03T20:00:00Z,0.060000,0.060000,0.060000,0.060000
5a9e6aa0-8b33-41dc-ad96-3688764442d8,SPY   251205C00695000,2025-12-04T15:00:00Z,0.030000,0.030000,0.030000,0.030000
5a9e6aa0-8b33-41dc-ad96-3688764442d8,SPY   251205C00695000,2025-12-04T16:00:00Z,0.030000,0.030000,0.030000,0.030000
5a9e6aa0-8b33-41dc-ad96-3688764442d8,SPY   251205C00695000,2025-12-04T17:00:00Z,0.030000,0.030000,0.030000,0.030000
5a9e6aa0-8b33-41dc-ad96-3688764442d8,SPY   251205C00695000,2025-12-04T18:00:00Z,0.030000,0.030000,0.020000,0.020000
5a9e6aa0-8b33-41dc-ad96-3688764442d8,SPY   251205C00695000,2025-12-04T19:00:00Z,0.020000,0.020000,0.020000,0.020000
5a9e6aa0-8b33-41dc-ad96-3688764442d8,SPY   251205C00695000,2025-12-04T20:00:00Z,0.020000,0.020000,0.020000,0.020000
5a9e6aa0-8b33-41dc-ad96-3688764442d8,SPY   251205C00695000,2025-12-05T15:00:00Z,0.010000,0.020000,0.010000,0.020000
5a9e6aa0-8b33-41dc-ad96-3688764442d8,SPY   251205C00695000,2025-12-05T16:00:00Z,0.020000,0.020000,0.010000,0.010000
5a9e6aa0-8b33-41dc-ad96-3688764442d8,SPY   251205C00695000,2025-12-05T17:00:00Z,0.010000,0.010000,0.010000,0.010000
5a9e6aa0-8b33-41dc-ad96-3688764442d8,SPY   251205C00695000,2025-12-05T18:00:00Z,0.010000,0.010000,0.010000,0.010000
5a9e6aa0-8b33-41dc-ad96-3688764442d8,SPY   251205C00695000,2025-12-05T19:00:00Z,0.010000,0.010000,0.010000,0.010000
5a9e6aa0-8b33-41dc-ad96-3688764442d8,SPY   251205C00695000,2025-12-05T20:00:00Z,0.010000,0.010000,0.010000,0.010000
5bd60190-fdca-4d31-b5a2-c0e66e1f9cc0,SPY   260327C00673000,2026-03-23T14:00:00Z,1.770000,1.890000,1.460000,1.630000
5bd60190-fdca-4d31-b5a2-c0e66e1f9cc0,SPY   260327C00673000,2026-03-23T15:00:00Z,1.670000,1.890000,1.220000,1.260000
5bd60190-fdca-4d31-b5a2-c0e66e1f9cc0,SPY   260327C00673000,2026-03-23T16:00:00Z,1.190000,1.220000,0.970000,1.080000
5bd60190-fdca-4d31-b5a2-c0e66e1f9cc0,SPY   260327C00673000,2026-03-23T17:00:00Z,1.230000,1.290000,1.080000,1.120000
5bd60190-fdca-4d31-b5a2-c0e66e1f9cc0,SPY   260327C00673000,2026-03-23T18:00:00Z,1.200000,1.470000,1.070000,1.430000
5bd60190-fdca-4d31-b5a2-c0e66e1f9cc0,SPY   260327C00673000,2026-03-23T19:00:00Z,1.400000,1.400000,1.080000,1.090000
5bd60190-fdca-4d31-b5a2-c0e66e1f9cc0,SPY   260327C00673000,2026-03-24T14:00:00Z,0.560000,0.560000,0.560000,0.560000
5bd60190-fdca-4d31-b5a2-c0e66e1f9cc0,SPY   260327C00673000,2026-03-24T15:00:00Z,0.540000,0.610000,0.520000,0.600000
5bd60190-fdca-4d31-b5a2-c0e66e1f9cc0,SPY   260327C00673000,2026-03-24T16:00:00Z,0.580000,0.600000,0.470000,0.520000
5bd60190-fdca-4d31-b5a2-c0e66e1f9cc0,SPY   260327C00673000,2026-03-24T17:00:00Z,0.390000,0.420000,0.340000,0.350000
5bd60190-fdca-4d31-b5a2-c0e66e1f9cc0,SPY   260327C00673000,2026-03-24T18:00:00Z,0.410000,0.620000,0.360000,0.580000
5bd60190-fdca-4d31-b5a2-c0e66e1f9cc0,SPY   260327C00673000,2026-03-24T19:00:00Z,0.470000,0.550000,0.330000,0.330000
5bd60190-fdca-4d31-b5a2-c0e66e1f9cc0,SPY   260327C00673000,2026-03-25T14:00:00Z,0.390000,0.460000,0.370000,0.410000
5bd60190-fdca-4d31-b5a2-c0e66e1f9cc0,SPY   260327C00673000,2026-03-25T15:00:00Z,0.280000,0.360000,0.250000,0.340000
5bd60190-fdca-4d31-b5a2-c0e66e1f9cc0,SPY   260327C00673000,2026-03-25T16:00:00Z,0.370000,0.390000,0.350000,0.380000
5bd60190-fdca-4d31-b5a2-c0e66e1f9cc0,SPY   260327C00673000,2026-03-25T17:00:00Z,0.330000,0.340000,0.300000,0.310000
5bd60190-fdca-4d31-b5a2-c0e66e1f9cc0,SPY   260327C00673000,2026-03-25T18:00:00Z,0.310000,0.330000,0.290000,0.290000
5bd60190-fdca-4d31-b5a2-c0e66e1f9cc0,SPY   260327C00673000,2026-03-25T19:00:00Z,0.220000,0.220000,0.220000,0.220000
5bd60190-fdca-4d31-b5a2-c0e66e1f9cc0,SPY   260327C00673000,2026-03-26T14:00:00Z,0.080000,0.080000,0.050000,0.050000
5bd60190-fdca-4d31-b5a2-c0e66e1f9cc0,SPY   260327C00673000,2026-03-26T15:00:00Z,0.050000,0.050000,0.050000,0.050000
5bd60190-fdca-4d31-b5a2-c0e66e1f9cc0,SPY   260327C00673000,2026-03-26T16:00:00Z,0.050000,0.050000,0.040000,0.040000
5bd60190-fdca-4d31-b5a2-c0e66e1f9cc0,SPY   260327C00673000,2026-03-26T17:00:00Z,0.040000,0.040000,0.040000,0.040000
5bd60190-fdca-4d31-b5a2-c0e66e1f9cc0,SPY   260327C00673000,2026-03-26T18:00:00Z,0.030000,0.030000,0.030000,0.030000
5bd60190-fdca-4d31-b5a2-c0e66e1f9cc0,SPY   260327C00673000,2026-03-26T19:00:00Z,0.030000,0.030000,0.030000,0.030000
5bd60190-fdca-4d31-b5a2-c0e66e1f9cc0,SPY   260327C00673000,2026-03-27T14:00:00Z,0.010000,0.010000,0.010000,0.010000
5bd60190-fdca-4d31-b5a2-c0e66e1f9cc0,SPY   260327C00673000,2026-03-27T15:00:00Z,0.010000,0.010000,0.010000,0.010000
5bd60190-fdca-4d31-b5a2-c0e66e1f9cc0,SPY   260327C00673000,2026-03-27T16:00:00Z,0.010000,0.010000,0.010000,0.010000
5bd60190-fdca-4d31-b5a2-c0e66e1f9cc0,SPY   260327C00673000,2026-03-27T17:00:00Z,0.010000,0.010000,0.010000,0.010000
5bd60190-fdca-4d31-b5a2-c0e66e1f9cc0,SPY   260327C00673000,2026-03-27T18:00:00Z,0.010000,0.010000,0.010000,0.010000
5bd60190-fdca-4d31-b5a2-c0e66e1f9cc0,SPY   260327C00673000,2026-03-27T19:00:00Z,0.010000,0.010000,0.010000,0.010000
5c95693c-8eaa-479d-b6b4-0f22186f2b49,SPY   260313C00676000,2026-03-09T14:00:00Z,3.400000,4.080000,3.190000,3.970000
5c95693c-8eaa-479d-b6b4-0f22186f2b49,SPY   260313C00676000,2026-03-09T15:00:00Z,3.880000,4.600000,3.880000,4.370000
5c95693c-8eaa-479d-b6b4-0f22186f2b49,SPY   260313C00676000,2026-03-09T16:00:00Z,4.420000,5.330000,4.230000,5.040000
5c95693c-8eaa-479d-b6b4-0f22186f2b49,SPY   260313C00676000,2026-03-09T17:00:00Z,5.050000,5.060000,4.010000,4.180000
5c95693c-8eaa-479d-b6b4-0f22186f2b49,SPY   260313C00676000,2026-03-09T18:00:00Z,4.180000,4.990000,4.180000,4.910000
5c95693c-8eaa-479d-b6b4-0f22186f2b49,SPY   260313C00676000,2026-03-09T19:00:00Z,4.680000,7.900000,4.600000,7.640000
5c95693c-8eaa-479d-b6b4-0f22186f2b49,SPY   260313C00676000,2026-03-10T14:00:00Z,6.350000,9.060000,5.890000,9.040000
5c95693c-8eaa-479d-b6b4-0f22186f2b49,SPY   260313C00676000,2026-03-10T15:00:00Z,9.060000,9.080000,9.030000,9.050000
5c95693c-8eaa-479d-b6b4-0f22186f2b49,SPY   260313C00676000,2026-03-10T16:00:00Z,9.160000,9.250000,8.170000,9.200000
5c95693c-8eaa-479d-b6b4-0f22186f2b49,SPY   260313C00676000,2026-03-10T17:00:00Z,9.430000,10.470000,9.300000,9.980000
5c95693c-8eaa-479d-b6b4-0f22186f2b49,SPY   260313C00676000,2026-03-10T18:00:00Z,9.340000,9.410000,8.290000,8.500000
5c95693c-8eaa-479d-b6b4-0f22186f2b49,SPY   260313C00676000,2026-03-10T19:00:00Z,7.700000,8.140000,6.660000,6.660000
5c95693c-8eaa-479d-b6b4-0f22186f2b49,SPY   260313C00676000,2026-03-11T14:00:00Z,6.260000,7.510000,4.980000,6.060000
5c95693c-8eaa-479d-b6b4-0f22186f2b49,SPY   260313C00676000,2026-03-11T15:00:00Z,6.190000,6.510000,4.760000,4.960000
5c95693c-8eaa-479d-b6b4-0f22186f2b49,SPY   260313C00676000,2026-03-11T16:00:00Z,4.810000,4.880000,4.740000,4.820000
5c95693c-8eaa-479d-b6b4-0f22186f2b49,SPY   260313C00676000,2026-03-11T17:00:00Z,5.160000,5.350000,4.090000,4.610000
5c95693c-8eaa-479d-b6b4-0f22186f2b49,SPY   260313C00676000,2026-03-11T18:00:00Z,4.460000,4.610000,4.460000,4.600000
5c95693c-8eaa-479d-b6b4-0f22186f2b49,SPY   260313C00676000,2026-03-11T19:00:00Z,4.540000,4.980000,4.210000,4.830000
5c95693c-8eaa-479d-b6b4-0f22186f2b49,SPY   260313C00676000,2026-03-12T14:00:00Z,1.890000,1.890000,1.740000,1.750000
5c95693c-8eaa-479d-b6b4-0f22186f2b49,SPY   260313C00676000,2026-03-12T15:00:00Z,1.260000,1.280000,1.010000,1.040000
5c95693c-8eaa-479d-b6b4-0f22186f2b49,SPY   260313C00676000,2026-03-12T16:00:00Z,1.360000,1.660000,1.090000,1.180000
5c95693c-8eaa-479d-b6b4-0f22186f2b49,SPY   260313C00676000,2026-03-12T17:00:00Z,1.200000,1.390000,1.160000,1.310000
5c95693c-8eaa-479d-b6b4-0f22186f2b49,SPY   260313C00676000,2026-03-12T18:00:00Z,1.040000,1.140000,1.030000,1.090000
5c95693c-8eaa-479d-b6b4-0f22186f2b49,SPY   260313C00676000,2026-03-12T19:00:00Z,0.790000,0.790000,0.660000,0.660000
5c95693c-8eaa-479d-b6b4-0f22186f2b49,SPY   260313C00676000,2026-03-13T14:00:00Z,0.410000,0.460000,0.070000,0.080000
5c95693c-8eaa-479d-b6b4-0f22186f2b49,SPY   260313C00676000,2026-03-13T15:00:00Z,0.080000,0.080000,0.070000,0.070000
5c95693c-8eaa-479d-b6b4-0f22186f2b49,SPY   260313C00676000,2026-03-13T16:00:00Z,0.040000,0.060000,0.040000,0.040000
5c95693c-8eaa-479d-b6b4-0f22186f2b49,SPY   260313C00676000,2026-03-13T17:00:00Z,0.040000,0.040000,0.020000,0.020000
5c95693c-8eaa-479d-b6b4-0f22186f2b49,SPY   260313C00676000,2026-03-13T18:00:00Z,0.020000,0.020000,0.020000,0.020000
5c95693c-8eaa-479d-b6b4-0f22186f2b49,SPY   260313C00676000,2026-03-13T19:00:00Z,0.020000,0.020000,0.010000,0.010000
5cb5cfbc-f442-4ba2-a294-967912700ec8,SPY   260501P00690000,2026-04-21T14:00:00Z,2.360000,2.440000,2.220000,2.370000
5cb5cfbc-f442-4ba2-a294-967912700ec8,SPY   260501P00690000,2026-04-21T15:00:00Z,2.970000,3.470000,2.860000,3.310000
5cb5cfbc-f442-4ba2-a294-967912700ec8,SPY   260501P00690000,2026-04-21T16:00:00Z,3.420000,3.650000,3.220000,3.510000
5cb5cfbc-f442-4ba2-a294-967912700ec8,SPY   260501P00690000,2026-04-21T17:00:00Z,3.860000,4.310000,3.260000,3.580000
5cb5cfbc-f442-4ba2-a294-967912700ec8,SPY   260501P00690000,2026-04-21T18:00:00Z,3.410000,3.740000,3.260000,3.470000
5cb5cfbc-f442-4ba2-a294-967912700ec8,SPY   260501P00690000,2026-04-21T19:00:00Z,3.180000,3.300000,3.040000,3.150000
5cb5cfbc-f442-4ba2-a294-967912700ec8,SPY   260501P00690000,2026-04-22T14:00:00Z,2.280000,2.360000,2.030000,2.130000
5cb5cfbc-f442-4ba2-a294-967912700ec8,SPY   260501P00690000,2026-04-22T15:00:00Z,2.130000,2.350000,2.090000,2.260000
5cb5cfbc-f442-4ba2-a294-967912700ec8,SPY   260501P00690000,2026-04-22T16:00:00Z,2.350000,2.370000,2.350000,2.360000
5cb5cfbc-f442-4ba2-a294-967912700ec8,SPY   260501P00690000,2026-04-22T17:00:00Z,2.290000,2.320000,2.130000,2.220000
5cb5cfbc-f442-4ba2-a294-967912700ec8,SPY   260501P00690000,2026-04-22T18:00:00Z,2.160000,2.220000,2.040000,2.100000
5cb5cfbc-f442-4ba2-a294-967912700ec8,SPY   260501P00690000,2026-04-22T19:00:00Z,1.770000,1.770000,1.730000,1.740000
5cb5cfbc-f442-4ba2-a294-967912700ec8,SPY   260501P00690000,2026-04-23T14:00:00Z,1.770000,1.770000,1.750000,1.750000
5cb5cfbc-f442-4ba2-a294-967912700ec8,SPY   260501P00690000,2026-04-23T15:00:00Z,1.660000,1.670000,1.580000,1.590000
5cb5cfbc-f442-4ba2-a294-967912700ec8,SPY   260501P00690000,2026-04-23T16:00:00Z,1.810000,1.970000,1.690000,1.750000
5cb5cfbc-f442-4ba2-a294-967912700ec8,SPY   260501P00690000,2026-04-23T17:00:00Z,2.920000,3.360000,2.690000,3.340000
5cb5cfbc-f442-4ba2-a294-967912700ec8,SPY   260501P00690000,2026-04-23T18:00:00Z,2.520000,2.620000,2.110000,2.150000
5cb5cfbc-f442-4ba2-a294-967912700ec8,SPY   260501P00690000,2026-04-23T19:00:00Z,2.630000,2.680000,2.220000,2.390000
5cb5cfbc-f442-4ba2-a294-967912700ec8,SPY   260501P00690000,2026-04-24T14:00:00Z,1.690000,1.830000,1.350000,1.380000
5cb5cfbc-f442-4ba2-a294-967912700ec8,SPY   260501P00690000,2026-04-24T15:00:00Z,1.130000,1.200000,1.120000,1.180000
5cb5cfbc-f442-4ba2-a294-967912700ec8,SPY   260501P00690000,2026-04-24T16:00:00Z,1.150000,1.270000,1.130000,1.160000
5cb5cfbc-f442-4ba2-a294-967912700ec8,SPY   260501P00690000,2026-04-24T17:00:00Z,1.160000,1.260000,1.130000,1.140000
5cb5cfbc-f442-4ba2-a294-967912700ec8,SPY   260501P00690000,2026-04-24T18:00:00Z,1.160000,1.190000,1.100000,1.110000
5cb5cfbc-f442-4ba2-a294-967912700ec8,SPY   260501P00690000,2026-04-24T19:00:00Z,1.070000,1.140000,1.010000,1.020000
5cb5cfbc-f442-4ba2-a294-967912700ec8,SPY   260501P00690000,2026-04-27T14:00:00Z,0.700000,0.730000,0.610000,0.660000
5cb5cfbc-f442-4ba2-a294-967912700ec8,SPY   260501P00690000,2026-04-27T15:00:00Z,0.720000,0.800000,0.710000,0.730000
5cb5cfbc-f442-4ba2-a294-967912700ec8,SPY   260501P00690000,2026-04-27T16:00:00Z,0.660000,0.670000,0.590000,0.610000
5cb5cfbc-f442-4ba2-a294-967912700ec8,SPY   260501P00690000,2026-04-27T17:00:00Z,0.580000,0.590000,0.570000,0.570000
5cb5cfbc-f442-4ba2-a294-967912700ec8,SPY   260501P00690000,2026-04-27T18:00:00Z,0.550000,0.570000,0.530000,0.550000
5cb5cfbc-f442-4ba2-a294-967912700ec8,SPY   260501P00690000,2026-04-27T19:00:00Z,0.470000,0.470000,0.470000,0.470000
5cb5cfbc-f442-4ba2-a294-967912700ec8,SPY   260501P00690000,2026-04-28T14:00:00Z,0.740000,0.940000,0.660000,0.740000
5cb5cfbc-f442-4ba2-a294-967912700ec8,SPY   260501P00690000,2026-04-28T15:00:00Z,0.770000,0.770000,0.750000,0.770000
5cb5cfbc-f442-4ba2-a294-967912700ec8,SPY   260501P00690000,2026-04-28T16:00:00Z,0.730000,0.730000,0.700000,0.700000
5cb5cfbc-f442-4ba2-a294-967912700ec8,SPY   260501P00690000,2026-04-28T17:00:00Z,0.660000,0.740000,0.530000,0.540000
5cb5cfbc-f442-4ba2-a294-967912700ec8,SPY   260501P00690000,2026-04-28T18:00:00Z,0.540000,0.580000,0.480000,0.480000
5cb5cfbc-f442-4ba2-a294-967912700ec8,SPY   260501P00690000,2026-04-28T19:00:00Z,0.480000,0.480000,0.370000,0.380000
5cb5cfbc-f442-4ba2-a294-967912700ec8,SPY   260501P00690000,2026-04-29T14:00:00Z,0.410000,0.430000,0.320000,0.350000
5cb5cfbc-f442-4ba2-a294-967912700ec8,SPY   260501P00690000,2026-04-29T15:00:00Z,0.350000,0.500000,0.350000,0.460000
5cb5cfbc-f442-4ba2-a294-967912700ec8,SPY   260501P00690000,2026-04-29T16:00:00Z,0.460000,0.590000,0.400000,0.500000
5cb5cfbc-f442-4ba2-a294-967912700ec8,SPY   260501P00690000,2026-04-29T17:00:00Z,0.500000,0.550000,0.390000,0.410000
5cb5cfbc-f442-4ba2-a294-967912700ec8,SPY   260501P00690000,2026-04-29T18:00:00Z,0.390000,0.640000,0.350000,0.350000
5cb5cfbc-f442-4ba2-a294-967912700ec8,SPY   260501P00690000,2026-04-29T19:00:00Z,0.340000,0.380000,0.250000,0.250000
5cb5cfbc-f442-4ba2-a294-967912700ec8,SPY   260501P00690000,2026-04-30T14:00:00Z,0.110000,0.120000,0.060000,0.070000
5cb5cfbc-f442-4ba2-a294-967912700ec8,SPY   260501P00690000,2026-04-30T15:00:00Z,0.070000,0.070000,0.060000,0.060000
5cb5cfbc-f442-4ba2-a294-967912700ec8,SPY   260501P00690000,2026-04-30T16:00:00Z,0.060000,0.060000,0.060000,0.060000
5cb5cfbc-f442-4ba2-a294-967912700ec8,SPY   260501P00690000,2026-04-30T17:00:00Z,0.060000,0.060000,0.060000,0.060000
5cb5cfbc-f442-4ba2-a294-967912700ec8,SPY   260501P00690000,2026-04-30T18:00:00Z,0.050000,0.050000,0.050000,0.050000
5cb5cfbc-f442-4ba2-a294-967912700ec8,SPY   260501P00690000,2026-04-30T19:00:00Z,0.050000,0.050000,0.040000,0.040000
5cb5cfbc-f442-4ba2-a294-967912700ec8,SPY   260501P00690000,2026-05-01T14:00:00Z,0.010000,0.010000,0.010000,0.010000
5cb5cfbc-f442-4ba2-a294-967912700ec8,SPY   260501P00690000,2026-05-01T15:00:00Z,0.010000,0.010000,0.010000,0.010000
5cb5cfbc-f442-4ba2-a294-967912700ec8,SPY   260501P00690000,2026-05-01T16:00:00Z,0.010000,0.010000,0.010000,0.010000
5cb5cfbc-f442-4ba2-a294-967912700ec8,SPY   260501P00690000,2026-05-01T17:00:00Z,0.010000,0.010000,0.010000,0.010000
5cb5cfbc-f442-4ba2-a294-967912700ec8,SPY   260501P00690000,2026-05-01T18:00:00Z,0.010000,0.010000,0.010000,0.010000
5cb5cfbc-f442-4ba2-a294-967912700ec8,SPY   260501P00690000,2026-05-01T19:00:00Z,0.010000,0.010000,0.010000,0.010000
5d0cdeff-97e7-4bf2-884d-c38b3326eee6,SPY   251226C00691000,2025-12-16T15:00:00Z,1.090000,1.120000,0.670000,0.820000
5d0cdeff-97e7-4bf2-884d-c38b3326eee6,SPY   251226C00691000,2025-12-16T16:00:00Z,0.820000,0.840000,0.670000,0.670000
5d0cdeff-97e7-4bf2-884d-c38b3326eee6,SPY   251226C00691000,2025-12-16T17:00:00Z,0.620000,0.710000,0.490000,0.510000
5d0cdeff-97e7-4bf2-884d-c38b3326eee6,SPY   251226C00691000,2025-12-16T18:00:00Z,0.500000,0.530000,0.480000,0.510000
5d0cdeff-97e7-4bf2-884d-c38b3326eee6,SPY   251226C00691000,2025-12-16T19:00:00Z,0.560000,0.600000,0.440000,0.530000
5d0cdeff-97e7-4bf2-884d-c38b3326eee6,SPY   251226C00691000,2025-12-16T20:00:00Z,0.530000,0.780000,0.520000,0.740000
5d0cdeff-97e7-4bf2-884d-c38b3326eee6,SPY   251226C00691000,2025-12-17T15:00:00Z,0.580000,0.610000,0.330000,0.340000
5d0cdeff-97e7-4bf2-884d-c38b3326eee6,SPY   251226C00691000,2025-12-17T16:00:00Z,0.340000,0.360000,0.320000,0.320000
5d0cdeff-97e7-4bf2-884d-c38b3326eee6,SPY   251226C00691000,2025-12-17T17:00:00Z,0.290000,0.290000,0.290000,0.290000
5d0cdeff-97e7-4bf2-884d-c38b3326eee6,SPY   251226C00691000,2025-12-17T18:00:00Z,0.290000,0.290000,0.230000,0.230000
5d0cdeff-97e7-4bf2-884d-c38b3326eee6,SPY   251226C00691000,2025-12-17T19:00:00Z,0.240000,0.250000,0.220000,0.240000
5d0cdeff-97e7-4bf2-884d-c38b3326eee6,SPY   251226C00691000,2025-12-17T20:00:00Z,0.250000,0.270000,0.240000,0.250000
5d0cdeff-97e7-4bf2-884d-c38b3326eee6,SPY   251226C00691000,2025-12-18T15:00:00Z,0.350000,0.450000,0.260000,0.420000
5d0cdeff-97e7-4bf2-884d-c38b3326eee6,SPY   251226C00691000,2025-12-18T16:00:00Z,0.420000,0.480000,0.410000,0.420000
5d0cdeff-97e7-4bf2-884d-c38b3326eee6,SPY   251226C00691000,2025-12-18T17:00:00Z,0.270000,0.270000,0.260000,0.260000
5d0cdeff-97e7-4bf2-884d-c38b3326eee6,SPY   251226C00691000,2025-12-18T18:00:00Z,0.260000,0.280000,0.250000,0.280000
5d0cdeff-97e7-4bf2-884d-c38b3326eee6,SPY   251226C00691000,2025-12-18T19:00:00Z,0.260000,0.260000,0.180000,0.180000
5d0cdeff-97e7-4bf2-884d-c38b3326eee6,SPY   251226C00691000,2025-12-18T20:00:00Z,0.170000,0.170000,0.150000,0.160000
5d0cdeff-97e7-4bf2-884d-c38b3326eee6,SPY   251226C00691000,2025-12-19T15:00:00Z,0.290000,0.290000,0.280000,0.280000
5d0cdeff-97e7-4bf2-884d-c38b3326eee6,SPY   251226C00691000,2025-12-19T16:00:00Z,0.220000,0.260000,0.210000,0.230000
5d0cdeff-97e7-4bf2-884d-c38b3326eee6,SPY   251226C00691000,2025-12-19T17:00:00Z,0.200000,0.280000,0.200000,0.270000
5d0cdeff-97e7-4bf2-884d-c38b3326eee6,SPY   251226C00691000,2025-12-19T18:00:00Z,0.270000,0.280000,0.220000,0.220000
5d0cdeff-97e7-4bf2-884d-c38b3326eee6,SPY   251226C00691000,2025-12-19T19:00:00Z,0.220000,0.240000,0.200000,0.200000
5d0cdeff-97e7-4bf2-884d-c38b3326eee6,SPY   251226C00691000,2025-12-19T20:00:00Z,0.200000,0.200000,0.140000,0.170000
5d0cdeff-97e7-4bf2-884d-c38b3326eee6,SPY   251226C00691000,2025-12-22T15:00:00Z,0.290000,0.300000,0.160000,0.200000
5d0cdeff-97e7-4bf2-884d-c38b3326eee6,SPY   251226C00691000,2025-12-22T16:00:00Z,0.200000,0.280000,0.200000,0.280000
5d0cdeff-97e7-4bf2-884d-c38b3326eee6,SPY   251226C00691000,2025-12-22T17:00:00Z,0.280000,0.310000,0.250000,0.300000
5d0cdeff-97e7-4bf2-884d-c38b3326eee6,SPY   251226C00691000,2025-12-22T18:00:00Z,0.300000,0.300000,0.220000,0.220000
5d0cdeff-97e7-4bf2-884d-c38b3326eee6,SPY   251226C00691000,2025-12-22T19:00:00Z,0.200000,0.210000,0.170000,0.180000
5d0cdeff-97e7-4bf2-884d-c38b3326eee6,SPY   251226C00691000,2025-12-22T20:00:00Z,0.180000,0.200000,0.170000,0.180000
5d0cdeff-97e7-4bf2-884d-c38b3326eee6,SPY   251226C00691000,2025-12-23T15:00:00Z,0.180000,0.180000,0.120000,0.160000
5d0cdeff-97e7-4bf2-884d-c38b3326eee6,SPY   251226C00691000,2025-12-23T16:00:00Z,0.180000,0.220000,0.180000,0.210000
5d0cdeff-97e7-4bf2-884d-c38b3326eee6,SPY   251226C00691000,2025-12-23T17:00:00Z,0.210000,0.210000,0.200000,0.200000
5d0cdeff-97e7-4bf2-884d-c38b3326eee6,SPY   251226C00691000,2025-12-23T18:00:00Z,0.210000,0.300000,0.210000,0.250000
5d0cdeff-97e7-4bf2-884d-c38b3326eee6,SPY   251226C00691000,2025-12-23T19:00:00Z,0.250000,0.300000,0.250000,0.280000
5d0cdeff-97e7-4bf2-884d-c38b3326eee6,SPY   251226C00691000,2025-12-23T20:00:00Z,0.290000,0.310000,0.290000,0.300000
5d0cdeff-97e7-4bf2-884d-c38b3326eee6,SPY   251226C00691000,2025-12-24T15:00:00Z,0.410000,0.410000,0.390000,0.410000
5d0cdeff-97e7-4bf2-884d-c38b3326eee6,SPY   251226C00691000,2025-12-24T16:00:00Z,0.420000,0.750000,0.400000,0.730000
5d0cdeff-97e7-4bf2-884d-c38b3326eee6,SPY   251226C00691000,2025-12-24T17:00:00Z,0.730000,0.910000,0.670000,0.700000
5d0cdeff-97e7-4bf2-884d-c38b3326eee6,SPY   251226C00691000,2025-12-26T15:00:00Z,0.690000,0.740000,0.330000,0.580000
5d0cdeff-97e7-4bf2-884d-c38b3326eee6,SPY   251226C00691000,2025-12-26T16:00:00Z,0.570000,0.610000,0.180000,0.190000
5d0cdeff-97e7-4bf2-884d-c38b3326eee6,SPY   251226C00691000,2025-12-26T17:00:00Z,0.190000,0.190000,0.080000,0.090000
5d0cdeff-97e7-4bf2-884d-c38b3326eee6,SPY   251226C00691000,2025-12-26T18:00:00Z,0.090000,0.130000,0.060000,0.120000
5d0cdeff-97e7-4bf2-884d-c38b3326eee6,SPY   251226C00691000,2025-12-26T19:00:00Z,0.120000,0.150000,0.060000,0.060000
5d0cdeff-97e7-4bf2-884d-c38b3326eee6,SPY   251226C00691000,2025-12-26T20:00:00Z,0.020000,0.020000,0.020000,0.020000
5e6f743a-3f4a-434c-a409-73b4ede9d91f,SPY   260123C00692000,2026-01-13T15:00:00Z,6.970000,7.080000,5.810000,6.570000
5e6f743a-3f4a-434c-a409-73b4ede9d91f,SPY   260123C00692000,2026-01-13T16:00:00Z,6.570000,7.340000,6.010000,7.200000
5e6f743a-3f4a-434c-a409-73b4ede9d91f,SPY   260123C00692000,2026-01-13T17:00:00Z,7.200000,7.310000,6.660000,6.900000
5e6f743a-3f4a-434c-a409-73b4ede9d91f,SPY   260123C00692000,2026-01-13T18:00:00Z,6.070000,6.530000,6.020000,6.120000
5e6f743a-3f4a-434c-a409-73b4ede9d91f,SPY   260123C00692000,2026-01-13T19:00:00Z,6.130000,6.290000,5.880000,6.130000
5e6f743a-3f4a-434c-a409-73b4ede9d91f,SPY   260123C00692000,2026-01-13T20:00:00Z,6.130000,6.660000,5.430000,6.660000
5e6f743a-3f4a-434c-a409-73b4ede9d91f,SPY   260123C00692000,2026-01-14T15:00:00Z,4.380000,5.110000,3.460000,3.630000
5e6f743a-3f4a-434c-a409-73b4ede9d91f,SPY   260123C00692000,2026-01-14T16:00:00Z,3.640000,4.410000,3.230000,3.370000
5e6f743a-3f4a-434c-a409-73b4ede9d91f,SPY   260123C00692000,2026-01-14T17:00:00Z,3.360000,3.600000,3.170000,3.300000
5e6f743a-3f4a-434c-a409-73b4ede9d91f,SPY   260123C00692000,2026-01-14T18:00:00Z,3.300000,3.810000,3.190000,3.770000
5e6f743a-3f4a-434c-a409-73b4ede9d91f,SPY   260123C00692000,2026-01-14T19:00:00Z,3.750000,3.860000,3.600000,3.680000
5e6f743a-3f4a-434c-a409-73b4ede9d91f,SPY   260123C00692000,2026-01-14T20:00:00Z,3.690000,3.690000,3.460000,3.460000
5e6f743a-3f4a-434c-a409-73b4ede9d91f,SPY   260123C00692000,2026-01-15T15:00:00Z,5.710000,6.490000,5.460000,6.260000
5e6f743a-3f4a-434c-a409-73b4ede9d91f,SPY   260123C00692000,2026-01-15T16:00:00Z,6.260000,6.720000,6.180000,6.560000
5e6f743a-3f4a-434c-a409-73b4ede9d91f,SPY   260123C00692000,2026-01-15T17:00:00Z,6.530000,6.790000,5.830000,5.840000
5e6f743a-3f4a-434c-a409-73b4ede9d91f,SPY   260123C00692000,2026-01-15T18:00:00Z,5.840000,6.610000,5.840000,6.250000
5e6f743a-3f4a-434c-a409-73b4ede9d91f,SPY   260123C00692000,2026-01-15T19:00:00Z,5.450000,5.610000,5.060000,5.120000
5e6f743a-3f4a-434c-a409-73b4ede9d91f,SPY   260123C00692000,2026-01-15T20:00:00Z,5.120000,5.120000,4.470000,4.610000
5e6f743a-3f4a-434c-a409-73b4ede9d91f,SPY   260123C00692000,2026-01-16T15:00:00Z,4.290000,4.680000,3.460000,4.070000
5e6f743a-3f4a-434c-a409-73b4ede9d91f,SPY   260123C00692000,2026-01-16T16:00:00Z,4.050000,4.910000,3.940000,4.430000
5e6f743a-3f4a-434c-a409-73b4ede9d91f,SPY   260123C00692000,2026-01-16T17:00:00Z,4.410000,4.610000,4.060000,4.060000
5e6f743a-3f4a-434c-a409-73b4ede9d91f,SPY   260123C00692000,2026-01-16T18:00:00Z,4.060000,4.680000,4.030000,4.320000
5e6f743a-3f4a-434c-a409-73b4ede9d91f,SPY   260123C00692000,2026-01-16T19:00:00Z,4.320000,4.880000,3.970000,4.260000
5e6f743a-3f4a-434c-a409-73b4ede9d91f,SPY   260123C00692000,2026-01-16T20:00:00Z,4.360000,4.390000,3.770000,4.100000
5e6f743a-3f4a-434c-a409-73b4ede9d91f,SPY   260123C00692000,2026-01-20T15:00:00Z,1.090000,1.320000,0.810000,1.030000
5e6f743a-3f4a-434c-a409-73b4ede9d91f,SPY   260123C00692000,2026-01-20T16:00:00Z,1.030000,1.130000,0.760000,0.920000
5e6f743a-3f4a-434c-a409-73b4ede9d91f,SPY   260123C00692000,2026-01-20T17:00:00Z,0.920000,0.950000,0.570000,0.610000
5e6f743a-3f4a-434c-a409-73b4ede9d91f,SPY   260123C00692000,2026-01-20T18:00:00Z,0.600000,0.650000,0.430000,0.440000
5e6f743a-3f4a-434c-a409-73b4ede9d91f,SPY   260123C00692000,2026-01-20T19:00:00Z,0.440000,0.460000,0.340000,0.350000
5e6f743a-3f4a-434c-a409-73b4ede9d91f,SPY   260123C00692000,2026-01-20T20:00:00Z,0.350000,0.370000,0.310000,0.340000
5e6f743a-3f4a-434c-a409-73b4ede9d91f,SPY   260123C00692000,2026-01-21T15:00:00Z,0.430000,0.550000,0.320000,0.490000
5e6f743a-3f4a-434c-a409-73b4ede9d91f,SPY   260123C00692000,2026-01-21T16:00:00Z,0.490000,0.500000,0.180000,0.180000
5e6f743a-3f4a-434c-a409-73b4ede9d91f,SPY   260123C00692000,2026-01-21T17:00:00Z,0.180000,0.210000,0.130000,0.210000
5e6f743a-3f4a-434c-a409-73b4ede9d91f,SPY   260123C00692000,2026-01-21T18:00:00Z,0.210000,0.210000,0.140000,0.170000
5e6f743a-3f4a-434c-a409-73b4ede9d91f,SPY   260123C00692000,2026-01-21T19:00:00Z,0.660000,0.800000,0.640000,0.790000
5e6f743a-3f4a-434c-a409-73b4ede9d91f,SPY   260123C00692000,2026-01-21T20:00:00Z,1.410000,1.500000,0.520000,0.540000
5e6f743a-3f4a-434c-a409-73b4ede9d91f,SPY   260123C00692000,2026-01-22T15:00:00Z,0.810000,1.070000,0.640000,0.800000
5e6f743a-3f4a-434c-a409-73b4ede9d91f,SPY   260123C00692000,2026-01-22T16:00:00Z,0.810000,1.270000,0.800000,1.000000
5e6f743a-3f4a-434c-a409-73b4ede9d91f,SPY   260123C00692000,2026-01-22T17:00:00Z,0.980000,1.410000,0.910000,1.370000
5e6f743a-3f4a-434c-a409-73b4ede9d91f,SPY   260123C00692000,2026-01-22T18:00:00Z,1.360000,1.430000,0.860000,0.920000
5e6f743a-3f4a-434c-a409-73b4ede9d91f,SPY   260123C00692000,2026-01-22T19:00:00Z,0.910000,1.250000,0.580000,0.590000
5e6f743a-3f4a-434c-a409-73b4ede9d91f,SPY   260123C00692000,2026-01-22T20:00:00Z,0.570000,0.700000,0.350000,0.490000
5e6f743a-3f4a-434c-a409-73b4ede9d91f,SPY   260123C00692000,2026-01-23T15:00:00Z,0.200000,0.250000,0.200000,0.210000
5e6f743a-3f4a-434c-a409-73b4ede9d91f,SPY   260123C00692000,2026-01-23T16:00:00Z,0.300000,0.440000,0.140000,0.140000
5e6f743a-3f4a-434c-a409-73b4ede9d91f,SPY   260123C00692000,2026-01-23T17:00:00Z,0.140000,0.180000,0.050000,0.050000
5e6f743a-3f4a-434c-a409-73b4ede9d91f,SPY   260123C00692000,2026-01-23T18:00:00Z,0.050000,0.060000,0.030000,0.030000
5e6f743a-3f4a-434c-a409-73b4ede9d91f,SPY   260123C00692000,2026-01-23T19:00:00Z,0.030000,0.080000,0.030000,0.030000
5e6f743a-3f4a-434c-a409-73b4ede9d91f,SPY   260123C00692000,2026-01-23T20:00:00Z,0.030000,0.030000,0.010000,0.010000
5e70740b-cd90-4566-bda2-8a8db7aef55c,SPY   260515C00750000,2026-05-05T14:00:00Z,0.140000,0.160000,0.120000,0.140000
5e70740b-cd90-4566-bda2-8a8db7aef55c,SPY   260515C00750000,2026-05-05T15:00:00Z,0.140000,0.150000,0.140000,0.140000
5e70740b-cd90-4566-bda2-8a8db7aef55c,SPY   260515C00750000,2026-05-05T16:00:00Z,0.140000,0.160000,0.140000,0.150000
5e70740b-cd90-4566-bda2-8a8db7aef55c,SPY   260515C00750000,2026-05-05T17:00:00Z,0.140000,0.150000,0.140000,0.150000
5e70740b-cd90-4566-bda2-8a8db7aef55c,SPY   260515C00750000,2026-05-05T18:00:00Z,0.150000,0.160000,0.130000,0.130000
5e70740b-cd90-4566-bda2-8a8db7aef55c,SPY   260515C00750000,2026-05-05T19:00:00Z,0.130000,0.150000,0.120000,0.120000
5e70740b-cd90-4566-bda2-8a8db7aef55c,SPY   260515C00750000,2026-05-06T14:00:00Z,0.350000,0.560000,0.320000,0.560000
5e70740b-cd90-4566-bda2-8a8db7aef55c,SPY   260515C00750000,2026-05-06T15:00:00Z,0.560000,0.620000,0.510000,0.540000
5e70740b-cd90-4566-bda2-8a8db7aef55c,SPY   260515C00750000,2026-05-06T16:00:00Z,0.530000,0.590000,0.440000,0.450000
5e70740b-cd90-4566-bda2-8a8db7aef55c,SPY   260515C00750000,2026-05-06T17:00:00Z,0.450000,0.500000,0.430000,0.490000
5e70740b-cd90-4566-bda2-8a8db7aef55c,SPY   260515C00750000,2026-05-06T18:00:00Z,0.500000,0.510000,0.490000,0.490000
5e70740b-cd90-4566-bda2-8a8db7aef55c,SPY   260515C00750000,2026-05-06T19:00:00Z,0.610000,0.860000,0.600000,0.840000
5e70740b-cd90-4566-bda2-8a8db7aef55c,SPY   260515C00750000,2026-05-07T14:00:00Z,0.750000,0.980000,0.740000,0.980000
5e70740b-cd90-4566-bda2-8a8db7aef55c,SPY   260515C00750000,2026-05-07T15:00:00Z,0.980000,0.980000,0.870000,0.880000
5e70740b-cd90-4566-bda2-8a8db7aef55c,SPY   260515C00750000,2026-05-07T16:00:00Z,0.700000,0.700000,0.490000,0.500000
5e70740b-cd90-4566-bda2-8a8db7aef55c,SPY   260515C00750000,2026-05-07T17:00:00Z,0.500000,0.510000,0.300000,0.370000
5e70740b-cd90-4566-bda2-8a8db7aef55c,SPY   260515C00750000,2026-05-07T18:00:00Z,0.370000,0.400000,0.260000,0.320000
5e70740b-cd90-4566-bda2-8a8db7aef55c,SPY   260515C00750000,2026-05-07T19:00:00Z,0.320000,0.370000,0.270000,0.330000
5e70740b-cd90-4566-bda2-8a8db7aef55c,SPY   260515C00750000,2026-05-08T14:00:00Z,0.810000,1.080000,0.780000,0.980000
5e70740b-cd90-4566-bda2-8a8db7aef55c,SPY   260515C00750000,2026-05-08T15:00:00Z,0.990000,1.000000,0.890000,0.940000
5e70740b-cd90-4566-bda2-8a8db7aef55c,SPY   260515C00750000,2026-05-08T16:00:00Z,0.930000,1.020000,0.850000,0.850000
5e70740b-cd90-4566-bda2-8a8db7aef55c,SPY   260515C00750000,2026-05-08T17:00:00Z,0.850000,1.030000,0.840000,0.910000
5e70740b-cd90-4566-bda2-8a8db7aef55c,SPY   260515C00750000,2026-05-08T18:00:00Z,0.970000,0.980000,0.940000,0.940000
5e70740b-cd90-4566-bda2-8a8db7aef55c,SPY   260515C00750000,2026-05-08T19:00:00Z,0.720000,0.870000,0.710000,0.810000
5e70740b-cd90-4566-bda2-8a8db7aef55c,SPY   260515C00750000,2026-05-11T14:00:00Z,0.830000,0.910000,0.610000,0.850000
5e70740b-cd90-4566-bda2-8a8db7aef55c,SPY   260515C00750000,2026-05-11T15:00:00Z,0.850000,0.930000,0.730000,0.910000
5e70740b-cd90-4566-bda2-8a8db7aef55c,SPY   260515C00750000,2026-05-11T16:00:00Z,0.910000,0.960000,0.700000,0.750000
5e70740b-cd90-4566-bda2-8a8db7aef55c,SPY   260515C00750000,2026-05-11T17:00:00Z,0.750000,0.950000,0.670000,0.830000
5e70740b-cd90-4566-bda2-8a8db7aef55c,SPY   260515C00750000,2026-05-11T18:00:00Z,0.830000,0.920000,0.570000,0.570000
5e70740b-cd90-4566-bda2-8a8db7aef55c,SPY   260515C00750000,2026-05-11T19:00:00Z,0.620000,0.670000,0.570000,0.610000
5e70740b-cd90-4566-bda2-8a8db7aef55c,SPY   260515C00750000,2026-05-12T14:00:00Z,0.240000,0.270000,0.160000,0.160000
5e70740b-cd90-4566-bda2-8a8db7aef55c,SPY   260515C00750000,2026-05-12T15:00:00Z,0.150000,0.150000,0.110000,0.120000
5e70740b-cd90-4566-bda2-8a8db7aef55c,SPY   260515C00750000,2026-05-12T16:00:00Z,0.110000,0.110000,0.100000,0.110000
5e70740b-cd90-4566-bda2-8a8db7aef55c,SPY   260515C00750000,2026-05-12T17:00:00Z,0.100000,0.180000,0.100000,0.170000
5e70740b-cd90-4566-bda2-8a8db7aef55c,SPY   260515C00750000,2026-05-12T18:00:00Z,0.170000,0.250000,0.160000,0.200000
5e70740b-cd90-4566-bda2-8a8db7aef55c,SPY   260515C00750000,2026-05-12T19:00:00Z,0.200000,0.340000,0.190000,0.320000
5e70740b-cd90-4566-bda2-8a8db7aef55c,SPY   260515C00750000,2026-05-13T14:00:00Z,0.250000,0.330000,0.250000,0.310000
5e70740b-cd90-4566-bda2-8a8db7aef55c,SPY   260515C00750000,2026-05-13T15:00:00Z,0.320000,0.400000,0.280000,0.320000
5e70740b-cd90-4566-bda2-8a8db7aef55c,SPY   260515C00750000,2026-05-13T16:00:00Z,0.320000,0.680000,0.310000,0.630000
5e70740b-cd90-4566-bda2-8a8db7aef55c,SPY   260515C00750000,2026-05-13T17:00:00Z,0.640000,0.780000,0.600000,0.610000
5e70740b-cd90-4566-bda2-8a8db7aef55c,SPY   260515C00750000,2026-05-13T18:00:00Z,0.610000,0.930000,0.600000,0.670000
5e70740b-cd90-4566-bda2-8a8db7aef55c,SPY   260515C00750000,2026-05-13T19:00:00Z,0.670000,0.880000,0.550000,0.570000
5e70740b-cd90-4566-bda2-8a8db7aef55c,SPY   260515C00750000,2026-05-14T14:00:00Z,0.780000,1.500000,0.780000,1.300000
5e70740b-cd90-4566-bda2-8a8db7aef55c,SPY   260515C00750000,2026-05-14T15:00:00Z,1.310000,2.110000,1.280000,2.090000
5e70740b-cd90-4566-bda2-8a8db7aef55c,SPY   260515C00750000,2026-05-14T16:00:00Z,2.100000,2.210000,1.310000,1.510000
5e70740b-cd90-4566-bda2-8a8db7aef55c,SPY   260515C00750000,2026-05-14T17:00:00Z,1.490000,1.650000,1.010000,1.350000
5e70740b-cd90-4566-bda2-8a8db7aef55c,SPY   260515C00750000,2026-05-14T18:00:00Z,1.340000,1.530000,1.030000,1.440000
5e70740b-cd90-4566-bda2-8a8db7aef55c,SPY   260515C00750000,2026-05-14T19:00:00Z,1.450000,1.600000,1.170000,1.170000
5e70740b-cd90-4566-bda2-8a8db7aef55c,SPY   260515C00750000,2026-05-15T14:00:00Z,0.060000,0.140000,0.060000,0.060000
5e70740b-cd90-4566-bda2-8a8db7aef55c,SPY   260515C00750000,2026-05-15T15:00:00Z,0.050000,0.050000,0.050000,0.050000
5e70740b-cd90-4566-bda2-8a8db7aef55c,SPY   260515C00750000,2026-05-15T16:00:00Z,0.030000,0.040000,0.030000,0.030000
5e70740b-cd90-4566-bda2-8a8db7aef55c,SPY   260515C00750000,2026-05-15T17:00:00Z,0.030000,0.040000,0.030000,0.040000
5e70740b-cd90-4566-bda2-8a8db7aef55c,SPY   260515C00750000,2026-05-15T18:00:00Z,0.040000,0.040000,0.020000,0.020000
5e70740b-cd90-4566-bda2-8a8db7aef55c,SPY   260515C00750000,2026-05-15T19:00:00Z,0.020000,0.020000,0.010000,0.010000
6026cafd-d214-4573-9677-c06daa889ae3,SPY   251010P00660000,2025-10-06T14:00:00Z,1.040000,1.170000,0.890000,0.920000
6026cafd-d214-4573-9677-c06daa889ae3,SPY   251010P00660000,2025-10-06T15:00:00Z,0.890000,0.900000,0.770000,0.780000
6026cafd-d214-4573-9677-c06daa889ae3,SPY   251010P00660000,2025-10-06T16:00:00Z,0.760000,0.800000,0.750000,0.760000
6026cafd-d214-4573-9677-c06daa889ae3,SPY   251010P00660000,2025-10-06T17:00:00Z,0.700000,0.700000,0.680000,0.690000
6026cafd-d214-4573-9677-c06daa889ae3,SPY   251010P00660000,2025-10-06T18:00:00Z,0.680000,0.700000,0.660000,0.680000
6026cafd-d214-4573-9677-c06daa889ae3,SPY   251010P00660000,2025-10-06T19:00:00Z,0.680000,0.710000,0.680000,0.700000
6026cafd-d214-4573-9677-c06daa889ae3,SPY   251010P00660000,2025-10-07T14:00:00Z,0.480000,0.580000,0.460000,0.570000
6026cafd-d214-4573-9677-c06daa889ae3,SPY   251010P00660000,2025-10-07T15:00:00Z,0.840000,1.350000,0.790000,1.250000
6026cafd-d214-4573-9677-c06daa889ae3,SPY   251010P00660000,2025-10-07T16:00:00Z,1.250000,1.380000,0.950000,1.160000
6026cafd-d214-4573-9677-c06daa889ae3,SPY   251010P00660000,2025-10-07T17:00:00Z,1.030000,1.120000,0.950000,0.950000
6026cafd-d214-4573-9677-c06daa889ae3,SPY   251010P00660000,2025-10-07T18:00:00Z,1.110000,1.240000,0.940000,0.940000
6026cafd-d214-4573-9677-c06daa889ae3,SPY   251010P00660000,2025-10-07T19:00:00Z,0.940000,1.030000,0.810000,0.880000
6026cafd-d214-4573-9677-c06daa889ae3,SPY   251010P00660000,2025-10-08T14:00:00Z,0.430000,0.430000,0.400000,0.400000
6026cafd-d214-4573-9677-c06daa889ae3,SPY   251010P00660000,2025-10-08T15:00:00Z,0.370000,0.370000,0.310000,0.320000
6026cafd-d214-4573-9677-c06daa889ae3,SPY   251010P00660000,2025-10-08T16:00:00Z,0.320000,0.390000,0.320000,0.340000
6026cafd-d214-4573-9677-c06daa889ae3,SPY   251010P00660000,2025-10-08T17:00:00Z,0.340000,0.370000,0.320000,0.370000
6026cafd-d214-4573-9677-c06daa889ae3,SPY   251010P00660000,2025-10-08T18:00:00Z,0.360000,0.360000,0.330000,0.330000
6026cafd-d214-4573-9677-c06daa889ae3,SPY   251010P00660000,2025-10-08T19:00:00Z,0.330000,0.340000,0.290000,0.300000
6026cafd-d214-4573-9677-c06daa889ae3,SPY   251010P00660000,2025-10-09T14:00:00Z,0.300000,0.390000,0.260000,0.260000
6026cafd-d214-4573-9677-c06daa889ae3,SPY   251010P00660000,2025-10-09T15:00:00Z,0.260000,0.350000,0.240000,0.250000
6026cafd-d214-4573-9677-c06daa889ae3,SPY   251010P00660000,2025-10-09T16:00:00Z,0.250000,0.250000,0.250000,0.250000
6026cafd-d214-4573-9677-c06daa889ae3,SPY   251010P00660000,2025-10-09T17:00:00Z,0.350000,0.420000,0.290000,0.310000
6026cafd-d214-4573-9677-c06daa889ae3,SPY   251010P00660000,2025-10-09T18:00:00Z,0.310000,0.380000,0.240000,0.250000
6026cafd-d214-4573-9677-c06daa889ae3,SPY   251010P00660000,2025-10-09T19:00:00Z,0.200000,0.200000,0.190000,0.190000
6026cafd-d214-4573-9677-c06daa889ae3,SPY   251010P00660000,2025-10-10T14:00:00Z,0.040000,0.040000,0.040000,0.040000
6026cafd-d214-4573-9677-c06daa889ae3,SPY   251010P00660000,2025-10-10T15:00:00Z,0.580000,0.630000,0.490000,0.600000
6026cafd-d214-4573-9677-c06daa889ae3,SPY   251010P00660000,2025-10-10T16:00:00Z,1.520000,2.260000,1.170000,1.430000
6026cafd-d214-4573-9677-c06daa889ae3,SPY   251010P00660000,2025-10-10T17:00:00Z,2.220000,3.120000,1.020000,1.480000
6026cafd-d214-4573-9677-c06daa889ae3,SPY   251010P00660000,2025-10-10T18:00:00Z,1.450000,3.530000,1.050000,3.140000
6026cafd-d214-4573-9677-c06daa889ae3,SPY   251010P00660000,2025-10-10T19:00:00Z,4.710000,5.010000,4.680000,4.990000
6370b510-d8aa-4508-8d0b-794d8b671900,SPY   260424C00723000,2026-04-20T14:00:00Z,0.460000,0.470000,0.460000,0.470000
6370b510-d8aa-4508-8d0b-794d8b671900,SPY   260424C00723000,2026-04-20T15:00:00Z,0.450000,0.460000,0.430000,0.450000
6370b510-d8aa-4508-8d0b-794d8b671900,SPY   260424C00723000,2026-04-20T16:00:00Z,0.430000,0.430000,0.370000,0.390000
6370b510-d8aa-4508-8d0b-794d8b671900,SPY   260424C00723000,2026-04-20T17:00:00Z,0.340000,0.380000,0.320000,0.350000
6370b510-d8aa-4508-8d0b-794d8b671900,SPY   260424C00723000,2026-04-20T18:00:00Z,0.410000,0.410000,0.390000,0.400000
6370b510-d8aa-4508-8d0b-794d8b671900,SPY   260424C00723000,2026-04-20T19:00:00Z,0.360000,0.390000,0.360000,0.390000
6370b510-d8aa-4508-8d0b-794d8b671900,SPY   260424C00723000,2026-04-21T14:00:00Z,0.590000,0.610000,0.290000,0.290000
6370b510-d8aa-4508-8d0b-794d8b671900,SPY   260424C00723000,2026-04-21T15:00:00Z,0.300000,0.300000,0.270000,0.280000
6370b510-d8aa-4508-8d0b-794d8b671900,SPY   260424C00723000,2026-04-21T16:00:00Z,0.270000,0.290000,0.240000,0.250000
6370b510-d8aa-4508-8d0b-794d8b671900,SPY   260424C00723000,2026-04-21T17:00:00Z,0.230000,0.290000,0.180000,0.240000
6370b510-d8aa-4508-8d0b-794d8b671900,SPY   260424C00723000,2026-04-21T18:00:00Z,0.240000,0.260000,0.210000,0.210000
6370b510-d8aa-4508-8d0b-794d8b671900,SPY   260424C00723000,2026-04-21T19:00:00Z,0.200000,0.230000,0.200000,0.220000
6370b510-d8aa-4508-8d0b-794d8b671900,SPY   260424C00723000,2026-04-22T14:00:00Z,0.100000,0.150000,0.090000,0.100000
6370b510-d8aa-4508-8d0b-794d8b671900,SPY   260424C00723000,2026-04-22T15:00:00Z,0.100000,0.110000,0.090000,0.090000
6370b510-d8aa-4508-8d0b-794d8b671900,SPY   260424C00723000,2026-04-22T16:00:00Z,0.090000,0.100000,0.080000,0.080000
6370b510-d8aa-4508-8d0b-794d8b671900,SPY   260424C00723000,2026-04-22T17:00:00Z,0.080000,0.090000,0.080000,0.090000
6370b510-d8aa-4508-8d0b-794d8b671900,SPY   260424C00723000,2026-04-22T18:00:00Z,0.080000,0.080000,0.050000,0.050000
6370b510-d8aa-4508-8d0b-794d8b671900,SPY   260424C00723000,2026-04-22T19:00:00Z,0.050000,0.080000,0.050000,0.080000
6370b510-d8aa-4508-8d0b-794d8b671900,SPY   260424C00723000,2026-04-23T14:00:00Z,0.050000,0.050000,0.040000,0.040000
6370b510-d8aa-4508-8d0b-794d8b671900,SPY   260424C00723000,2026-04-23T15:00:00Z,0.050000,0.050000,0.050000,0.050000
6370b510-d8aa-4508-8d0b-794d8b671900,SPY   260424C00723000,2026-04-23T16:00:00Z,0.040000,0.040000,0.040000,0.040000
6370b510-d8aa-4508-8d0b-794d8b671900,SPY   260424C00723000,2026-04-23T17:00:00Z,0.040000,0.040000,0.040000,0.040000
6370b510-d8aa-4508-8d0b-794d8b671900,SPY   260424C00723000,2026-04-23T18:00:00Z,0.030000,0.030000,0.030000,0.030000
6370b510-d8aa-4508-8d0b-794d8b671900,SPY   260424C00723000,2026-04-23T19:00:00Z,0.020000,0.030000,0.020000,0.030000
6370b510-d8aa-4508-8d0b-794d8b671900,SPY   260424C00723000,2026-04-24T14:00:00Z,0.020000,0.020000,0.020000,0.020000
6370b510-d8aa-4508-8d0b-794d8b671900,SPY   260424C00723000,2026-04-24T15:00:00Z,0.020000,0.020000,0.020000,0.020000
6370b510-d8aa-4508-8d0b-794d8b671900,SPY   260424C00723000,2026-04-24T16:00:00Z,0.020000,0.020000,0.020000,0.020000
6370b510-d8aa-4508-8d0b-794d8b671900,SPY   260424C00723000,2026-04-24T17:00:00Z,0.020000,0.020000,0.020000,0.020000
6370b510-d8aa-4508-8d0b-794d8b671900,SPY   260424C00723000,2026-04-24T18:00:00Z,0.020000,0.020000,0.020000,0.020000
6370b510-d8aa-4508-8d0b-794d8b671900,SPY   260424C00723000,2026-04-24T19:00:00Z,0.010000,0.010000,0.010000,0.010000
63d83449-6e90-4ba1-a4fe-e90e80269000,SPY   260327P00645000,2026-03-23T14:00:00Z,2.730000,3.040000,2.180000,2.340000
63d83449-6e90-4ba1-a4fe-e90e80269000,SPY   260327P00645000,2026-03-23T15:00:00Z,2.080000,2.120000,2.080000,2.110000
63d83449-6e90-4ba1-a4fe-e90e80269000,SPY   260327P00645000,2026-03-23T16:00:00Z,3.600000,3.900000,3.420000,3.560000
63d83449-6e90-4ba1-a4fe-e90e80269000,SPY   260327P00645000,2026-03-23T17:00:00Z,3.810000,4.420000,3.050000,3.280000
63d83449-6e90-4ba1-a4fe-e90e80269000,SPY   260327P00645000,2026-03-23T18:00:00Z,3.230000,3.320000,2.920000,2.930000
63d83449-6e90-4ba1-a4fe-e90e80269000,SPY   260327P00645000,2026-03-23T19:00:00Z,2.930000,3.780000,2.930000,3.640000
63d83449-6e90-4ba1-a4fe-e90e80269000,SPY   260327P00645000,2026-03-24T14:00:00Z,3.220000,3.280000,3.190000,3.260000
63d83449-6e90-4ba1-a4fe-e90e80269000,SPY   260327P00645000,2026-03-24T15:00:00Z,2.620000,2.860000,2.570000,2.630000
63d83449-6e90-4ba1-a4fe-e90e80269000,SPY   260327P00645000,2026-03-24T16:00:00Z,2.690000,3.230000,2.680000,2.770000
63d83449-6e90-4ba1-a4fe-e90e80269000,SPY   260327P00645000,2026-03-24T17:00:00Z,3.680000,3.690000,3.380000,3.410000
63d83449-6e90-4ba1-a4fe-e90e80269000,SPY   260327P00645000,2026-03-24T18:00:00Z,3.110000,3.140000,2.720000,2.890000
63d83449-6e90-4ba1-a4fe-e90e80269000,SPY   260327P00645000,2026-03-24T19:00:00Z,2.870000,3.290000,2.610000,3.290000
63d83449-6e90-4ba1-a4fe-e90e80269000,SPY   260327P00645000,2026-03-25T14:00:00Z,1.200000,1.230000,1.200000,1.220000
63d83449-6e90-4ba1-a4fe-e90e80269000,SPY   260327P00645000,2026-03-25T15:00:00Z,1.260000,2.140000,1.220000,1.450000
63d83449-6e90-4ba1-a4fe-e90e80269000,SPY   260327P00645000,2026-03-25T16:00:00Z,1.400000,1.410000,1.300000,1.340000
63d83449-6e90-4ba1-a4fe-e90e80269000,SPY   260327P00645000,2026-03-25T17:00:00Z,1.310000,1.380000,1.260000,1.350000
63d83449-6e90-4ba1-a4fe-e90e80269000,SPY   260327P00645000,2026-03-25T18:00:00Z,1.140000,1.290000,1.050000,1.280000
63d83449-6e90-4ba1-a4fe-e90e80269000,SPY   260327P00645000,2026-03-25T19:00:00Z,1.420000,1.480000,1.190000,1.210000
63d83449-6e90-4ba1-a4fe-e90e80269000,SPY   260327P00645000,2026-03-26T14:00:00Z,1.230000,1.690000,1.010000,1.320000
63d83449-6e90-4ba1-a4fe-e90e80269000,SPY   260327P00645000,2026-03-26T15:00:00Z,1.210000,1.330000,1.170000,1.300000
63d83449-6e90-4ba1-a4fe-e90e80269000,SPY   260327P00645000,2026-03-26T16:00:00Z,1.240000,1.370000,1.210000,1.360000
63d83449-6e90-4ba1-a4fe-e90e80269000,SPY   260327P00645000,2026-03-26T17:00:00Z,1.790000,2.160000,1.790000,2.080000
63d83449-6e90-4ba1-a4fe-e90e80269000,SPY   260327P00645000,2026-03-26T18:00:00Z,2.970000,2.970000,2.370000,2.380000
63d83449-6e90-4ba1-a4fe-e90e80269000,SPY   260327P00645000,2026-03-26T19:00:00Z,2.380000,3.480000,2.360000,3.350000
63d83449-6e90-4ba1-a4fe-e90e80269000,SPY   260327P00645000,2026-03-27T14:00:00Z,6.460000,6.910000,4.950000,5.290000
63d83449-6e90-4ba1-a4fe-e90e80269000,SPY   260327P00645000,2026-03-27T15:00:00Z,5.240000,5.870000,3.920000,4.080000
63d83449-6e90-4ba1-a4fe-e90e80269000,SPY   260327P00645000,2026-03-27T16:00:00Z,4.990000,7.020000,4.920000,6.410000
63d83449-6e90-4ba1-a4fe-e90e80269000,SPY   260327P00645000,2026-03-27T17:00:00Z,6.840000,8.490000,6.820000,8.490000
63d83449-6e90-4ba1-a4fe-e90e80269000,SPY   260327P00645000,2026-03-27T18:00:00Z,8.920000,9.910000,8.510000,9.680000
63d83449-6e90-4ba1-a4fe-e90e80269000,SPY   260327P00645000,2026-03-27T19:00:00Z,11.730000,11.750000,11.730000,11.750000
65fd8609-3a8a-430a-98f7-e9c555b7c49c,SPY   251205P00664000,2025-12-01T15:00:00Z,0.690000,1.000000,0.580000,0.610000
65fd8609-3a8a-430a-98f7-e9c555b7c49c,SPY   251205P00664000,2025-12-01T16:00:00Z,0.720000,0.740000,0.490000,0.530000
65fd8609-3a8a-430a-98f7-e9c555b7c49c,SPY   251205P00664000,2025-12-01T17:00:00Z,0.520000,0.580000,0.450000,0.500000
65fd8609-3a8a-430a-98f7-e9c555b7c49c,SPY   251205P00664000,2025-12-01T18:00:00Z,0.500000,0.500000,0.410000,0.410000
65fd8609-3a8a-430a-98f7-e9c555b7c49c,SPY   251205P00664000,2025-12-01T19:00:00Z,0.410000,0.710000,0.410000,0.650000
65fd8609-3a8a-430a-98f7-e9c555b7c49c,SPY   251205P00664000,2025-12-01T20:00:00Z,0.660000,0.670000,0.520000,0.610000
65fd8609-3a8a-430a-98f7-e9c555b7c49c,SPY   251205P00664000,2025-12-02T15:00:00Z,0.340000,0.420000,0.260000,0.270000
65fd8609-3a8a-430a-98f7-e9c555b7c49c,SPY   251205P00664000,2025-12-02T16:00:00Z,0.360000,0.630000,0.340000,0.430000
65fd8609-3a8a-430a-98f7-e9c555b7c49c,SPY   251205P00664000,2025-12-02T17:00:00Z,0.480000,0.480000,0.280000,0.480000
65fd8609-3a8a-430a-98f7-e9c555b7c49c,SPY   251205P00664000,2025-12-02T18:00:00Z,0.490000,0.500000,0.340000,0.380000
65fd8609-3a8a-430a-98f7-e9c555b7c49c,SPY   251205P00664000,2025-12-02T19:00:00Z,0.380000,0.390000,0.260000,0.260000
65fd8609-3a8a-430a-98f7-e9c555b7c49c,SPY   251205P00664000,2025-12-02T20:00:00Z,0.260000,0.270000,0.210000,0.230000
65fd8609-3a8a-430a-98f7-e9c555b7c49c,SPY   251205P00664000,2025-12-03T15:00:00Z,0.010000,0.300000,0.010000,0.180000
65fd8609-3a8a-430a-98f7-e9c555b7c49c,SPY   251205P00664000,2025-12-03T16:00:00Z,0.170000,0.200000,0.140000,0.140000
65fd8609-3a8a-430a-98f7-e9c555b7c49c,SPY   251205P00664000,2025-12-03T17:00:00Z,0.160000,0.170000,0.120000,0.130000
65fd8609-3a8a-430a-98f7-e9c555b7c49c,SPY   251205P00664000,2025-12-03T18:00:00Z,0.130000,0.130000,0.110000,0.110000
65fd8609-3a8a-430a-98f7-e9c555b7c49c,SPY   251205P00664000,2025-12-03T19:00:00Z,0.100000,0.100000,0.080000,0.080000
65fd8609-3a8a-430a-98f7-e9c555b7c49c,SPY   251205P00664000,2025-12-03T20:00:00Z,0.080000,0.080000,0.070000,0.080000
65fd8609-3a8a-430a-98f7-e9c555b7c49c,SPY   251205P00664000,2025-12-04T15:00:00Z,0.060000,0.080000,0.050000,0.060000
65fd8609-3a8a-430a-98f7-e9c555b7c49c,SPY   251205P00664000,2025-12-04T16:00:00Z,0.050000,0.050000,0.050000,0.050000
65fd8609-3a8a-430a-98f7-e9c555b7c49c,SPY   251205P00664000,2025-12-04T17:00:00Z,0.040000,0.050000,0.040000,0.040000
65fd8609-3a8a-430a-98f7-e9c555b7c49c,SPY   251205P00664000,2025-12-04T18:00:00Z,0.030000,0.040000,0.030000,0.030000
65fd8609-3a8a-430a-98f7-e9c555b7c49c,SPY   251205P00664000,2025-12-04T19:00:00Z,0.030000,0.050000,0.030000,0.030000
65fd8609-3a8a-430a-98f7-e9c555b7c49c,SPY   251205P00664000,2025-12-04T20:00:00Z,0.040000,0.040000,0.030000,0.030000
65fd8609-3a8a-430a-98f7-e9c555b7c49c,SPY   251205P00664000,2025-12-05T15:00:00Z,0.020000,0.020000,0.020000,0.020000
65fd8609-3a8a-430a-98f7-e9c555b7c49c,SPY   251205P00664000,2025-12-05T16:00:00Z,0.020000,0.020000,0.020000,0.020000
65fd8609-3a8a-430a-98f7-e9c555b7c49c,SPY   251205P00664000,2025-12-05T17:00:00Z,0.020000,0.020000,0.010000,0.010000
65fd8609-3a8a-430a-98f7-e9c555b7c49c,SPY   251205P00664000,2025-12-05T18:00:00Z,0.010000,0.010000,0.010000,0.010000
65fd8609-3a8a-430a-98f7-e9c555b7c49c,SPY   251205P00664000,2025-12-05T19:00:00Z,0.010000,0.010000,0.010000,0.010000
65fd8609-3a8a-430a-98f7-e9c555b7c49c,SPY   251205P00664000,2025-12-05T20:00:00Z,0.010000,0.010000,0.010000,0.010000
666a4a58-0083-4de3-987d-1d40cd08b45e,SPY   251128C00678000,2025-11-18T15:00:00Z,2.120000,2.310000,1.950000,2.310000
666a4a58-0083-4de3-987d-1d40cd08b45e,SPY   251128C00678000,2025-11-18T16:00:00Z,1.780000,2.120000,1.680000,1.980000
666a4a58-0083-4de3-987d-1d40cd08b45e,SPY   251128C00678000,2025-11-18T17:00:00Z,2.200000,2.940000,1.840000,2.790000
666a4a58-0083-4de3-987d-1d40cd08b45e,SPY   251128C00678000,2025-11-18T18:00:00Z,2.810000,2.910000,2.810000,2.840000
666a4a58-0083-4de3-987d-1d40cd08b45e,SPY   251128C00678000,2025-11-18T19:00:00Z,2.640000,2.770000,2.580000,2.680000
666a4a58-0083-4de3-987d-1d40cd08b45e,SPY   251128C00678000,2025-11-18T20:00:00Z,2.500000,2.640000,2.500000,2.530000
666a4a58-0083-4de3-987d-1d40cd08b45e,SPY   251128C00678000,2025-11-19T15:00:00Z,2.820000,3.090000,2.370000,2.400000
666a4a58-0083-4de3-987d-1d40cd08b45e,SPY   251128C00678000,2025-11-19T16:00:00Z,1.970000,1.980000,1.800000,1.940000
666a4a58-0083-4de3-987d-1d40cd08b45e,SPY   251128C00678000,2025-11-19T17:00:00Z,2.050000,2.130000,1.530000,1.870000
666a4a58-0083-4de3-987d-1d40cd08b45e,SPY   251128C00678000,2025-11-19T18:00:00Z,2.020000,2.020000,1.870000,1.920000
666a4a58-0083-4de3-987d-1d40cd08b45e,SPY   251128C00678000,2025-11-19T19:00:00Z,2.010000,2.010000,1.560000,1.600000
666a4a58-0083-4de3-987d-1d40cd08b45e,SPY   251128C00678000,2025-11-19T20:00:00Z,1.730000,2.010000,1.730000,2.000000
666a4a58-0083-4de3-987d-1d40cd08b45e,SPY   251128C00678000,2025-11-20T15:00:00Z,4.720000,4.890000,3.730000,3.740000
666a4a58-0083-4de3-987d-1d40cd08b45e,SPY   251128C00678000,2025-11-20T16:00:00Z,2.770000,2.830000,2.030000,2.080000
666a4a58-0083-4de3-987d-1d40cd08b45e,SPY   251128C00678000,2025-11-20T17:00:00Z,1.770000,1.940000,1.110000,1.160000
666a4a58-0083-4de3-987d-1d40cd08b45e,SPY   251128C00678000,2025-11-20T18:00:00Z,1.180000,1.680000,1.030000,1.050000
666a4a58-0083-4de3-987d-1d40cd08b45e,SPY   251128C00678000,2025-11-20T19:00:00Z,0.850000,0.870000,0.820000,0.820000
666a4a58-0083-4de3-987d-1d40cd08b45e,SPY   251128C00678000,2025-11-20T20:00:00Z,0.440000,0.450000,0.430000,0.440000
666a4a58-0083-4de3-987d-1d40cd08b45e,SPY   251128C00678000,2025-11-21T15:00:00Z,0.570000,0.650000,0.520000,0.530000
666a4a58-0083-4de3-987d-1d40cd08b45e,SPY   251128C00678000,2025-11-21T16:00:00Z,0.390000,0.550000,0.370000,0.550000
666a4a58-0083-4de3-987d-1d40cd08b45e,SPY   251128C00678000,2025-11-21T17:00:00Z,0.970000,0.980000,0.700000,0.730000
666a4a58-0083-4de3-987d-1d40cd08b45e,SPY   251128C00678000,2025-11-21T18:00:00Z,0.730000,0.750000,0.690000,0.700000
666a4a58-0083-4de3-987d-1d40cd08b45e,SPY   251128C00678000,2025-11-21T19:00:00Z,0.880000,1.120000,0.880000,0.930000
666a4a58-0083-4de3-987d-1d40cd08b45e,SPY   251128C00678000,2025-11-21T20:00:00Z,0.720000,0.770000,0.360000,0.360000
666a4a58-0083-4de3-987d-1d40cd08b45e,SPY   251128C00678000,2025-11-24T15:00:00Z,0.580000,0.740000,0.530000,0.630000
666a4a58-0083-4de3-987d-1d40cd08b45e,SPY   251128C00678000,2025-11-24T16:00:00Z,0.640000,0.850000,0.640000,0.680000
666a4a58-0083-4de3-987d-1d40cd08b45e,SPY   251128C00678000,2025-11-24T17:00:00Z,0.700000,0.870000,0.610000,0.870000
666a4a58-0083-4de3-987d-1d40cd08b45e,SPY   251128C00678000,2025-11-24T18:00:00Z,0.890000,0.900000,0.850000,0.860000
666a4a58-0083-4de3-987d-1d40cd08b45e,SPY   251128C00678000,2025-11-24T19:00:00Z,0.880000,0.930000,0.620000,0.680000
666a4a58-0083-4de3-987d-1d40cd08b45e,SPY   251128C00678000,2025-11-24T20:00:00Z,0.770000,0.840000,0.690000,0.700000
666a4a58-0083-4de3-987d-1d40cd08b45e,SPY   251128C00678000,2025-11-25T15:00:00Z,0.540000,0.810000,0.440000,0.640000
666a4a58-0083-4de3-987d-1d40cd08b45e,SPY   251128C00678000,2025-11-25T16:00:00Z,0.620000,0.760000,0.480000,0.720000
666a4a58-0083-4de3-987d-1d40cd08b45e,SPY   251128C00678000,2025-11-25T17:00:00Z,0.730000,1.250000,0.730000,0.980000
666a4a58-0083-4de3-987d-1d40cd08b45e,SPY   251128C00678000,2025-11-25T18:00:00Z,1.040000,1.090000,0.960000,1.090000
666a4a58-0083-4de3-987d-1d40cd08b45e,SPY   251128C00678000,2025-11-25T19:00:00Z,1.020000,1.060000,0.710000,1.010000
666a4a58-0083-4de3-987d-1d40cd08b45e,SPY   251128C00678000,2025-11-25T20:00:00Z,1.570000,1.600000,1.570000,1.600000
666a4a58-0083-4de3-987d-1d40cd08b45e,SPY   251128C00678000,2025-11-26T15:00:00Z,1.980000,2.860000,1.800000,2.580000
666a4a58-0083-4de3-987d-1d40cd08b45e,SPY   251128C00678000,2025-11-26T16:00:00Z,4.360000,4.640000,4.060000,4.120000
666a4a58-0083-4de3-987d-1d40cd08b45e,SPY   251128C00678000,2025-11-26T17:00:00Z,4.400000,4.470000,4.350000,4.460000
666a4a58-0083-4de3-987d-1d40cd08b45e,SPY   251128C00678000,2025-11-26T18:00:00Z,4.090000,4.450000,3.210000,3.600000
666a4a58-0083-4de3-987d-1d40cd08b45e,SPY   251128C00678000,2025-11-26T19:00:00Z,3.470000,4.180000,3.300000,3.740000
666a4a58-0083-4de3-987d-1d40cd08b45e,SPY   251128C00678000,2025-11-26T20:00:00Z,3.750000,4.360000,3.370000,3.430000
666a4a58-0083-4de3-987d-1d40cd08b45e,SPY   251128C00678000,2025-11-28T15:00:00Z,3.710000,4.670000,3.440000,4.540000
666a4a58-0083-4de3-987d-1d40cd08b45e,SPY   251128C00678000,2025-11-28T16:00:00Z,4.560000,4.970000,3.790000,4.780000
666a4a58-0083-4de3-987d-1d40cd08b45e,SPY   251128C00678000,2025-11-28T17:00:00Z,4.740000,5.000000,3.900000,4.520000
67c1fb7c-56bf-420f-afff-0708472957e0,SPY   260515C00744000,2026-05-05T14:00:00Z,0.370000,0.450000,0.270000,0.390000
67c1fb7c-56bf-420f-afff-0708472957e0,SPY   260515C00744000,2026-05-05T15:00:00Z,0.390000,0.430000,0.380000,0.390000
67c1fb7c-56bf-420f-afff-0708472957e0,SPY   260515C00744000,2026-05-05T16:00:00Z,0.390000,0.440000,0.390000,0.390000
67c1fb7c-56bf-420f-afff-0708472957e0,SPY   260515C00744000,2026-05-05T17:00:00Z,0.390000,0.420000,0.370000,0.410000
67c1fb7c-56bf-420f-afff-0708472957e0,SPY   260515C00744000,2026-05-05T18:00:00Z,0.410000,0.460000,0.390000,0.390000
67c1fb7c-56bf-420f-afff-0708472957e0,SPY   260515C00744000,2026-05-05T19:00:00Z,0.390000,0.470000,0.350000,0.360000
67c1fb7c-56bf-420f-afff-0708472957e0,SPY   260515C00744000,2026-05-06T14:00:00Z,0.980000,1.510000,0.870000,1.510000
67c1fb7c-56bf-420f-afff-0708472957e0,SPY   260515C00744000,2026-05-06T15:00:00Z,1.510000,1.630000,1.330000,1.420000
67c1fb7c-56bf-420f-afff-0708472957e0,SPY   260515C00744000,2026-05-06T16:00:00Z,1.420000,1.530000,1.210000,1.260000
67c1fb7c-56bf-420f-afff-0708472957e0,SPY   260515C00744000,2026-05-06T17:00:00Z,1.260000,1.400000,1.210000,1.380000
67c1fb7c-56bf-420f-afff-0708472957e0,SPY   260515C00744000,2026-05-06T18:00:00Z,1.420000,1.450000,1.400000,1.420000
67c1fb7c-56bf-420f-afff-0708472957e0,SPY   260515C00744000,2026-05-06T19:00:00Z,1.690000,2.180000,1.680000,2.140000
67c1fb7c-56bf-420f-afff-0708472957e0,SPY   260515C00744000,2026-05-07T14:00:00Z,1.840000,2.400000,1.820000,2.390000
67c1fb7c-56bf-420f-afff-0708472957e0,SPY   260515C00744000,2026-05-07T15:00:00Z,2.400000,2.410000,2.160000,2.200000
67c1fb7c-56bf-420f-afff-0708472957e0,SPY   260515C00744000,2026-05-07T16:00:00Z,1.810000,1.810000,1.330000,1.390000
67c1fb7c-56bf-420f-afff-0708472957e0,SPY   260515C00744000,2026-05-07T17:00:00Z,1.400000,1.460000,0.980000,1.180000
67c1fb7c-56bf-420f-afff-0708472957e0,SPY   260515C00744000,2026-05-07T18:00:00Z,1.190000,1.250000,0.880000,1.040000
67c1fb7c-56bf-420f-afff-0708472957e0,SPY   260515C00744000,2026-05-07T19:00:00Z,1.050000,1.150000,0.900000,1.010000
67c1fb7c-56bf-420f-afff-0708472957e0,SPY   260515C00744000,2026-05-08T14:00:00Z,1.950000,2.760000,1.950000,2.550000
67c1fb7c-56bf-420f-afff-0708472957e0,SPY   260515C00744000,2026-05-08T15:00:00Z,2.570000,2.590000,2.360000,2.470000
67c1fb7c-56bf-420f-afff-0708472957e0,SPY   260515C00744000,2026-05-08T16:00:00Z,2.430000,2.660000,2.340000,2.350000
67c1fb7c-56bf-420f-afff-0708472957e0,SPY   260515C00744000,2026-05-08T17:00:00Z,2.340000,2.720000,2.320000,2.490000
67c1fb7c-56bf-420f-afff-0708472957e0,SPY   260515C00744000,2026-05-08T18:00:00Z,2.640000,2.650000,2.580000,2.580000
67c1fb7c-56bf-420f-afff-0708472957e0,SPY   260515C00744000,2026-05-08T19:00:00Z,2.140000,2.400000,2.100000,2.300000
67c1fb7c-56bf-420f-afff-0708472957e0,SPY   260515C00744000,2026-05-11T14:00:00Z,2.380000,2.680000,1.990000,2.580000
67c1fb7c-56bf-420f-afff-0708472957e0,SPY   260515C00744000,2026-05-11T15:00:00Z,2.580000,2.800000,2.320000,2.750000
67c1fb7c-56bf-420f-afff-0708472957e0,SPY   260515C00744000,2026-05-11T16:00:00Z,2.750000,2.860000,2.320000,2.440000
67c1fb7c-56bf-420f-afff-0708472957e0,SPY   260515C00744000,2026-05-11T17:00:00Z,2.450000,2.930000,2.260000,2.690000
67c1fb7c-56bf-420f-afff-0708472957e0,SPY   260515C00744000,2026-05-11T18:00:00Z,2.700000,2.880000,2.100000,2.100000
67c1fb7c-56bf-420f-afff-0708472957e0,SPY   260515C00744000,2026-05-11T19:00:00Z,2.160000,2.300000,2.030000,2.210000
67c1fb7c-56bf-420f-afff-0708472957e0,SPY   260515C00744000,2026-05-12T14:00:00Z,1.050000,1.170000,0.740000,0.770000
67c1fb7c-56bf-420f-afff-0708472957e0,SPY   260515C00744000,2026-05-12T15:00:00Z,0.710000,0.720000,0.500000,0.530000
67c1fb7c-56bf-420f-afff-0708472957e0,SPY   260515C00744000,2026-05-12T16:00:00Z,0.560000,0.570000,0.460000,0.520000
67c1fb7c-56bf-420f-afff-0708472957e0,SPY   260515C00744000,2026-05-12T17:00:00Z,0.450000,0.830000,0.450000,0.810000
67c1fb7c-56bf-420f-afff-0708472957e0,SPY   260515C00744000,2026-05-12T18:00:00Z,0.810000,1.120000,0.760000,0.960000
67c1fb7c-56bf-420f-afff-0708472957e0,SPY   260515C00744000,2026-05-12T19:00:00Z,0.960000,1.580000,0.950000,1.500000
67c1fb7c-56bf-420f-afff-0708472957e0,SPY   260515C00744000,2026-05-13T14:00:00Z,1.010000,1.360000,0.990000,1.330000
67c1fb7c-56bf-420f-afff-0708472957e0,SPY   260515C00744000,2026-05-13T15:00:00Z,1.320000,1.720000,1.290000,1.510000
67c1fb7c-56bf-420f-afff-0708472957e0,SPY   260515C00744000,2026-05-13T16:00:00Z,1.510000,2.600000,1.450000,2.470000
67c1fb7c-56bf-420f-afff-0708472957e0,SPY   260515C00744000,2026-05-13T17:00:00Z,2.490000,2.880000,2.430000,2.430000
67c1fb7c-56bf-420f-afff-0708472957e0,SPY   260515C00744000,2026-05-13T18:00:00Z,2.440000,3.310000,2.420000,2.670000
67c1fb7c-56bf-420f-afff-0708472957e0,SPY   260515C00744000,2026-05-13T19:00:00Z,2.680000,3.170000,2.380000,2.450000
67c1fb7c-56bf-420f-afff-0708472957e0,SPY   260515C00744000,2026-05-14T14:00:00Z,3.120000,5.030000,3.120000,4.730000
67c1fb7c-56bf-420f-afff-0708472957e0,SPY   260515C00744000,2026-05-14T15:00:00Z,4.760000,6.340000,4.690000,6.330000
67c1fb7c-56bf-420f-afff-0708472957e0,SPY   260515C00744000,2026-05-14T16:00:00Z,6.330000,6.520000,4.870000,5.250000
67c1fb7c-56bf-420f-afff-0708472957e0,SPY   260515C00744000,2026-05-14T17:00:00Z,5.210000,5.530000,4.130000,4.980000
67c1fb7c-56bf-420f-afff-0708472957e0,SPY   260515C00744000,2026-05-14T18:00:00Z,4.960000,5.410000,4.250000,5.330000
67c1fb7c-56bf-420f-afff-0708472957e0,SPY   260515C00744000,2026-05-14T19:00:00Z,5.350000,5.630000,4.890000,4.890000
67c1fb7c-56bf-420f-afff-0708472957e0,SPY   260515C00744000,2026-05-15T14:00:00Z,0.460000,1.250000,0.440000,0.560000
67c1fb7c-56bf-420f-afff-0708472957e0,SPY   260515C00744000,2026-05-15T15:00:00Z,0.490000,0.490000,0.470000,0.470000
67c1fb7c-56bf-420f-afff-0708472957e0,SPY   260515C00744000,2026-05-15T16:00:00Z,0.320000,0.380000,0.170000,0.230000
67c1fb7c-56bf-420f-afff-0708472957e0,SPY   260515C00744000,2026-05-15T17:00:00Z,0.230000,0.600000,0.200000,0.480000
67c1fb7c-56bf-420f-afff-0708472957e0,SPY   260515C00744000,2026-05-15T18:00:00Z,0.490000,0.620000,0.090000,0.100000
67c1fb7c-56bf-420f-afff-0708472957e0,SPY   260515C00744000,2026-05-15T19:00:00Z,0.100000,0.100000,0.020000,0.020000
68382ba1-ad2e-460d-b4d7-22d2d718299c,SPY   251031P00669000,2025-10-21T14:00:00Z,6.110000,6.330000,4.800000,4.810000
68382ba1-ad2e-460d-b4d7-22d2d718299c,SPY   251031P00669000,2025-10-21T15:00:00Z,4.920000,4.960000,4.920000,4.950000
68382ba1-ad2e-460d-b4d7-22d2d718299c,SPY   251031P00669000,2025-10-21T16:00:00Z,4.920000,5.120000,4.550000,5.010000
68382ba1-ad2e-460d-b4d7-22d2d718299c,SPY   251031P00669000,2025-10-21T17:00:00Z,5.340000,5.680000,4.900000,4.920000
68382ba1-ad2e-460d-b4d7-22d2d718299c,SPY   251031P00669000,2025-10-21T18:00:00Z,4.830000,4.940000,4.590000,4.770000
68382ba1-ad2e-460d-b4d7-22d2d718299c,SPY   251031P00669000,2025-10-21T19:00:00Z,4.780000,5.010000,4.720000,4.750000
68382ba1-ad2e-460d-b4d7-22d2d718299c,SPY   251031P00669000,2025-10-22T14:00:00Z,5.260000,6.830000,5.050000,5.710000
68382ba1-ad2e-460d-b4d7-22d2d718299c,SPY   251031P00669000,2025-10-22T15:00:00Z,5.870000,5.910000,5.850000,5.860000
68382ba1-ad2e-460d-b4d7-22d2d718299c,SPY   251031P00669000,2025-10-22T16:00:00Z,6.160000,9.160000,6.070000,7.220000
68382ba1-ad2e-460d-b4d7-22d2d718299c,SPY   251031P00669000,2025-10-22T17:00:00Z,9.760000,9.860000,9.420000,9.670000
68382ba1-ad2e-460d-b4d7-22d2d718299c,SPY   251031P00669000,2025-10-22T18:00:00Z,9.120000,9.690000,7.870000,8.090000
68382ba1-ad2e-460d-b4d7-22d2d718299c,SPY   251031P00669000,2025-10-22T19:00:00Z,7.930000,7.960000,6.530000,6.760000
68382ba1-ad2e-460d-b4d7-22d2d718299c,SPY   251031P00669000,2025-10-23T14:00:00Z,5.630000,6.580000,5.460000,5.710000
68382ba1-ad2e-460d-b4d7-22d2d718299c,SPY   251031P00669000,2025-10-23T15:00:00Z,5.630000,6.050000,5.230000,5.850000
68382ba1-ad2e-460d-b4d7-22d2d718299c,SPY   251031P00669000,2025-10-23T16:00:00Z,5.250000,5.290000,4.910000,4.930000
68382ba1-ad2e-460d-b4d7-22d2d718299c,SPY   251031P00669000,2025-10-23T17:00:00Z,4.680000,4.780000,4.230000,4.260000
68382ba1-ad2e-460d-b4d7-22d2d718299c,SPY   251031P00669000,2025-10-23T18:00:00Z,4.250000,4.250000,4.240000,4.250000
68382ba1-ad2e-460d-b4d7-22d2d718299c,SPY   251031P00669000,2025-10-23T19:00:00Z,4.180000,4.640000,4.120000,4.490000
68382ba1-ad2e-460d-b4d7-22d2d718299c,SPY   251031P00669000,2025-10-24T14:00:00Z,2.500000,2.930000,2.420000,2.870000
68382ba1-ad2e-460d-b4d7-22d2d718299c,SPY   251031P00669000,2025-10-24T15:00:00Z,2.710000,2.770000,2.250000,2.390000
68382ba1-ad2e-460d-b4d7-22d2d718299c,SPY   251031P00669000,2025-10-24T16:00:00Z,2.390000,2.410000,2.290000,2.370000
68382ba1-ad2e-460d-b4d7-22d2d718299c,SPY   251031P00669000,2025-10-24T17:00:00Z,2.350000,2.420000,2.280000,2.280000
68382ba1-ad2e-460d-b4d7-22d2d718299c,SPY   251031P00669000,2025-10-24T18:00:00Z,2.340000,2.390000,2.220000,2.260000
68382ba1-ad2e-460d-b4d7-22d2d718299c,SPY   251031P00669000,2025-10-24T19:00:00Z,2.260000,2.400000,2.180000,2.390000
68382ba1-ad2e-460d-b4d7-22d2d718299c,SPY   251031P00669000,2025-10-27T14:00:00Z,0.980000,1.100000,0.940000,1.070000
68382ba1-ad2e-460d-b4d7-22d2d718299c,SPY   251031P00669000,2025-10-27T15:00:00Z,1.040000,1.050000,1.020000,1.030000
68382ba1-ad2e-460d-b4d7-22d2d718299c,SPY   251031P00669000,2025-10-27T16:00:00Z,0.990000,1.000000,0.930000,0.940000
68382ba1-ad2e-460d-b4d7-22d2d718299c,SPY   251031P00669000,2025-10-27T17:00:00Z,0.930000,0.940000,0.930000,0.940000
68382ba1-ad2e-460d-b4d7-22d2d718299c,SPY   251031P00669000,2025-10-27T18:00:00Z,0.890000,0.910000,0.830000,0.850000
68382ba1-ad2e-460d-b4d7-22d2d718299c,SPY   251031P00669000,2025-10-27T19:00:00Z,0.850000,0.860000,0.760000,0.770000
68382ba1-ad2e-460d-b4d7-22d2d718299c,SPY   251031P00669000,2025-10-28T14:00:00Z,0.820000,0.830000,0.670000,0.710000
68382ba1-ad2e-460d-b4d7-22d2d718299c,SPY   251031P00669000,2025-10-28T15:00:00Z,0.710000,0.820000,0.670000,0.720000
68382ba1-ad2e-460d-b4d7-22d2d718299c,SPY   251031P00669000,2025-10-28T16:00:00Z,0.640000,0.640000,0.630000,0.640000
68382ba1-ad2e-460d-b4d7-22d2d718299c,SPY   251031P00669000,2025-10-28T17:00:00Z,0.620000,0.630000,0.550000,0.590000
68382ba1-ad2e-460d-b4d7-22d2d718299c,SPY   251031P00669000,2025-10-28T18:00:00Z,0.590000,0.590000,0.530000,0.530000
68382ba1-ad2e-460d-b4d7-22d2d718299c,SPY   251031P00669000,2025-10-28T19:00:00Z,0.530000,0.670000,0.530000,0.640000
68382ba1-ad2e-460d-b4d7-22d2d718299c,SPY   251031P00669000,2025-10-29T14:00:00Z,0.470000,0.500000,0.460000,0.470000
68382ba1-ad2e-460d-b4d7-22d2d718299c,SPY   251031P00669000,2025-10-29T15:00:00Z,0.450000,0.450000,0.450000,0.450000
68382ba1-ad2e-460d-b4d7-22d2d718299c,SPY   251031P00669000,2025-10-29T16:00:00Z,0.450000,0.490000,0.400000,0.400000
68382ba1-ad2e-460d-b4d7-22d2d718299c,SPY   251031P00669000,2025-10-29T17:00:00Z,0.410000,0.480000,0.400000,0.440000
68382ba1-ad2e-460d-b4d7-22d2d718299c,SPY   251031P00669000,2025-10-29T18:00:00Z,0.440000,0.440000,0.380000,0.400000
68382ba1-ad2e-460d-b4d7-22d2d718299c,SPY   251031P00669000,2025-10-29T19:00:00Z,0.540000,0.680000,0.350000,0.350000
68382ba1-ad2e-460d-b4d7-22d2d718299c,SPY   251031P00669000,2025-10-30T14:00:00Z,0.240000,0.320000,0.180000,0.210000
68382ba1-ad2e-460d-b4d7-22d2d718299c,SPY   251031P00669000,2025-10-30T15:00:00Z,0.180000,0.180000,0.170000,0.170000
68382ba1-ad2e-460d-b4d7-22d2d718299c,SPY   251031P00669000,2025-10-30T16:00:00Z,0.230000,0.240000,0.160000,0.160000
68382ba1-ad2e-460d-b4d7-22d2d718299c,SPY   251031P00669000,2025-10-30T17:00:00Z,0.140000,0.190000,0.110000,0.130000
68382ba1-ad2e-460d-b4d7-22d2d718299c,SPY   251031P00669000,2025-10-30T18:00:00Z,0.170000,0.170000,0.160000,0.160000
68382ba1-ad2e-460d-b4d7-22d2d718299c,SPY   251031P00669000,2025-10-30T19:00:00Z,0.170000,0.330000,0.170000,0.240000
68382ba1-ad2e-460d-b4d7-22d2d718299c,SPY   251031P00669000,2025-10-31T14:00:00Z,0.060000,0.090000,0.040000,0.040000
68382ba1-ad2e-460d-b4d7-22d2d718299c,SPY   251031P00669000,2025-10-31T15:00:00Z,0.040000,0.060000,0.040000,0.050000
68382ba1-ad2e-460d-b4d7-22d2d718299c,SPY   251031P00669000,2025-10-31T16:00:00Z,0.050000,0.070000,0.040000,0.050000
68382ba1-ad2e-460d-b4d7-22d2d718299c,SPY   251031P00669000,2025-10-31T17:00:00Z,0.050000,0.060000,0.050000,0.060000
68382ba1-ad2e-460d-b4d7-22d2d718299c,SPY   251031P00669000,2025-10-31T18:00:00Z,0.020000,0.020000,0.020000,0.020000
68382ba1-ad2e-460d-b4d7-22d2d718299c,SPY   251031P00669000,2025-10-31T19:00:00Z,0.020000,0.020000,0.010000,0.010000
6848dcc2-2fae-4951-b51a-c78d0132ff65,SPY   251114C00686000,2025-11-04T15:00:00Z,3.590000,3.850000,3.150000,3.280000
6848dcc2-2fae-4951-b51a-c78d0132ff65,SPY   251114C00686000,2025-11-04T16:00:00Z,3.280000,3.460000,3.020000,3.220000
6848dcc2-2fae-4951-b51a-c78d0132ff65,SPY   251114C00686000,2025-11-04T17:00:00Z,3.200000,3.210000,2.650000,2.760000
6848dcc2-2fae-4951-b51a-c78d0132ff65,SPY   251114C00686000,2025-11-04T18:00:00Z,2.680000,2.750000,2.540000,2.570000
6848dcc2-2fae-4951-b51a-c78d0132ff65,SPY   251114C00686000,2025-11-04T19:00:00Z,2.710000,2.790000,2.300000,2.400000
6848dcc2-2fae-4951-b51a-c78d0132ff65,SPY   251114C00686000,2025-11-04T20:00:00Z,2.400000,2.650000,2.330000,2.330000
6848dcc2-2fae-4951-b51a-c78d0132ff65,SPY   251114C00686000,2025-11-05T15:00:00Z,2.670000,2.960000,2.370000,2.680000
6848dcc2-2fae-4951-b51a-c78d0132ff65,SPY   251114C00686000,2025-11-05T16:00:00Z,2.590000,3.060000,2.590000,3.050000
6848dcc2-2fae-4951-b51a-c78d0132ff65,SPY   251114C00686000,2025-11-05T17:00:00Z,2.980000,3.070000,2.870000,3.030000
6848dcc2-2fae-4951-b51a-c78d0132ff65,SPY   251114C00686000,2025-11-05T18:00:00Z,3.280000,3.450000,3.190000,3.380000
6848dcc2-2fae-4951-b51a-c78d0132ff65,SPY   251114C00686000,2025-11-05T19:00:00Z,3.360000,3.370000,3.060000,3.080000
6848dcc2-2fae-4951-b51a-c78d0132ff65,SPY   251114C00686000,2025-11-05T20:00:00Z,2.750000,2.750000,2.730000,2.740000
6848dcc2-2fae-4951-b51a-c78d0132ff65,SPY   251114C00686000,2025-11-06T15:00:00Z,1.600000,1.750000,1.140000,1.150000
6848dcc2-2fae-4951-b51a-c78d0132ff65,SPY   251114C00686000,2025-11-06T16:00:00Z,1.150000,1.240000,0.920000,0.940000
6848dcc2-2fae-4951-b51a-c78d0132ff65,SPY   251114C00686000,2025-11-06T17:00:00Z,0.930000,1.120000,0.930000,1.100000
6848dcc2-2fae-4951-b51a-c78d0132ff65,SPY   251114C00686000,2025-11-06T18:00:00Z,1.100000,1.190000,0.910000,1.120000
6848dcc2-2fae-4951-b51a-c78d0132ff65,SPY   251114C00686000,2025-11-06T19:00:00Z,1.110000,1.400000,1.100000,1.270000
6848dcc2-2fae-4951-b51a-c78d0132ff65,SPY   251114C00686000,2025-11-06T20:00:00Z,1.100000,1.110000,0.970000,1.000000
6848dcc2-2fae-4951-b51a-c78d0132ff65,SPY   251114C00686000,2025-11-07T15:00:00Z,0.920000,0.920000,0.360000,0.360000
6848dcc2-2fae-4951-b51a-c78d0132ff65,SPY   251114C00686000,2025-11-07T16:00:00Z,0.360000,0.380000,0.310000,0.330000
6848dcc2-2fae-4951-b51a-c78d0132ff65,SPY   251114C00686000,2025-11-07T17:00:00Z,0.320000,0.350000,0.280000,0.340000
6848dcc2-2fae-4951-b51a-c78d0132ff65,SPY   251114C00686000,2025-11-07T18:00:00Z,0.340000,0.360000,0.270000,0.310000
6848dcc2-2fae-4951-b51a-c78d0132ff65,SPY   251114C00686000,2025-11-07T19:00:00Z,0.300000,0.550000,0.290000,0.530000
6848dcc2-2fae-4951-b51a-c78d0132ff65,SPY   251114C00686000,2025-11-07T20:00:00Z,0.550000,0.570000,0.400000,0.530000
6848dcc2-2fae-4951-b51a-c78d0132ff65,SPY   251114C00686000,2025-11-10T15:00:00Z,1.390000,1.520000,0.870000,0.890000
6848dcc2-2fae-4951-b51a-c78d0132ff65,SPY   251114C00686000,2025-11-10T16:00:00Z,0.880000,0.940000,0.740000,0.870000
6848dcc2-2fae-4951-b51a-c78d0132ff65,SPY   251114C00686000,2025-11-10T17:00:00Z,0.880000,1.450000,0.830000,1.350000
6848dcc2-2fae-4951-b51a-c78d0132ff65,SPY   251114C00686000,2025-11-10T18:00:00Z,1.360000,1.500000,1.350000,1.410000
6848dcc2-2fae-4951-b51a-c78d0132ff65,SPY   251114C00686000,2025-11-10T19:00:00Z,1.490000,1.990000,1.470000,1.840000
6848dcc2-2fae-4951-b51a-c78d0132ff65,SPY   251114C00686000,2025-11-10T20:00:00Z,2.070000,2.260000,1.880000,2.040000
6848dcc2-2fae-4951-b51a-c78d0132ff65,SPY   251114C00686000,2025-11-11T15:00:00Z,1.370000,1.370000,0.870000,0.940000
6848dcc2-2fae-4951-b51a-c78d0132ff65,SPY   251114C00686000,2025-11-11T16:00:00Z,0.960000,1.250000,0.860000,1.000000
6848dcc2-2fae-4951-b51a-c78d0132ff65,SPY   251114C00686000,2025-11-11T17:00:00Z,1.060000,1.370000,1.020000,1.320000
6848dcc2-2fae-4951-b51a-c78d0132ff65,SPY   251114C00686000,2025-11-11T18:00:00Z,1.710000,2.080000,1.610000,1.920000
6848dcc2-2fae-4951-b51a-c78d0132ff65,SPY   251114C00686000,2025-11-11T19:00:00Z,1.960000,2.030000,1.740000,1.890000
6848dcc2-2fae-4951-b51a-c78d0132ff65,SPY   251114C00686000,2025-11-11T20:00:00Z,1.890000,2.080000,1.640000,1.830000
6848dcc2-2fae-4951-b51a-c78d0132ff65,SPY   251114C00686000,2025-11-12T15:00:00Z,2.000000,2.160000,1.420000,1.540000
6848dcc2-2fae-4951-b51a-c78d0132ff65,SPY   251114C00686000,2025-11-12T16:00:00Z,1.470000,1.570000,1.430000,1.560000
6848dcc2-2fae-4951-b51a-c78d0132ff65,SPY   251114C00686000,2025-11-12T17:00:00Z,1.520000,2.050000,1.490000,1.840000
6848dcc2-2fae-4951-b51a-c78d0132ff65,SPY   251114C00686000,2025-11-12T18:00:00Z,1.900000,2.050000,1.760000,1.910000
6848dcc2-2fae-4951-b51a-c78d0132ff65,SPY   251114C00686000,2025-11-12T19:00:00Z,1.890000,1.910000,1.390000,1.510000
6848dcc2-2fae-4951-b51a-c78d0132ff65,SPY   251114C00686000,2025-11-12T20:00:00Z,1.490000,1.910000,1.350000,1.830000
6848dcc2-2fae-4951-b51a-c78d0132ff65,SPY   251114C00686000,2025-11-13T15:00:00Z,0.410000,0.630000,0.200000,0.240000
6848dcc2-2fae-4951-b51a-c78d0132ff65,SPY   251114C00686000,2025-11-13T16:00:00Z,0.240000,0.250000,0.160000,0.160000
6848dcc2-2fae-4951-b51a-c78d0132ff65,SPY   251114C00686000,2025-11-13T17:00:00Z,0.170000,0.210000,0.140000,0.140000
6848dcc2-2fae-4951-b51a-c78d0132ff65,SPY   251114C00686000,2025-11-13T18:00:00Z,0.140000,0.140000,0.090000,0.110000
6848dcc2-2fae-4951-b51a-c78d0132ff65,SPY   251114C00686000,2025-11-13T19:00:00Z,0.110000,0.110000,0.090000,0.090000
6848dcc2-2fae-4951-b51a-c78d0132ff65,SPY   251114C00686000,2025-11-13T20:00:00Z,0.100000,0.100000,0.070000,0.070000
6848dcc2-2fae-4951-b51a-c78d0132ff65,SPY   251114C00686000,2025-11-14T15:00:00Z,0.020000,0.020000,0.010000,0.010000
6848dcc2-2fae-4951-b51a-c78d0132ff65,SPY   251114C00686000,2025-11-14T16:00:00Z,0.010000,0.010000,0.010000,0.010000
6848dcc2-2fae-4951-b51a-c78d0132ff65,SPY   251114C00686000,2025-11-14T17:00:00Z,0.010000,0.010000,0.010000,0.010000
6848dcc2-2fae-4951-b51a-c78d0132ff65,SPY   251114C00686000,2025-11-14T18:00:00Z,0.010000,0.010000,0.010000,0.010000
6848dcc2-2fae-4951-b51a-c78d0132ff65,SPY   251114C00686000,2025-11-14T19:00:00Z,0.010000,0.010000,0.010000,0.010000
6848dcc2-2fae-4951-b51a-c78d0132ff65,SPY   251114C00686000,2025-11-14T20:00:00Z,0.010000,0.010000,0.010000,0.010000
695a0f76-3412-4fff-9d7a-6da34f61e13d,SPY   260410P00631000,2026-04-06T14:00:00Z,1.050000,1.250000,1.040000,1.210000
695a0f76-3412-4fff-9d7a-6da34f61e13d,SPY   260410P00631000,2026-04-06T15:00:00Z,1.110000,1.270000,1.090000,1.090000
695a0f76-3412-4fff-9d7a-6da34f61e13d,SPY   260410P00631000,2026-04-06T16:00:00Z,1.040000,1.110000,0.980000,1.080000
695a0f76-3412-4fff-9d7a-6da34f61e13d,SPY   260410P00631000,2026-04-06T17:00:00Z,1.120000,1.190000,1.090000,1.140000
695a0f76-3412-4fff-9d7a-6da34f61e13d,SPY   260410P00631000,2026-04-06T18:00:00Z,1.100000,1.100000,1.070000,1.070000
695a0f76-3412-4fff-9d7a-6da34f61e13d,SPY   260410P00631000,2026-04-06T19:00:00Z,1.000000,1.080000,0.980000,0.980000
695a0f76-3412-4fff-9d7a-6da34f61e13d,SPY   260410P00631000,2026-04-07T14:00:00Z,1.720000,2.130000,1.480000,1.810000
695a0f76-3412-4fff-9d7a-6da34f61e13d,SPY   260410P00631000,2026-04-07T15:00:00Z,1.850000,1.880000,1.590000,1.630000
695a0f76-3412-4fff-9d7a-6da34f61e13d,SPY   260410P00631000,2026-04-07T16:00:00Z,1.380000,1.450000,1.170000,1.350000
695a0f76-3412-4fff-9d7a-6da34f61e13d,SPY   260410P00631000,2026-04-07T17:00:00Z,1.480000,1.480000,1.170000,1.190000
695a0f76-3412-4fff-9d7a-6da34f61e13d,SPY   260410P00631000,2026-04-07T18:00:00Z,1.710000,2.130000,1.700000,2.010000
695a0f76-3412-4fff-9d7a-6da34f61e13d,SPY   260410P00631000,2026-04-07T19:00:00Z,1.940000,1.940000,1.330000,1.700000
695a0f76-3412-4fff-9d7a-6da34f61e13d,SPY   260410P00631000,2026-04-08T14:00:00Z,0.150000,0.220000,0.150000,0.170000
695a0f76-3412-4fff-9d7a-6da34f61e13d,SPY   260410P00631000,2026-04-08T15:00:00Z,0.150000,0.170000,0.130000,0.130000
695a0f76-3412-4fff-9d7a-6da34f61e13d,SPY   260410P00631000,2026-04-08T16:00:00Z,0.140000,0.160000,0.120000,0.120000
695a0f76-3412-4fff-9d7a-6da34f61e13d,SPY   260410P00631000,2026-04-08T17:00:00Z,0.140000,0.140000,0.130000,0.130000
695a0f76-3412-4fff-9d7a-6da34f61e13d,SPY   260410P00631000,2026-04-08T18:00:00Z,0.110000,0.110000,0.110000,0.110000
695a0f76-3412-4fff-9d7a-6da34f61e13d,SPY   260410P00631000,2026-04-08T19:00:00Z,0.110000,0.110000,0.110000,0.110000
695a0f76-3412-4fff-9d7a-6da34f61e13d,SPY   260410P00631000,2026-04-09T14:00:00Z,0.040000,0.040000,0.040000,0.040000
695a0f76-3412-4fff-9d7a-6da34f61e13d,SPY   260410P00631000,2026-04-09T15:00:00Z,0.040000,0.040000,0.030000,0.030000
695a0f76-3412-4fff-9d7a-6da34f61e13d,SPY   260410P00631000,2026-04-09T16:00:00Z,0.030000,0.030000,0.030000,0.030000
695a0f76-3412-4fff-9d7a-6da34f61e13d,SPY   260410P00631000,2026-04-09T17:00:00Z,0.030000,0.030000,0.020000,0.030000
695a0f76-3412-4fff-9d7a-6da34f61e13d,SPY   260410P00631000,2026-04-09T18:00:00Z,0.030000,0.030000,0.030000,0.030000
695a0f76-3412-4fff-9d7a-6da34f61e13d,SPY   260410P00631000,2026-04-09T19:00:00Z,0.030000,0.030000,0.030000,0.030000
695a0f76-3412-4fff-9d7a-6da34f61e13d,SPY   260410P00631000,2026-04-10T14:00:00Z,0.010000,0.010000,0.010000,0.010000
695a0f76-3412-4fff-9d7a-6da34f61e13d,SPY   260410P00631000,2026-04-10T15:00:00Z,0.010000,0.010000,0.010000,0.010000
695a0f76-3412-4fff-9d7a-6da34f61e13d,SPY   260410P00631000,2026-04-10T16:00:00Z,0.010000,0.010000,0.010000,0.010000
695a0f76-3412-4fff-9d7a-6da34f61e13d,SPY   260410P00631000,2026-04-10T17:00:00Z,0.010000,0.010000,0.010000,0.010000
695a0f76-3412-4fff-9d7a-6da34f61e13d,SPY   260410P00631000,2026-04-10T18:00:00Z,0.010000,0.010000,0.010000,0.010000
695a0f76-3412-4fff-9d7a-6da34f61e13d,SPY   260410P00631000,2026-04-10T19:00:00Z,0.010000,0.010000,0.010000,0.010000
695e4907-e0d2-430b-bc75-8b99b71a0b69,SPY   251212P00672000,2025-12-02T15:00:00Z,3.060000,3.510000,2.660000,2.740000
695e4907-e0d2-430b-bc75-8b99b71a0b69,SPY   251212P00672000,2025-12-02T16:00:00Z,2.730000,4.140000,2.650000,3.690000
695e4907-e0d2-430b-bc75-8b99b71a0b69,SPY   251212P00672000,2025-12-02T17:00:00Z,3.430000,3.640000,2.860000,2.970000
695e4907-e0d2-430b-bc75-8b99b71a0b69,SPY   251212P00672000,2025-12-02T18:00:00Z,3.520000,3.680000,3.300000,3.490000
695e4907-e0d2-430b-bc75-8b99b71a0b69,SPY   251212P00672000,2025-12-02T19:00:00Z,3.360000,3.460000,2.870000,2.930000
695e4907-e0d2-430b-bc75-8b99b71a0b69,SPY   251212P00672000,2025-12-02T20:00:00Z,3.010000,3.100000,2.750000,3.100000
695e4907-e0d2-430b-bc75-8b99b71a0b69,SPY   251212P00672000,2025-12-03T15:00:00Z,3.150000,3.280000,2.570000,2.740000
695e4907-e0d2-430b-bc75-8b99b71a0b69,SPY   251212P00672000,2025-12-03T16:00:00Z,2.780000,2.790000,2.370000,2.400000
695e4907-e0d2-430b-bc75-8b99b71a0b69,SPY   251212P00672000,2025-12-03T17:00:00Z,2.660000,2.680000,2.160000,2.210000
695e4907-e0d2-430b-bc75-8b99b71a0b69,SPY   251212P00672000,2025-12-03T18:00:00Z,2.210000,2.290000,2.030000,2.150000
695e4907-e0d2-430b-bc75-8b99b71a0b69,SPY   251212P00672000,2025-12-03T19:00:00Z,2.160000,2.160000,1.920000,1.950000
695e4907-e0d2-430b-bc75-8b99b71a0b69,SPY   251212P00672000,2025-12-03T20:00:00Z,2.040000,2.050000,2.040000,2.040000
695e4907-e0d2-430b-bc75-8b99b71a0b69,SPY   251212P00672000,2025-12-04T15:00:00Z,2.280000,2.500000,1.860000,2.140000
695e4907-e0d2-430b-bc75-8b99b71a0b69,SPY   251212P00672000,2025-12-04T16:00:00Z,2.100000,2.140000,2.020000,2.020000
695e4907-e0d2-430b-bc75-8b99b71a0b69,SPY   251212P00672000,2025-12-04T17:00:00Z,1.810000,2.050000,1.740000,1.780000
695e4907-e0d2-430b-bc75-8b99b71a0b69,SPY   251212P00672000,2025-12-04T18:00:00Z,1.780000,1.970000,1.700000,1.750000
695e4907-e0d2-430b-bc75-8b99b71a0b69,SPY   251212P00672000,2025-12-04T19:00:00Z,1.750000,1.910000,1.730000,1.870000
695e4907-e0d2-430b-bc75-8b99b71a0b69,SPY   251212P00672000,2025-12-04T20:00:00Z,1.900000,2.140000,1.590000,1.610000
695e4907-e0d2-430b-bc75-8b99b71a0b69,SPY   251212P00672000,2025-12-05T15:00:00Z,1.250000,1.270000,1.010000,1.200000
695e4907-e0d2-430b-bc75-8b99b71a0b69,SPY   251212P00672000,2025-12-05T16:00:00Z,1.200000,1.510000,1.140000,1.410000
695e4907-e0d2-430b-bc75-8b99b71a0b69,SPY   251212P00672000,2025-12-05T17:00:00Z,1.350000,1.530000,1.320000,1.410000
695e4907-e0d2-430b-bc75-8b99b71a0b69,SPY   251212P00672000,2025-12-05T18:00:00Z,1.090000,1.090000,1.080000,1.090000
695e4907-e0d2-430b-bc75-8b99b71a0b69,SPY   251212P00672000,2025-12-05T19:00:00Z,1.120000,1.190000,1.010000,1.020000
695e4907-e0d2-430b-bc75-8b99b71a0b69,SPY   251212P00672000,2025-12-05T20:00:00Z,1.030000,1.270000,1.010000,1.260000
695e4907-e0d2-430b-bc75-8b99b71a0b69,SPY   251212P00672000,2025-12-08T15:00:00Z,1.080000,1.340000,1.020000,1.290000
695e4907-e0d2-430b-bc75-8b99b71a0b69,SPY   251212P00672000,2025-12-08T16:00:00Z,1.350000,1.470000,1.250000,1.340000
695e4907-e0d2-430b-bc75-8b99b71a0b69,SPY   251212P00672000,2025-12-08T17:00:00Z,1.350000,1.580000,1.110000,1.130000
695e4907-e0d2-430b-bc75-8b99b71a0b69,SPY   251212P00672000,2025-12-08T18:00:00Z,1.130000,1.200000,1.090000,1.140000
695e4907-e0d2-430b-bc75-8b99b71a0b69,SPY   251212P00672000,2025-12-08T19:00:00Z,1.540000,1.630000,1.320000,1.430000
695e4907-e0d2-430b-bc75-8b99b71a0b69,SPY   251212P00672000,2025-12-08T20:00:00Z,1.410000,1.430000,1.350000,1.370000
695e4907-e0d2-430b-bc75-8b99b71a0b69,SPY   251212P00672000,2025-12-09T15:00:00Z,1.270000,1.270000,0.950000,0.960000
695e4907-e0d2-430b-bc75-8b99b71a0b69,SPY   251212P00672000,2025-12-09T16:00:00Z,0.840000,0.840000,0.830000,0.830000
695e4907-e0d2-430b-bc75-8b99b71a0b69,SPY   251212P00672000,2025-12-09T17:00:00Z,0.950000,0.950000,0.920000,0.950000
695e4907-e0d2-430b-bc75-8b99b71a0b69,SPY   251212P00672000,2025-12-09T18:00:00Z,0.910000,0.910000,0.900000,0.900000
695e4907-e0d2-430b-bc75-8b99b71a0b69,SPY   251212P00672000,2025-12-09T19:00:00Z,0.880000,1.020000,0.870000,0.920000
695e4907-e0d2-430b-bc75-8b99b71a0b69,SPY   251212P00672000,2025-12-09T20:00:00Z,0.930000,0.960000,0.910000,0.950000
695e4907-e0d2-430b-bc75-8b99b71a0b69,SPY   251212P00672000,2025-12-10T15:00:00Z,0.890000,1.160000,0.850000,1.020000
695e4907-e0d2-430b-bc75-8b99b71a0b69,SPY   251212P00672000,2025-12-10T16:00:00Z,1.030000,1.190000,0.790000,0.810000
695e4907-e0d2-430b-bc75-8b99b71a0b69,SPY   251212P00672000,2025-12-10T17:00:00Z,0.810000,0.920000,0.770000,0.800000
695e4907-e0d2-430b-bc75-8b99b71a0b69,SPY   251212P00672000,2025-12-10T18:00:00Z,0.800000,1.100000,0.790000,1.020000
695e4907-e0d2-430b-bc75-8b99b71a0b69,SPY   251212P00672000,2025-12-10T19:00:00Z,0.760000,0.910000,0.300000,0.310000
695e4907-e0d2-430b-bc75-8b99b71a0b69,SPY   251212P00672000,2025-12-10T20:00:00Z,0.200000,0.210000,0.180000,0.200000
695e4907-e0d2-430b-bc75-8b99b71a0b69,SPY   251212P00672000,2025-12-11T15:00:00Z,0.420000,0.480000,0.130000,0.130000
695e4907-e0d2-430b-bc75-8b99b71a0b69,SPY   251212P00672000,2025-12-11T16:00:00Z,0.130000,0.180000,0.100000,0.130000
695e4907-e0d2-430b-bc75-8b99b71a0b69,SPY   251212P00672000,2025-12-11T17:00:00Z,0.130000,0.130000,0.080000,0.080000
695e4907-e0d2-430b-bc75-8b99b71a0b69,SPY   251212P00672000,2025-12-11T18:00:00Z,0.090000,0.090000,0.070000,0.080000
695e4907-e0d2-430b-bc75-8b99b71a0b69,SPY   251212P00672000,2025-12-11T19:00:00Z,0.070000,0.070000,0.060000,0.060000
695e4907-e0d2-430b-bc75-8b99b71a0b69,SPY   251212P00672000,2025-12-11T20:00:00Z,0.060000,0.060000,0.040000,0.040000
695e4907-e0d2-430b-bc75-8b99b71a0b69,SPY   251212P00672000,2025-12-12T15:00:00Z,0.030000,0.190000,0.030000,0.150000
695e4907-e0d2-430b-bc75-8b99b71a0b69,SPY   251212P00672000,2025-12-12T16:00:00Z,0.310000,0.370000,0.300000,0.310000
695e4907-e0d2-430b-bc75-8b99b71a0b69,SPY   251212P00672000,2025-12-12T17:00:00Z,0.120000,0.120000,0.040000,0.040000
695e4907-e0d2-430b-bc75-8b99b71a0b69,SPY   251212P00672000,2025-12-12T18:00:00Z,0.030000,0.030000,0.030000,0.030000
695e4907-e0d2-430b-bc75-8b99b71a0b69,SPY   251212P00672000,2025-12-12T19:00:00Z,0.020000,0.020000,0.020000,0.020000
695e4907-e0d2-430b-bc75-8b99b71a0b69,SPY   251212P00672000,2025-12-12T20:00:00Z,0.020000,0.020000,0.010000,0.010000
6992d707-3172-46b5-8e75-1f3ed2aff1a4,SPY   260213P00670000,2026-02-09T15:00:00Z,0.630000,0.630000,0.460000,0.470000
6992d707-3172-46b5-8e75-1f3ed2aff1a4,SPY   260213P00670000,2026-02-09T16:00:00Z,0.480000,0.500000,0.450000,0.480000
6992d707-3172-46b5-8e75-1f3ed2aff1a4,SPY   260213P00670000,2026-02-09T17:00:00Z,0.410000,0.420000,0.370000,0.400000
6992d707-3172-46b5-8e75-1f3ed2aff1a4,SPY   260213P00670000,2026-02-09T18:00:00Z,0.390000,0.420000,0.370000,0.420000
6992d707-3172-46b5-8e75-1f3ed2aff1a4,SPY   260213P00670000,2026-02-09T19:00:00Z,0.370000,0.380000,0.300000,0.320000
6992d707-3172-46b5-8e75-1f3ed2aff1a4,SPY   260213P00670000,2026-02-09T20:00:00Z,0.320000,0.440000,0.310000,0.410000
6992d707-3172-46b5-8e75-1f3ed2aff1a4,SPY   260213P00670000,2026-02-10T15:00:00Z,0.280000,0.340000,0.250000,0.280000
6992d707-3172-46b5-8e75-1f3ed2aff1a4,SPY   260213P00670000,2026-02-10T16:00:00Z,0.280000,0.320000,0.260000,0.300000
6992d707-3172-46b5-8e75-1f3ed2aff1a4,SPY   260213P00670000,2026-02-10T17:00:00Z,0.280000,0.310000,0.220000,0.230000
6992d707-3172-46b5-8e75-1f3ed2aff1a4,SPY   260213P00670000,2026-02-10T18:00:00Z,0.230000,0.380000,0.220000,0.360000
6992d707-3172-46b5-8e75-1f3ed2aff1a4,SPY   260213P00670000,2026-02-10T19:00:00Z,0.320000,0.360000,0.280000,0.280000
6992d707-3172-46b5-8e75-1f3ed2aff1a4,SPY   260213P00670000,2026-02-10T20:00:00Z,0.310000,0.340000,0.300000,0.340000
6992d707-3172-46b5-8e75-1f3ed2aff1a4,SPY   260213P00670000,2026-02-11T15:00:00Z,0.170000,0.530000,0.160000,0.210000
6992d707-3172-46b5-8e75-1f3ed2aff1a4,SPY   260213P00670000,2026-02-11T16:00:00Z,0.190000,0.200000,0.190000,0.190000
6992d707-3172-46b5-8e75-1f3ed2aff1a4,SPY   260213P00670000,2026-02-11T17:00:00Z,0.140000,0.160000,0.140000,0.160000
6992d707-3172-46b5-8e75-1f3ed2aff1a4,SPY   260213P00670000,2026-02-11T18:00:00Z,0.160000,0.160000,0.160000,0.160000
6992d707-3172-46b5-8e75-1f3ed2aff1a4,SPY   260213P00670000,2026-02-11T19:00:00Z,0.150000,0.160000,0.110000,0.130000
6992d707-3172-46b5-8e75-1f3ed2aff1a4,SPY   260213P00670000,2026-02-11T20:00:00Z,0.130000,0.130000,0.130000,0.130000
6992d707-3172-46b5-8e75-1f3ed2aff1a4,SPY   260213P00670000,2026-02-12T15:00:00Z,0.160000,0.170000,0.160000,0.160000
6992d707-3172-46b5-8e75-1f3ed2aff1a4,SPY   260213P00670000,2026-02-12T16:00:00Z,0.330000,0.600000,0.320000,0.340000
6992d707-3172-46b5-8e75-1f3ed2aff1a4,SPY   260213P00670000,2026-02-12T17:00:00Z,0.400000,0.410000,0.330000,0.330000
6992d707-3172-46b5-8e75-1f3ed2aff1a4,SPY   260213P00670000,2026-02-12T18:00:00Z,0.500000,0.530000,0.320000,0.330000
6992d707-3172-46b5-8e75-1f3ed2aff1a4,SPY   260213P00670000,2026-02-12T19:00:00Z,0.210000,0.210000,0.210000,0.210000
6992d707-3172-46b5-8e75-1f3ed2aff1a4,SPY   260213P00670000,2026-02-12T20:00:00Z,0.210000,0.830000,0.180000,0.820000
6992d707-3172-46b5-8e75-1f3ed2aff1a4,SPY   260213P00670000,2026-02-13T15:00:00Z,0.560000,0.560000,0.110000,0.140000
6992d707-3172-46b5-8e75-1f3ed2aff1a4,SPY   260213P00670000,2026-02-13T16:00:00Z,0.140000,0.140000,0.060000,0.060000
6992d707-3172-46b5-8e75-1f3ed2aff1a4,SPY   260213P00670000,2026-02-13T17:00:00Z,0.050000,0.050000,0.040000,0.040000
6992d707-3172-46b5-8e75-1f3ed2aff1a4,SPY   260213P00670000,2026-02-13T18:00:00Z,0.030000,0.030000,0.030000,0.030000
6992d707-3172-46b5-8e75-1f3ed2aff1a4,SPY   260213P00670000,2026-02-13T19:00:00Z,0.020000,0.020000,0.020000,0.020000
6992d707-3172-46b5-8e75-1f3ed2aff1a4,SPY   260213P00670000,2026-02-13T20:00:00Z,0.020000,0.020000,0.010000,0.010000
69b767f9-697d-48db-9afb-d2f02d8568ae,SPY   260911P00752000,2026-09-08T14:00:00Z,0.560000,0.730000,0.540000,0.600000
69b767f9-697d-48db-9afb-d2f02d8568ae,SPY   260911P00752000,2026-09-08T15:00:00Z,0.510000,0.530000,0.440000,0.480000
69b767f9-697d-48db-9afb-d2f02d8568ae,SPY   260911P00752000,2026-09-08T16:00:00Z,0.480000,0.520000,0.450000,0.480000
69b767f9-697d-48db-9afb-d2f02d8568ae,SPY   260911P00752000,2026-09-08T17:00:00Z,0.470000,0.470000,0.400000,0.430000
69b767f9-697d-48db-9afb-d2f02d8568ae,SPY   260911P00752000,2026-09-08T18:00:00Z,0.430000,0.630000,0.390000,0.560000
69b767f9-697d-48db-9afb-d2f02d8568ae,SPY   260911P00752000,2026-09-08T19:00:00Z,0.560000,0.590000,0.500000,0.590000
69b767f9-697d-48db-9afb-d2f02d8568ae,SPY   260911P00752000,2026-09-09T14:00:00Z,0.630000,0.820000,0.600000,0.810000
69b767f9-697d-48db-9afb-d2f02d8568ae,SPY   260911P00752000,2026-09-09T15:00:00Z,0.650000,1.090000,0.570000,1.030000
69b767f9-697d-48db-9afb-d2f02d8568ae,SPY   260911P00752000,2026-09-09T16:00:00Z,0.870000,1.030000,0.720000,0.760000
69b767f9-697d-48db-9afb-d2f02d8568ae,SPY   260911P00752000,2026-09-09T17:00:00Z,0.760000,0.800000,0.630000,0.670000
69b767f9-697d-48db-9afb-d2f02d8568ae,SPY   260911P00752000,2026-09-09T18:00:00Z,0.710000,0.710000,0.700000,0.700000
69b767f9-697d-48db-9afb-d2f02d8568ae,SPY   260911P00752000,2026-09-09T19:00:00Z,0.650000,0.780000,0.630000,0.730000
69b767f9-697d-48db-9afb-d2f02d8568ae,SPY   260911P00752000,2026-09-10T14:00:00Z,1.250000,1.250000,0.920000,1.100000
69b767f9-697d-48db-9afb-d2f02d8568ae,SPY   260911P00752000,2026-09-10T15:00:00Z,0.930000,1.120000,0.930000,1.030000
69b767f9-697d-48db-9afb-d2f02d8568ae,SPY   260911P00752000,2026-09-10T16:00:00Z,1.280000,1.280000,1.130000,1.130000
69b767f9-697d-48db-9afb-d2f02d8568ae,SPY   260911P00752000,2026-09-10T17:00:00Z,0.940000,1.180000,0.850000,1.100000
69b767f9-697d-48db-9afb-d2f02d8568ae,SPY   260911P00752000,2026-09-10T18:00:00Z,1.200000,1.440000,1.130000,1.290000
69b767f9-697d-48db-9afb-d2f02d8568ae,SPY   260911P00752000,2026-09-10T19:00:00Z,1.300000,1.440000,1.070000,1.190000
69b767f9-697d-48db-9afb-d2f02d8568ae,SPY   260911P00752000,2026-09-11T14:00:00Z,0.050000,0.050000,0.040000,0.040000
69b767f9-697d-48db-9afb-d2f02d8568ae,SPY   260911P00752000,2026-09-11T15:00:00Z,0.040000,0.040000,0.040000,0.040000
69b767f9-697d-48db-9afb-d2f02d8568ae,SPY   260911P00752000,2026-09-11T16:00:00Z,0.030000,0.030000,0.030000,0.030000
69b767f9-697d-48db-9afb-d2f02d8568ae,SPY   260911P00752000,2026-09-11T17:00:00Z,0.030000,0.030000,0.020000,0.020000
69b767f9-697d-48db-9afb-d2f02d8568ae,SPY   260911P00752000,2026-09-11T18:00:00Z,0.020000,0.020000,0.020000,0.020000
69b767f9-697d-48db-9afb-d2f02d8568ae,SPY   260911P00752000,2026-09-11T19:00:00Z,0.020000,0.020000,0.010000,0.010000
6a0fe98a-61a4-41ed-8af7-e08cc30c0873,SPY   260626C00766000,2026-06-15T14:00:00Z,1.680000,1.790000,1.510000,1.780000
6a0fe98a-61a4-41ed-8af7-e08cc30c0873,SPY   260626C00766000,2026-06-15T15:00:00Z,1.800000,2.160000,1.790000,2.140000
6a0fe98a-61a4-41ed-8af7-e08cc30c0873,SPY   260626C00766000,2026-06-15T16:00:00Z,2.390000,2.530000,2.040000,2.110000
6a0fe98a-61a4-41ed-8af7-e08cc30c0873,SPY   260626C00766000,2026-06-15T17:00:00Z,2.110000,2.270000,1.990000,2.010000
6a0fe98a-61a4-41ed-8af7-e08cc30c0873,SPY   260626C00766000,2026-06-15T18:00:00Z,2.020000,2.050000,1.820000,1.850000
6a0fe98a-61a4-41ed-8af7-e08cc30c0873,SPY   260626C00766000,2026-06-15T19:00:00Z,1.850000,1.920000,1.610000,1.610000
6a0fe98a-61a4-41ed-8af7-e08cc30c0873,SPY   260626C00766000,2026-06-16T14:00:00Z,1.200000,1.340000,1.140000,1.210000
6a0fe98a-61a4-41ed-8af7-e08cc30c0873,SPY   260626C00766000,2026-06-16T15:00:00Z,1.190000,1.270000,1.040000,1.180000
6a0fe98a-61a4-41ed-8af7-e08cc30c0873,SPY   260626C00766000,2026-06-16T16:00:00Z,1.140000,1.150000,1.130000,1.130000
6a0fe98a-61a4-41ed-8af7-e08cc30c0873,SPY   260626C00766000,2026-06-16T17:00:00Z,1.070000,1.080000,0.950000,0.970000
6a0fe98a-61a4-41ed-8af7-e08cc30c0873,SPY   260626C00766000,2026-06-16T18:00:00Z,0.960000,0.980000,0.870000,0.890000
6a0fe98a-61a4-41ed-8af7-e08cc30c0873,SPY   260626C00766000,2026-06-16T19:00:00Z,0.890000,0.900000,0.750000,0.820000
6a0fe98a-61a4-41ed-8af7-e08cc30c0873,SPY   260626C00766000,2026-06-17T14:00:00Z,0.840000,0.840000,0.670000,0.720000
6a0fe98a-61a4-41ed-8af7-e08cc30c0873,SPY   260626C00766000,2026-06-17T15:00:00Z,0.660000,0.710000,0.650000,0.710000
6a0fe98a-61a4-41ed-8af7-e08cc30c0873,SPY   260626C00766000,2026-06-17T16:00:00Z,0.820000,0.890000,0.770000,0.770000
6a0fe98a-61a4-41ed-8af7-e08cc30c0873,SPY   260626C00766000,2026-06-17T17:00:00Z,0.770000,0.810000,0.670000,0.740000
6a0fe98a-61a4-41ed-8af7-e08cc30c0873,SPY   260626C00766000,2026-06-17T18:00:00Z,0.590000,0.700000,0.520000,0.580000
6a0fe98a-61a4-41ed-8af7-e08cc30c0873,SPY   260626C00766000,2026-06-17T19:00:00Z,0.390000,0.420000,0.170000,0.210000
6a0fe98a-61a4-41ed-8af7-e08cc30c0873,SPY   260626C00766000,2026-06-18T14:00:00Z,0.220000,0.320000,0.220000,0.280000
6a0fe98a-61a4-41ed-8af7-e08cc30c0873,SPY   260626C00766000,2026-06-18T15:00:00Z,0.280000,0.280000,0.250000,0.260000
6a0fe98a-61a4-41ed-8af7-e08cc30c0873,SPY   260626C00766000,2026-06-18T16:00:00Z,0.240000,0.250000,0.200000,0.210000
6a0fe98a-61a4-41ed-8af7-e08cc30c0873,SPY   260626C00766000,2026-06-18T17:00:00Z,0.210000,0.300000,0.210000,0.230000
6a0fe98a-61a4-41ed-8af7-e08cc30c0873,SPY   260626C00766000,2026-06-18T18:00:00Z,0.220000,0.220000,0.150000,0.150000
6a0fe98a-61a4-41ed-8af7-e08cc30c0873,SPY   260626C00766000,2026-06-18T19:00:00Z,0.150000,0.210000,0.130000,0.210000
6a0fe98a-61a4-41ed-8af7-e08cc30c0873,SPY   260626C00766000,2026-06-22T14:00:00Z,0.170000,0.180000,0.080000,0.090000
6a0fe98a-61a4-41ed-8af7-e08cc30c0873,SPY   260626C00766000,2026-06-22T15:00:00Z,0.090000,0.090000,0.080000,0.080000
6a0fe98a-61a4-41ed-8af7-e08cc30c0873,SPY   260626C00766000,2026-06-22T16:00:00Z,0.080000,0.080000,0.070000,0.070000
6a0fe98a-61a4-41ed-8af7-e08cc30c0873,SPY   260626C00766000,2026-06-22T17:00:00Z,0.070000,0.070000,0.070000,0.070000
6a0fe98a-61a4-41ed-8af7-e08cc30c0873,SPY   260626C00766000,2026-06-22T18:00:00Z,0.060000,0.060000,0.050000,0.050000
6a0fe98a-61a4-41ed-8af7-e08cc30c0873,SPY   260626C00766000,2026-06-22T19:00:00Z,0.050000,0.050000,0.040000,0.050000
6a0fe98a-61a4-41ed-8af7-e08cc30c0873,SPY   260626C00766000,2026-06-23T14:00:00Z,0.030000,0.040000,0.030000,0.030000
6a0fe98a-61a4-41ed-8af7-e08cc30c0873,SPY   260626C00766000,2026-06-23T15:00:00Z,0.030000,0.030000,0.030000,0.030000
6a0fe98a-61a4-41ed-8af7-e08cc30c0873,SPY   260626C00766000,2026-06-23T16:00:00Z,0.030000,0.030000,0.030000,0.030000
6a0fe98a-61a4-41ed-8af7-e08cc30c0873,SPY   260626C00766000,2026-06-23T17:00:00Z,0.030000,0.030000,0.020000,0.020000
6a0fe98a-61a4-41ed-8af7-e08cc30c0873,SPY   260626C00766000,2026-06-23T18:00:00Z,0.020000,0.020000,0.020000,0.020000
6a0fe98a-61a4-41ed-8af7-e08cc30c0873,SPY   260626C00766000,2026-06-23T19:00:00Z,0.020000,0.020000,0.020000,0.020000
6a0fe98a-61a4-41ed-8af7-e08cc30c0873,SPY   260626C00766000,2026-06-24T14:00:00Z,0.020000,0.020000,0.020000,0.020000
6a0fe98a-61a4-41ed-8af7-e08cc30c0873,SPY   260626C00766000,2026-06-24T15:00:00Z,0.020000,0.030000,0.020000,0.020000
6a0fe98a-61a4-41ed-8af7-e08cc30c0873,SPY   260626C00766000,2026-06-24T16:00:00Z,0.020000,0.020000,0.020000,0.020000
6a0fe98a-61a4-41ed-8af7-e08cc30c0873,SPY   260626C00766000,2026-06-24T17:00:00Z,0.020000,0.020000,0.020000,0.020000
6a0fe98a-61a4-41ed-8af7-e08cc30c0873,SPY   260626C00766000,2026-06-24T18:00:00Z,0.020000,0.020000,0.010000,0.010000
6a0fe98a-61a4-41ed-8af7-e08cc30c0873,SPY   260626C00766000,2026-06-24T19:00:00Z,0.010000,0.010000,0.010000,0.010000
6a0fe98a-61a4-41ed-8af7-e08cc30c0873,SPY   260626C00766000,2026-06-25T14:00:00Z,0.010000,0.010000,0.010000,0.010000
6a0fe98a-61a4-41ed-8af7-e08cc30c0873,SPY   260626C00766000,2026-06-25T15:00:00Z,0.010000,0.010000,0.010000,0.010000
6a0fe98a-61a4-41ed-8af7-e08cc30c0873,SPY   260626C00766000,2026-06-25T16:00:00Z,0.010000,0.010000,0.010000,0.010000
6a0fe98a-61a4-41ed-8af7-e08cc30c0873,SPY   260626C00766000,2026-06-25T17:00:00Z,0.010000,0.010000,0.010000,0.010000
6a0fe98a-61a4-41ed-8af7-e08cc30c0873,SPY   260626C00766000,2026-06-25T18:00:00Z,0.010000,0.010000,0.010000,0.010000
6a0fe98a-61a4-41ed-8af7-e08cc30c0873,SPY   260626C00766000,2026-06-25T19:00:00Z,0.010000,0.010000,0.010000,0.010000
6a0fe98a-61a4-41ed-8af7-e08cc30c0873,SPY   260626C00766000,2026-06-26T14:00:00Z,0.010000,0.010000,0.010000,0.010000
6a0fe98a-61a4-41ed-8af7-e08cc30c0873,SPY   260626C00766000,2026-06-26T15:00:00Z,0.010000,0.010000,0.010000,0.010000
6a0fe98a-61a4-41ed-8af7-e08cc30c0873,SPY   260626C00766000,2026-06-26T16:00:00Z,0.010000,0.010000,0.010000,0.010000
6a0fe98a-61a4-41ed-8af7-e08cc30c0873,SPY   260626C00766000,2026-06-26T17:00:00Z,0.010000,0.010000,0.010000,0.010000
6a0fe98a-61a4-41ed-8af7-e08cc30c0873,SPY   260626C00766000,2026-06-26T18:00:00Z,0.010000,0.010000,0.010000,0.010000
6a0fe98a-61a4-41ed-8af7-e08cc30c0873,SPY   260626C00766000,2026-06-26T19:00:00Z,0.010000,0.010000,0.010000,0.010000
6a1fbdaf-6c54-49de-9cf9-871c6e2475a3,SPY   260109P00672000,2025-12-30T15:00:00Z,0.940000,1.120000,0.930000,0.950000
6a1fbdaf-6c54-49de-9cf9-871c6e2475a3,SPY   260109P00672000,2025-12-30T16:00:00Z,0.960000,0.960000,0.830000,0.960000
6a1fbdaf-6c54-49de-9cf9-871c6e2475a3,SPY   260109P00672000,2025-12-30T17:00:00Z,0.960000,1.010000,0.900000,0.910000
6a1fbdaf-6c54-49de-9cf9-871c6e2475a3,SPY   260109P00672000,2025-12-30T18:00:00Z,0.910000,0.970000,0.900000,0.920000
6a1fbdaf-6c54-49de-9cf9-871c6e2475a3,SPY   260109P00672000,2025-12-30T19:00:00Z,0.920000,0.960000,0.870000,0.920000
6a1fbdaf-6c54-49de-9cf9-871c6e2475a3,SPY   260109P00672000,2025-12-30T20:00:00Z,0.920000,0.990000,0.860000,0.930000
6a1fbdaf-6c54-49de-9cf9-871c6e2475a3,SPY   260109P00672000,2025-12-31T15:00:00Z,1.080000,1.380000,1.070000,1.350000
6a1fbdaf-6c54-49de-9cf9-871c6e2475a3,SPY   260109P00672000,2025-12-31T16:00:00Z,1.350000,1.350000,1.080000,1.090000
6a1fbdaf-6c54-49de-9cf9-871c6e2475a3,SPY   260109P00672000,2025-12-31T17:00:00Z,1.090000,1.220000,1.080000,1.170000
6a1fbdaf-6c54-49de-9cf9-871c6e2475a3,SPY   260109P00672000,2025-12-31T18:00:00Z,1.180000,1.180000,0.960000,0.990000
6a1fbdaf-6c54-49de-9cf9-871c6e2475a3,SPY   260109P00672000,2025-12-31T19:00:00Z,0.980000,1.070000,0.950000,1.060000
6a1fbdaf-6c54-49de-9cf9-871c6e2475a3,SPY   260109P00672000,2025-12-31T20:00:00Z,1.220000,1.610000,1.210000,1.500000
6a1fbdaf-6c54-49de-9cf9-871c6e2475a3,SPY   260109P00672000,2026-01-02T15:00:00Z,0.770000,1.690000,0.700000,1.600000
6a1fbdaf-6c54-49de-9cf9-871c6e2475a3,SPY   260109P00672000,2026-01-02T16:00:00Z,1.620000,1.830000,1.200000,1.490000
6a1fbdaf-6c54-49de-9cf9-871c6e2475a3,SPY   260109P00672000,2026-01-02T17:00:00Z,1.500000,1.600000,1.090000,1.410000
6a1fbdaf-6c54-49de-9cf9-871c6e2475a3,SPY   260109P00672000,2026-01-02T18:00:00Z,1.430000,1.740000,1.260000,1.660000
6a1fbdaf-6c54-49de-9cf9-871c6e2475a3,SPY   260109P00672000,2026-01-02T19:00:00Z,1.520000,1.520000,0.910000,0.940000
6a1fbdaf-6c54-49de-9cf9-871c6e2475a3,SPY   260109P00672000,2026-01-02T20:00:00Z,0.940000,0.960000,0.940000,0.960000
6a1fbdaf-6c54-49de-9cf9-871c6e2475a3,SPY   260109P00672000,2026-01-05T15:00:00Z,0.460000,0.480000,0.380000,0.400000
6a1fbdaf-6c54-49de-9cf9-871c6e2475a3,SPY   260109P00672000,2026-01-05T16:00:00Z,0.410000,0.410000,0.290000,0.320000
6a1fbdaf-6c54-49de-9cf9-871c6e2475a3,SPY   260109P00672000,2026-01-05T17:00:00Z,0.310000,0.340000,0.310000,0.320000
6a1fbdaf-6c54-49de-9cf9-871c6e2475a3,SPY   260109P00672000,2026-01-05T18:00:00Z,0.310000,0.360000,0.280000,0.290000
6a1fbdaf-6c54-49de-9cf9-871c6e2475a3,SPY   260109P00672000,2026-01-05T19:00:00Z,0.290000,0.350000,0.280000,0.320000
6a1fbdaf-6c54-49de-9cf9-871c6e2475a3,SPY   260109P00672000,2026-01-05T20:00:00Z,0.290000,0.300000,0.290000,0.300000
6a1fbdaf-6c54-49de-9cf9-871c6e2475a3,SPY   260109P00672000,2026-01-06T15:00:00Z,0.180000,0.280000,0.160000,0.250000
6a1fbdaf-6c54-49de-9cf9-871c6e2475a3,SPY   260109P00672000,2026-01-06T16:00:00Z,0.250000,0.290000,0.210000,0.220000
6a1fbdaf-6c54-49de-9cf9-871c6e2475a3,SPY   260109P00672000,2026-01-06T17:00:00Z,0.220000,0.230000,0.160000,0.170000
6a1fbdaf-6c54-49de-9cf9-871c6e2475a3,SPY   260109P00672000,2026-01-06T18:00:00Z,0.170000,0.170000,0.150000,0.150000
6a1fbdaf-6c54-49de-9cf9-871c6e2475a3,SPY   260109P00672000,2026-01-06T19:00:00Z,0.150000,0.150000,0.130000,0.140000
6a1fbdaf-6c54-49de-9cf9-871c6e2475a3,SPY   260109P00672000,2026-01-06T20:00:00Z,0.140000,0.140000,0.110000,0.120000
6a1fbdaf-6c54-49de-9cf9-871c6e2475a3,SPY   260109P00672000,2026-01-07T15:00:00Z,0.100000,0.100000,0.090000,0.090000
6a1fbdaf-6c54-49de-9cf9-871c6e2475a3,SPY   260109P00672000,2026-01-07T16:00:00Z,0.080000,0.080000,0.070000,0.070000
6a1fbdaf-6c54-49de-9cf9-871c6e2475a3,SPY   260109P00672000,2026-01-07T17:00:00Z,0.070000,0.070000,0.070000,0.070000
6a1fbdaf-6c54-49de-9cf9-871c6e2475a3,SPY   260109P00672000,2026-01-07T18:00:00Z,0.070000,0.080000,0.070000,0.070000
6a1fbdaf-6c54-49de-9cf9-871c6e2475a3,SPY   260109P00672000,2026-01-07T19:00:00Z,0.070000,0.080000,0.070000,0.080000
6a1fbdaf-6c54-49de-9cf9-871c6e2475a3,SPY   260109P00672000,2026-01-07T20:00:00Z,0.080000,0.140000,0.070000,0.100000
6a1fbdaf-6c54-49de-9cf9-871c6e2475a3,SPY   260109P00672000,2026-01-08T15:00:00Z,0.080000,0.100000,0.060000,0.060000
6a1fbdaf-6c54-49de-9cf9-871c6e2475a3,SPY   260109P00672000,2026-01-08T16:00:00Z,0.070000,0.070000,0.070000,0.070000
6a1fbdaf-6c54-49de-9cf9-871c6e2475a3,SPY   260109P00672000,2026-01-08T17:00:00Z,0.060000,0.070000,0.060000,0.060000
6a1fbdaf-6c54-49de-9cf9-871c6e2475a3,SPY   260109P00672000,2026-01-08T18:00:00Z,0.060000,0.090000,0.060000,0.080000
6a1fbdaf-6c54-49de-9cf9-871c6e2475a3,SPY   260109P00672000,2026-01-08T19:00:00Z,0.090000,0.110000,0.080000,0.080000
6a1fbdaf-6c54-49de-9cf9-871c6e2475a3,SPY   260109P00672000,2026-01-08T20:00:00Z,0.080000,0.080000,0.060000,0.070000
6a1fbdaf-6c54-49de-9cf9-871c6e2475a3,SPY   260109P00672000,2026-01-09T15:00:00Z,0.030000,0.030000,0.020000,0.020000
6a1fbdaf-6c54-49de-9cf9-871c6e2475a3,SPY   260109P00672000,2026-01-09T16:00:00Z,0.020000,0.020000,0.020000,0.020000
6a1fbdaf-6c54-49de-9cf9-871c6e2475a3,SPY   260109P00672000,2026-01-09T17:00:00Z,0.020000,0.020000,0.020000,0.020000
6a1fbdaf-6c54-49de-9cf9-871c6e2475a3,SPY   260109P00672000,2026-01-09T18:00:00Z,0.010000,0.010000,0.010000,0.010000
6a1fbdaf-6c54-49de-9cf9-871c6e2475a3,SPY   260109P00672000,2026-01-09T19:00:00Z,0.010000,0.010000,0.010000,0.010000
6a1fbdaf-6c54-49de-9cf9-871c6e2475a3,SPY   260109P00672000,2026-01-09T20:00:00Z,0.010000,0.010000,0.010000,0.010000
6be7f4d5-922c-4b84-ac0f-a950a31fc5e4,SPY   250926P00648000,2025-09-22T14:00:00Z,0.420000,0.440000,0.360000,0.370000
6be7f4d5-922c-4b84-ac0f-a950a31fc5e4,SPY   250926P00648000,2025-09-22T15:00:00Z,0.370000,0.400000,0.360000,0.370000
6be7f4d5-922c-4b84-ac0f-a950a31fc5e4,SPY   250926P00648000,2025-09-22T16:00:00Z,0.370000,0.370000,0.300000,0.300000
6be7f4d5-922c-4b84-ac0f-a950a31fc5e4,SPY   250926P00648000,2025-09-22T17:00:00Z,0.300000,0.320000,0.300000,0.320000
6be7f4d5-922c-4b84-ac0f-a950a31fc5e4,SPY   250926P00648000,2025-09-22T18:00:00Z,0.330000,0.340000,0.300000,0.300000
6be7f4d5-922c-4b84-ac0f-a950a31fc5e4,SPY   250926P00648000,2025-09-22T19:00:00Z,0.300000,0.370000,0.300000,0.350000
6be7f4d5-922c-4b84-ac0f-a950a31fc5e4,SPY   250926P00648000,2025-09-23T14:00:00Z,0.250000,0.250000,0.230000,0.240000
6be7f4d5-922c-4b84-ac0f-a950a31fc5e4,SPY   250926P00648000,2025-09-23T15:00:00Z,0.250000,0.260000,0.250000,0.250000
6be7f4d5-922c-4b84-ac0f-a950a31fc5e4,SPY   250926P00648000,2025-09-23T16:00:00Z,0.290000,0.310000,0.260000,0.280000
6be7f4d5-922c-4b84-ac0f-a950a31fc5e4,SPY   250926P00648000,2025-09-23T17:00:00Z,0.280000,0.390000,0.280000,0.380000
6be7f4d5-922c-4b84-ac0f-a950a31fc5e4,SPY   250926P00648000,2025-09-23T18:00:00Z,0.410000,0.520000,0.400000,0.500000
6be7f4d5-922c-4b84-ac0f-a950a31fc5e4,SPY   250926P00648000,2025-09-23T19:00:00Z,0.500000,0.520000,0.370000,0.370000
6be7f4d5-922c-4b84-ac0f-a950a31fc5e4,SPY   250926P00648000,2025-09-24T14:00:00Z,0.260000,0.290000,0.200000,0.210000
6be7f4d5-922c-4b84-ac0f-a950a31fc5e4,SPY   250926P00648000,2025-09-24T15:00:00Z,0.210000,0.410000,0.210000,0.380000
6be7f4d5-922c-4b84-ac0f-a950a31fc5e4,SPY   250926P00648000,2025-09-24T16:00:00Z,0.380000,0.430000,0.270000,0.310000
6be7f4d5-922c-4b84-ac0f-a950a31fc5e4,SPY   250926P00648000,2025-09-24T17:00:00Z,0.310000,0.320000,0.210000,0.280000
6be7f4d5-922c-4b84-ac0f-a950a31fc5e4,SPY   250926P00648000,2025-09-24T18:00:00Z,0.280000,0.310000,0.220000,0.220000
6be7f4d5-922c-4b84-ac0f-a950a31fc5e4,SPY   250926P00648000,2025-09-24T19:00:00Z,0.220000,0.220000,0.180000,0.180000
6be7f4d5-922c-4b84-ac0f-a950a31fc5e4,SPY   250926P00648000,2025-09-25T14:00:00Z,0.460000,0.500000,0.160000,0.160000
6be7f4d5-922c-4b84-ac0f-a950a31fc5e4,SPY   250926P00648000,2025-09-25T15:00:00Z,0.160000,0.230000,0.140000,0.150000
6be7f4d5-922c-4b84-ac0f-a950a31fc5e4,SPY   250926P00648000,2025-09-25T16:00:00Z,0.150000,0.210000,0.130000,0.190000
6be7f4d5-922c-4b84-ac0f-a950a31fc5e4,SPY   250926P00648000,2025-09-25T17:00:00Z,0.190000,0.370000,0.150000,0.360000
6be7f4d5-922c-4b84-ac0f-a950a31fc5e4,SPY   250926P00648000,2025-09-25T18:00:00Z,0.360000,0.570000,0.220000,0.230000
6be7f4d5-922c-4b84-ac0f-a950a31fc5e4,SPY   250926P00648000,2025-09-25T19:00:00Z,0.170000,0.210000,0.130000,0.130000
6be7f4d5-922c-4b84-ac0f-a950a31fc5e4,SPY   250926P00648000,2025-09-26T14:00:00Z,0.040000,0.060000,0.040000,0.040000
6be7f4d5-922c-4b84-ac0f-a950a31fc5e4,SPY   250926P00648000,2025-09-26T15:00:00Z,0.040000,0.040000,0.030000,0.030000
6be7f4d5-922c-4b84-ac0f-a950a31fc5e4,SPY   250926P00648000,2025-09-26T16:00:00Z,0.030000,0.030000,0.030000,0.030000
6be7f4d5-922c-4b84-ac0f-a950a31fc5e4,SPY   250926P00648000,2025-09-26T17:00:00Z,0.020000,0.020000,0.020000,0.020000
6be7f4d5-922c-4b84-ac0f-a950a31fc5e4,SPY   250926P00648000,2025-09-26T18:00:00Z,0.020000,0.020000,0.020000,0.020000
6be7f4d5-922c-4b84-ac0f-a950a31fc5e4,SPY   250926P00648000,2025-09-26T19:00:00Z,0.020000,0.020000,0.010000,0.010000
6c9246c8-79c8-4152-823d-d57d0a20911f,SPY   260508P00707000,2026-05-04T14:00:00Z,1.130000,1.250000,0.910000,1.090000
6c9246c8-79c8-4152-823d-d57d0a20911f,SPY   260508P00707000,2026-05-04T15:00:00Z,1.260000,2.060000,1.250000,1.980000
6c9246c8-79c8-4152-823d-d57d0a20911f,SPY   260508P00707000,2026-05-04T16:00:00Z,2.510000,2.680000,2.280000,2.580000
6c9246c8-79c8-4152-823d-d57d0a20911f,SPY   260508P00707000,2026-05-04T17:00:00Z,2.310000,2.320000,1.630000,1.730000
6c9246c8-79c8-4152-823d-d57d0a20911f,SPY   260508P00707000,2026-05-04T18:00:00Z,1.730000,2.060000,1.540000,1.950000
6c9246c8-79c8-4152-823d-d57d0a20911f,SPY   260508P00707000,2026-05-04T19:00:00Z,1.810000,1.910000,1.590000,1.710000
6c9246c8-79c8-4152-823d-d57d0a20911f,SPY   260508P00707000,2026-05-05T14:00:00Z,0.630000,0.740000,0.550000,0.620000
6c9246c8-79c8-4152-823d-d57d0a20911f,SPY   260508P00707000,2026-05-05T15:00:00Z,0.620000,0.650000,0.580000,0.630000
6c9246c8-79c8-4152-823d-d57d0a20911f,SPY   260508P00707000,2026-05-05T16:00:00Z,0.630000,0.630000,0.540000,0.560000
6c9246c8-79c8-4152-823d-d57d0a20911f,SPY   260508P00707000,2026-05-05T17:00:00Z,0.560000,0.570000,0.450000,0.450000
6c9246c8-79c8-4152-823d-d57d0a20911f,SPY   260508P00707000,2026-05-05T18:00:00Z,0.450000,0.450000,0.450000,0.450000
6c9246c8-79c8-4152-823d-d57d0a20911f,SPY   260508P00707000,2026-05-05T19:00:00Z,0.420000,0.480000,0.400000,0.470000
6c9246c8-79c8-4152-823d-d57d0a20911f,SPY   260508P00707000,2026-05-06T14:00:00Z,0.190000,0.230000,0.160000,0.170000
6c9246c8-79c8-4152-823d-d57d0a20911f,SPY   260508P00707000,2026-05-06T15:00:00Z,0.170000,0.230000,0.170000,0.190000
6c9246c8-79c8-4152-823d-d57d0a20911f,SPY   260508P00707000,2026-05-06T16:00:00Z,0.190000,0.200000,0.180000,0.180000
6c9246c8-79c8-4152-823d-d57d0a20911f,SPY   260508P00707000,2026-05-06T17:00:00Z,0.180000,0.180000,0.130000,0.130000
6c9246c8-79c8-4152-823d-d57d0a20911f,SPY   260508P00707000,2026-05-06T18:00:00Z,0.130000,0.140000,0.120000,0.140000
6c9246c8-79c8-4152-823d-d57d0a20911f,SPY   260508P00707000,2026-05-06T19:00:00Z,0.140000,0.140000,0.100000,0.110000
6c9246c8-79c8-4152-823d-d57d0a20911f,SPY   260508P00707000,2026-05-07T14:00:00Z,0.070000,0.070000,0.060000,0.060000
6c9246c8-79c8-4152-823d-d57d0a20911f,SPY   260508P00707000,2026-05-07T15:00:00Z,0.060000,0.060000,0.050000,0.060000
6c9246c8-79c8-4152-823d-d57d0a20911f,SPY   260508P00707000,2026-05-07T16:00:00Z,0.060000,0.090000,0.060000,0.090000
6c9246c8-79c8-4152-823d-d57d0a20911f,SPY   260508P00707000,2026-05-07T17:00:00Z,0.090000,0.110000,0.070000,0.070000
6c9246c8-79c8-4152-823d-d57d0a20911f,SPY   260508P00707000,2026-05-07T18:00:00Z,0.070000,0.080000,0.060000,0.060000
6c9246c8-79c8-4152-823d-d57d0a20911f,SPY   260508P00707000,2026-05-07T19:00:00Z,0.060000,0.080000,0.040000,0.050000
6c9246c8-79c8-4152-823d-d57d0a20911f,SPY   260508P00707000,2026-05-08T14:00:00Z,0.060000,0.060000,0.020000,0.020000
6c9246c8-79c8-4152-823d-d57d0a20911f,SPY   260508P00707000,2026-05-08T15:00:00Z,0.020000,0.020000,0.020000,0.020000
6c9246c8-79c8-4152-823d-d57d0a20911f,SPY   260508P00707000,2026-05-08T16:00:00Z,0.020000,0.020000,0.020000,0.020000
6c9246c8-79c8-4152-823d-d57d0a20911f,SPY   260508P00707000,2026-05-08T17:00:00Z,0.020000,0.020000,0.020000,0.020000
6c9246c8-79c8-4152-823d-d57d0a20911f,SPY   260508P00707000,2026-05-08T18:00:00Z,0.020000,0.020000,0.020000,0.020000
6c9246c8-79c8-4152-823d-d57d0a20911f,SPY   260508P00707000,2026-05-08T19:00:00Z,0.020000,0.020000,0.010000,0.010000
6cf72ecd-3de7-4e93-b5df-076889c5b55e,SPY   260626P00730000,2026-06-15T14:00:00Z,1.700000,1.810000,1.570000,1.600000
6cf72ecd-3de7-4e93-b5df-076889c5b55e,SPY   260626P00730000,2026-06-15T15:00:00Z,1.590000,1.600000,1.590000,1.600000
6cf72ecd-3de7-4e93-b5df-076889c5b55e,SPY   260626P00730000,2026-06-15T16:00:00Z,1.470000,1.470000,1.330000,1.370000
6cf72ecd-3de7-4e93-b5df-076889c5b55e,SPY   260626P00730000,2026-06-15T17:00:00Z,1.370000,1.570000,1.340000,1.550000
6cf72ecd-3de7-4e93-b5df-076889c5b55e,SPY   260626P00730000,2026-06-15T18:00:00Z,1.540000,1.630000,1.470000,1.490000
6cf72ecd-3de7-4e93-b5df-076889c5b55e,SPY   260626P00730000,2026-06-15T19:00:00Z,1.490000,1.700000,1.480000,1.690000
6cf72ecd-3de7-4e93-b5df-076889c5b55e,SPY   260626P00730000,2026-06-16T14:00:00Z,1.450000,1.490000,1.440000,1.480000
6cf72ecd-3de7-4e93-b5df-076889c5b55e,SPY   260626P00730000,2026-06-16T15:00:00Z,1.550000,1.550000,1.490000,1.510000
6cf72ecd-3de7-4e93-b5df-076889c5b55e,SPY   260626P00730000,2026-06-16T16:00:00Z,1.530000,1.540000,1.520000,1.540000
6cf72ecd-3de7-4e93-b5df-076889c5b55e,SPY   260626P00730000,2026-06-16T17:00:00Z,1.560000,1.670000,1.540000,1.630000
6cf72ecd-3de7-4e93-b5df-076889c5b55e,SPY   260626P00730000,2026-06-16T18:00:00Z,1.640000,1.730000,1.580000,1.710000
6cf72ecd-3de7-4e93-b5df-076889c5b55e,SPY   260626P00730000,2026-06-16T19:00:00Z,1.710000,2.070000,1.710000,1.870000
6cf72ecd-3de7-4e93-b5df-076889c5b55e,SPY   260626P00730000,2026-06-17T14:00:00Z,2.120000,2.550000,1.710000,2.260000
6cf72ecd-3de7-4e93-b5df-076889c5b55e,SPY   260626P00730000,2026-06-17T15:00:00Z,2.260000,2.350000,1.930000,1.980000
6cf72ecd-3de7-4e93-b5df-076889c5b55e,SPY   260626P00730000,2026-06-17T16:00:00Z,1.980000,2.120000,1.920000,2.090000
6cf72ecd-3de7-4e93-b5df-076889c5b55e,SPY   260626P00730000,2026-06-17T17:00:00Z,2.090000,2.300000,1.880000,2.000000
6cf72ecd-3de7-4e93-b5df-076889c5b55e,SPY   260626P00730000,2026-06-17T18:00:00Z,2.000000,3.390000,1.880000,2.780000
6cf72ecd-3de7-4e93-b5df-076889c5b55e,SPY   260626P00730000,2026-06-17T19:00:00Z,2.750000,5.110000,2.440000,4.450000
6cf72ecd-3de7-4e93-b5df-076889c5b55e,SPY   260626P00730000,2026-06-18T14:00:00Z,2.220000,2.390000,1.640000,1.710000
6cf72ecd-3de7-4e93-b5df-076889c5b55e,SPY   260626P00730000,2026-06-18T15:00:00Z,1.670000,1.890000,1.640000,1.830000
6cf72ecd-3de7-4e93-b5df-076889c5b55e,SPY   260626P00730000,2026-06-18T16:00:00Z,1.650000,1.660000,1.640000,1.660000
6cf72ecd-3de7-4e93-b5df-076889c5b55e,SPY   260626P00730000,2026-06-18T17:00:00Z,1.590000,1.640000,1.370000,1.480000
6cf72ecd-3de7-4e93-b5df-076889c5b55e,SPY   260626P00730000,2026-06-18T18:00:00Z,1.520000,1.620000,1.490000,1.520000
6cf72ecd-3de7-4e93-b5df-076889c5b55e,SPY   260626P00730000,2026-06-18T19:00:00Z,1.520000,1.810000,1.290000,1.320000
6cf72ecd-3de7-4e93-b5df-076889c5b55e,SPY   260626P00730000,2026-06-22T14:00:00Z,0.630000,1.930000,0.610000,1.570000
6cf72ecd-3de7-4e93-b5df-076889c5b55e,SPY   260626P00730000,2026-06-22T15:00:00Z,1.430000,1.580000,1.430000,1.540000
6cf72ecd-3de7-4e93-b5df-076889c5b55e,SPY   260626P00730000,2026-06-22T16:00:00Z,1.450000,1.680000,1.230000,1.280000
6cf72ecd-3de7-4e93-b5df-076889c5b55e,SPY   260626P00730000,2026-06-22T17:00:00Z,1.280000,1.360000,1.270000,1.360000
6cf72ecd-3de7-4e93-b5df-076889c5b55e,SPY   260626P00730000,2026-06-22T18:00:00Z,1.240000,1.520000,1.050000,1.500000
6cf72ecd-3de7-4e93-b5df-076889c5b55e,SPY   260626P00730000,2026-06-22T19:00:00Z,1.490000,1.610000,1.280000,1.360000
6cf72ecd-3de7-4e93-b5df-076889c5b55e,SPY   260626P00730000,2026-06-23T14:00:00Z,3.180000,3.240000,2.440000,3.070000
6cf72ecd-3de7-4e93-b5df-076889c5b55e,SPY   260626P00730000,2026-06-23T15:00:00Z,3.870000,3.990000,3.860000,3.980000
6cf72ecd-3de7-4e93-b5df-076889c5b55e,SPY   260626P00730000,2026-06-23T16:00:00Z,3.190000,3.230000,2.530000,2.590000
6cf72ecd-3de7-4e93-b5df-076889c5b55e,SPY   260626P00730000,2026-06-23T17:00:00Z,2.670000,2.800000,2.400000,2.430000
6cf72ecd-3de7-4e93-b5df-076889c5b55e,SPY   260626P00730000,2026-06-23T18:00:00Z,3.000000,4.080000,2.730000,3.750000
6cf72ecd-3de7-4e93-b5df-076889c5b55e,SPY   260626P00730000,2026-06-23T19:00:00Z,3.740000,3.860000,3.110000,3.440000
6cf72ecd-3de7-4e93-b5df-076889c5b55e,SPY   260626P00730000,2026-06-24T14:00:00Z,1.630000,1.650000,1.620000,1.630000
6cf72ecd-3de7-4e93-b5df-076889c5b55e,SPY   260626P00730000,2026-06-24T15:00:00Z,1.590000,1.670000,1.270000,1.470000
6cf72ecd-3de7-4e93-b5df-076889c5b55e,SPY   260626P00730000,2026-06-24T16:00:00Z,1.580000,1.690000,1.430000,1.550000
6cf72ecd-3de7-4e93-b5df-076889c5b55e,SPY   260626P00730000,2026-06-24T17:00:00Z,4.120000,4.120000,3.980000,4.060000
6cf72ecd-3de7-4e93-b5df-076889c5b55e,SPY   260626P00730000,2026-06-24T18:00:00Z,3.540000,3.670000,2.720000,2.850000
6cf72ecd-3de7-4e93-b5df-076889c5b55e,SPY   260626P00730000,2026-06-24T19:00:00Z,3.860000,4.470000,3.430000,3.490000
6cf72ecd-3de7-4e93-b5df-076889c5b55e,SPY   260626P00730000,2026-06-25T14:00:00Z,4.100000,4.110000,1.990000,2.240000
6cf72ecd-3de7-4e93-b5df-076889c5b55e,SPY   260626P00730000,2026-06-25T15:00:00Z,1.760000,2.190000,1.370000,2.120000
6cf72ecd-3de7-4e93-b5df-076889c5b55e,SPY   260626P00730000,2026-06-25T16:00:00Z,1.860000,2.760000,1.280000,2.230000
6cf72ecd-3de7-4e93-b5df-076889c5b55e,SPY   260626P00730000,2026-06-25T17:00:00Z,2.130000,2.170000,2.090000,2.130000
6cf72ecd-3de7-4e93-b5df-076889c5b55e,SPY   260626P00730000,2026-06-25T18:00:00Z,2.330000,2.330000,1.090000,1.430000
6cf72ecd-3de7-4e93-b5df-076889c5b55e,SPY   260626P00730000,2026-06-25T19:00:00Z,2.130000,2.130000,1.970000,1.970000
6cf72ecd-3de7-4e93-b5df-076889c5b55e,SPY   260626P00730000,2026-06-26T14:00:00Z,1.100000,1.430000,0.760000,0.850000
6cf72ecd-3de7-4e93-b5df-076889c5b55e,SPY   260626P00730000,2026-06-26T15:00:00Z,0.400000,0.500000,0.250000,0.290000
6cf72ecd-3de7-4e93-b5df-076889c5b55e,SPY   260626P00730000,2026-06-26T16:00:00Z,0.630000,0.650000,0.470000,0.470000
6cf72ecd-3de7-4e93-b5df-076889c5b55e,SPY   260626P00730000,2026-06-26T17:00:00Z,0.240000,0.290000,0.120000,0.190000
6cf72ecd-3de7-4e93-b5df-076889c5b55e,SPY   260626P00730000,2026-06-26T18:00:00Z,0.190000,0.570000,0.100000,0.460000
6cf72ecd-3de7-4e93-b5df-076889c5b55e,SPY   260626P00730000,2026-06-26T19:00:00Z,0.450000,0.480000,0.030000,0.030000
6e4c5079-5ab8-415a-b03e-5a6ebfa98138,SPY   251121C00685000,2025-11-17T15:00:00Z,1.300000,1.350000,0.960000,0.980000
6e4c5079-5ab8-415a-b03e-5a6ebfa98138,SPY   251121C00685000,2025-11-17T16:00:00Z,0.980000,1.220000,0.710000,1.210000
6e4c5079-5ab8-415a-b03e-5a6ebfa98138,SPY   251121C00685000,2025-11-17T17:00:00Z,1.210000,1.220000,0.770000,0.770000
6e4c5079-5ab8-415a-b03e-5a6ebfa98138,SPY   251121C00685000,2025-11-17T18:00:00Z,0.780000,0.810000,0.550000,0.550000
6e4c5079-5ab8-415a-b03e-5a6ebfa98138,SPY   251121C00685000,2025-11-17T19:00:00Z,0.550000,0.560000,0.410000,0.420000
6e4c5079-5ab8-415a-b03e-5a6ebfa98138,SPY   251121C00685000,2025-11-17T20:00:00Z,0.340000,0.430000,0.330000,0.410000
6e4c5079-5ab8-415a-b03e-5a6ebfa98138,SPY   251121C00685000,2025-11-18T15:00:00Z,0.220000,0.250000,0.200000,0.240000
6e4c5079-5ab8-415a-b03e-5a6ebfa98138,SPY   251121C00685000,2025-11-18T16:00:00Z,0.160000,0.210000,0.160000,0.190000
6e4c5079-5ab8-415a-b03e-5a6ebfa98138,SPY   251121C00685000,2025-11-18T17:00:00Z,0.190000,0.270000,0.140000,0.250000
6e4c5079-5ab8-415a-b03e-5a6ebfa98138,SPY   251121C00685000,2025-11-18T18:00:00Z,0.250000,0.270000,0.250000,0.270000
6e4c5079-5ab8-415a-b03e-5a6ebfa98138,SPY   251121C00685000,2025-11-18T19:00:00Z,0.220000,0.280000,0.200000,0.260000
6e4c5079-5ab8-415a-b03e-5a6ebfa98138,SPY   251121C00685000,2025-11-18T20:00:00Z,0.210000,0.220000,0.210000,0.210000
6e4c5079-5ab8-415a-b03e-5a6ebfa98138,SPY   251121C00685000,2025-11-19T15:00:00Z,0.150000,0.150000,0.140000,0.140000
6e4c5079-5ab8-415a-b03e-5a6ebfa98138,SPY   251121C00685000,2025-11-19T16:00:00Z,0.130000,0.130000,0.110000,0.110000
6e4c5079-5ab8-415a-b03e-5a6ebfa98138,SPY   251121C00685000,2025-11-19T17:00:00Z,0.130000,0.130000,0.100000,0.110000
6e4c5079-5ab8-415a-b03e-5a6ebfa98138,SPY   251121C00685000,2025-11-19T18:00:00Z,0.130000,0.150000,0.130000,0.140000
6e4c5079-5ab8-415a-b03e-5a6ebfa98138,SPY   251121C00685000,2025-11-19T19:00:00Z,0.140000,0.140000,0.100000,0.110000
6e4c5079-5ab8-415a-b03e-5a6ebfa98138,SPY   251121C00685000,2025-11-19T20:00:00Z,0.100000,0.110000,0.100000,0.110000
6e4c5079-5ab8-415a-b03e-5a6ebfa98138,SPY   251121C00685000,2025-11-20T15:00:00Z,0.160000,0.180000,0.080000,0.080000
6e4c5079-5ab8-415a-b03e-5a6ebfa98138,SPY   251121C00685000,2025-11-20T16:00:00Z,0.080000,0.080000,0.040000,0.050000
6e4c5079-5ab8-415a-b03e-5a6ebfa98138,SPY   251121C00685000,2025-11-20T17:00:00Z,0.050000,0.070000,0.040000,0.040000
6e4c5079-5ab8-415a-b03e-5a6ebfa98138,SPY   251121C00685000,2025-11-20T18:00:00Z,0.040000,0.050000,0.030000,0.030000
6e4c5079-5ab8-415a-b03e-5a6ebfa98138,SPY   251121C00685000,2025-11-20T19:00:00Z,0.030000,0.030000,0.030000,0.030000
6e4c5079-5ab8-415a-b03e-5a6ebfa98138,SPY   251121C00685000,2025-11-20T20:00:00Z,0.030000,0.030000,0.020000,0.020000
6e4c5079-5ab8-415a-b03e-5a6ebfa98138,SPY   251121C00685000,2025-11-21T15:00:00Z,0.010000,0.010000,0.010000,0.010000
6e4c5079-5ab8-415a-b03e-5a6ebfa98138,SPY   251121C00685000,2025-11-21T16:00:00Z,0.010000,0.010000,0.010000,0.010000
6e4c5079-5ab8-415a-b03e-5a6ebfa98138,SPY   251121C00685000,2025-11-21T17:00:00Z,0.010000,0.010000,0.010000,0.010000
6e4c5079-5ab8-415a-b03e-5a6ebfa98138,SPY   251121C00685000,2025-11-21T18:00:00Z,0.010000,0.010000,0.010000,0.010000
6e4c5079-5ab8-415a-b03e-5a6ebfa98138,SPY   251121C00685000,2025-11-21T19:00:00Z,0.010000,0.010000,0.010000,0.010000
6e4c5079-5ab8-415a-b03e-5a6ebfa98138,SPY   251121C00685000,2025-11-21T20:00:00Z,0.010000,0.010000,0.010000,0.010000
6f1f467c-fa87-449c-9e09-af860958b2c3,SPY   260911C00772000,2026-09-08T14:00:00Z,1.860000,1.910000,1.480000,1.840000
6f1f467c-fa87-449c-9e09-af860958b2c3,SPY   260911C00772000,2026-09-08T15:00:00Z,1.860000,1.890000,1.820000,1.820000
6f1f467c-fa87-449c-9e09-af860958b2c3,SPY   260911C00772000,2026-09-08T16:00:00Z,1.700000,1.830000,1.430000,1.530000
6f1f467c-fa87-449c-9e09-af860958b2c3,SPY   260911C00772000,2026-09-08T17:00:00Z,1.520000,1.890000,1.520000,1.640000
6f1f467c-fa87-449c-9e09-af860958b2c3,SPY   260911C00772000,2026-09-08T18:00:00Z,1.640000,1.770000,1.590000,1.620000
6f1f467c-fa87-449c-9e09-af860958b2c3,SPY   260911C00772000,2026-09-08T19:00:00Z,1.520000,1.540000,1.250000,1.280000
6f1f467c-fa87-449c-9e09-af860958b2c3,SPY   260911C00772000,2026-09-09T14:00:00Z,0.640000,0.640000,0.640000,0.640000
6f1f467c-fa87-449c-9e09-af860958b2c3,SPY   260911C00772000,2026-09-09T15:00:00Z,0.660000,0.750000,0.430000,0.460000
6f1f467c-fa87-449c-9e09-af860958b2c3,SPY   260911C00772000,2026-09-09T16:00:00Z,0.450000,0.500000,0.370000,0.460000
6f1f467c-fa87-449c-9e09-af860958b2c3,SPY   260911C00772000,2026-09-09T17:00:00Z,0.460000,0.550000,0.450000,0.500000
6f1f467c-fa87-449c-9e09-af860958b2c3,SPY   260911C00772000,2026-09-09T18:00:00Z,0.500000,0.530000,0.430000,0.470000
6f1f467c-fa87-449c-9e09-af860958b2c3,SPY   260911C00772000,2026-09-09T19:00:00Z,0.470000,0.520000,0.390000,0.430000
6f1f467c-fa87-449c-9e09-af860958b2c3,SPY   260911C00772000,2026-09-10T14:00:00Z,0.070000,0.110000,0.070000,0.100000
6f1f467c-fa87-449c-9e09-af860958b2c3,SPY   260911C00772000,2026-09-10T15:00:00Z,0.110000,0.120000,0.090000,0.090000
6f1f467c-fa87-449c-9e09-af860958b2c3,SPY   260911C00772000,2026-09-10T16:00:00Z,0.090000,0.100000,0.090000,0.090000
6f1f467c-fa87-449c-9e09-af860958b2c3,SPY   260911C00772000,2026-09-10T17:00:00Z,0.110000,0.140000,0.100000,0.100000
6f1f467c-fa87-449c-9e09-af860958b2c3,SPY   260911C00772000,2026-09-10T18:00:00Z,0.100000,0.100000,0.080000,0.080000
6f1f467c-fa87-449c-9e09-af860958b2c3,SPY   260911C00772000,2026-09-10T19:00:00Z,0.080000,0.080000,0.060000,0.060000
6f1f467c-fa87-449c-9e09-af860958b2c3,SPY   260911C00772000,2026-09-11T14:00:00Z,0.060000,0.060000,0.040000,0.040000
6f1f467c-fa87-449c-9e09-af860958b2c3,SPY   260911C00772000,2026-09-11T15:00:00Z,0.030000,0.030000,0.020000,0.020000
6f1f467c-fa87-449c-9e09-af860958b2c3,SPY   260911C00772000,2026-09-11T16:00:00Z,0.020000,0.020000,0.020000,0.020000
6f1f467c-fa87-449c-9e09-af860958b2c3,SPY   260911C00772000,2026-09-11T17:00:00Z,0.020000,0.020000,0.020000,0.020000
6f1f467c-fa87-449c-9e09-af860958b2c3,SPY   260911C00772000,2026-09-11T18:00:00Z,0.020000,0.020000,0.020000,0.020000
6f1f467c-fa87-449c-9e09-af860958b2c3,SPY   260911C00772000,2026-09-11T19:00:00Z,0.020000,0.020000,0.010000,0.010000
72b01d74-867f-4025-a547-2f13b77d0825,SPY   260508C00735000,2026-05-04T14:00:00Z,0.320000,0.370000,0.270000,0.300000
72b01d74-867f-4025-a547-2f13b77d0825,SPY   260508C00735000,2026-05-04T15:00:00Z,0.260000,0.270000,0.170000,0.180000
72b01d74-867f-4025-a547-2f13b77d0825,SPY   260508C00735000,2026-05-04T16:00:00Z,0.160000,0.160000,0.150000,0.150000
72b01d74-867f-4025-a547-2f13b77d0825,SPY   260508C00735000,2026-05-04T17:00:00Z,0.160000,0.190000,0.150000,0.180000
72b01d74-867f-4025-a547-2f13b77d0825,SPY   260508C00735000,2026-05-04T18:00:00Z,0.180000,0.180000,0.110000,0.110000
72b01d74-867f-4025-a547-2f13b77d0825,SPY   260508C00735000,2026-05-04T19:00:00Z,0.090000,0.110000,0.070000,0.080000
72b01d74-867f-4025-a547-2f13b77d0825,SPY   260508C00735000,2026-05-05T14:00:00Z,0.200000,0.250000,0.170000,0.210000
72b01d74-867f-4025-a547-2f13b77d0825,SPY   260508C00735000,2026-05-05T15:00:00Z,0.210000,0.230000,0.200000,0.210000
72b01d74-867f-4025-a547-2f13b77d0825,SPY   260508C00735000,2026-05-05T16:00:00Z,0.210000,0.250000,0.210000,0.210000
72b01d74-867f-4025-a547-2f13b77d0825,SPY   260508C00735000,2026-05-05T17:00:00Z,0.210000,0.230000,0.190000,0.220000
72b01d74-867f-4025-a547-2f13b77d0825,SPY   260508C00735000,2026-05-05T18:00:00Z,0.220000,0.240000,0.220000,0.230000
72b01d74-867f-4025-a547-2f13b77d0825,SPY   260508C00735000,2026-05-05T19:00:00Z,0.220000,0.280000,0.180000,0.180000
72b01d74-867f-4025-a547-2f13b77d0825,SPY   260508C00735000,2026-05-06T14:00:00Z,0.910000,1.640000,0.760000,1.610000
72b01d74-867f-4025-a547-2f13b77d0825,SPY   260508C00735000,2026-05-06T15:00:00Z,1.610000,1.800000,1.290000,1.460000
72b01d74-867f-4025-a547-2f13b77d0825,SPY   260508C00735000,2026-05-06T16:00:00Z,1.460000,1.600000,1.160000,1.240000
72b01d74-867f-4025-a547-2f13b77d0825,SPY   260508C00735000,2026-05-06T17:00:00Z,1.230000,1.500000,1.170000,1.490000
72b01d74-867f-4025-a547-2f13b77d0825,SPY   260508C00735000,2026-05-06T18:00:00Z,1.500000,2.100000,1.470000,1.900000
72b01d74-867f-4025-a547-2f13b77d0825,SPY   260508C00735000,2026-05-06T19:00:00Z,1.890000,2.730000,1.880000,2.650000
72b01d74-867f-4025-a547-2f13b77d0825,SPY   260508C00735000,2026-05-07T14:00:00Z,2.030000,3.040000,2.010000,3.030000
72b01d74-867f-4025-a547-2f13b77d0825,SPY   260508C00735000,2026-05-07T15:00:00Z,2.620000,2.640000,2.600000,2.640000
72b01d74-867f-4025-a547-2f13b77d0825,SPY   260508C00735000,2026-05-07T16:00:00Z,1.950000,1.950000,1.140000,1.230000
72b01d74-867f-4025-a547-2f13b77d0825,SPY   260508C00735000,2026-05-07T17:00:00Z,1.240000,1.350000,0.700000,1.020000
72b01d74-867f-4025-a547-2f13b77d0825,SPY   260508C00735000,2026-05-07T18:00:00Z,1.030000,1.130000,0.570000,0.790000
72b01d74-867f-4025-a547-2f13b77d0825,SPY   260508C00735000,2026-05-07T19:00:00Z,0.790000,0.890000,0.540000,0.630000
72b01d74-867f-4025-a547-2f13b77d0825,SPY   260508C00735000,2026-05-08T14:00:00Z,2.300000,3.000000,1.990000,2.620000
72b01d74-867f-4025-a547-2f13b77d0825,SPY   260508C00735000,2026-05-08T15:00:00Z,2.410000,2.740000,2.040000,2.400000
72b01d74-867f-4025-a547-2f13b77d0825,SPY   260508C00735000,2026-05-08T16:00:00Z,2.350000,2.930000,2.230000,2.260000
72b01d74-867f-4025-a547-2f13b77d0825,SPY   260508C00735000,2026-05-08T17:00:00Z,2.250000,3.030000,2.190000,2.350000
72b01d74-867f-4025-a547-2f13b77d0825,SPY   260508C00735000,2026-05-08T18:00:00Z,2.340000,3.030000,1.490000,1.650000
72b01d74-867f-4025-a547-2f13b77d0825,SPY   260508C00735000,2026-05-08T19:00:00Z,1.630000,2.540000,1.610000,2.350000
744f8202-acb2-4e67-926f-3a2c2070a35d,SPY   260731P00732000,2026-07-27T14:00:00Z,2.710000,4.810000,2.690000,3.310000
744f8202-acb2-4e67-926f-3a2c2070a35d,SPY   260731P00732000,2026-07-27T15:00:00Z,3.300000,4.670000,3.100000,4.070000
744f8202-acb2-4e67-926f-3a2c2070a35d,SPY   260731P00732000,2026-07-27T16:00:00Z,4.040000,4.440000,3.330000,4.240000
744f8202-acb2-4e67-926f-3a2c2070a35d,SPY   260731P00732000,2026-07-27T17:00:00Z,4.230000,4.770000,3.890000,3.900000
744f8202-acb2-4e67-926f-3a2c2070a35d,SPY   260731P00732000,2026-07-27T18:00:00Z,3.870000,4.390000,3.380000,3.460000
744f8202-acb2-4e67-926f-3a2c2070a35d,SPY   260731P00732000,2026-07-27T19:00:00Z,3.460000,3.660000,3.140000,3.350000
744f8202-acb2-4e67-926f-3a2c2070a35d,SPY   260731P00732000,2026-07-28T14:00:00Z,4.070000,4.070000,2.600000,3.000000
744f8202-acb2-4e67-926f-3a2c2070a35d,SPY   260731P00732000,2026-07-28T15:00:00Z,3.000000,3.240000,1.970000,2.060000
744f8202-acb2-4e67-926f-3a2c2070a35d,SPY   260731P00732000,2026-07-28T16:00:00Z,2.060000,2.370000,1.920000,1.950000
744f8202-acb2-4e67-926f-3a2c2070a35d,SPY   260731P00732000,2026-07-28T17:00:00Z,1.950000,2.530000,1.930000,2.320000
744f8202-acb2-4e67-926f-3a2c2070a35d,SPY   260731P00732000,2026-07-28T18:00:00Z,2.310000,2.550000,2.160000,2.200000
744f8202-acb2-4e67-926f-3a2c2070a35d,SPY   260731P00732000,2026-07-28T19:00:00Z,2.190000,2.280000,2.090000,2.230000
744f8202-acb2-4e67-926f-3a2c2070a35d,SPY   260731P00732000,2026-07-29T14:00:00Z,3.320000,4.750000,3.010000,4.310000
744f8202-acb2-4e67-926f-3a2c2070a35d,SPY   260731P00732000,2026-07-29T15:00:00Z,4.300000,5.020000,3.850000,4.600000
744f8202-acb2-4e67-926f-3a2c2070a35d,SPY   260731P00732000,2026-07-29T16:00:00Z,4.580000,5.590000,4.130000,4.130000
744f8202-acb2-4e67-926f-3a2c2070a35d,SPY   260731P00732000,2026-07-29T17:00:00Z,4.070000,4.220000,3.320000,3.600000
744f8202-acb2-4e67-926f-3a2c2070a35d,SPY   260731P00732000,2026-07-29T18:00:00Z,3.020000,3.360000,1.280000,1.410000
744f8202-acb2-4e67-926f-3a2c2070a35d,SPY   260731P00732000,2026-07-29T19:00:00Z,1.410000,6.330000,1.310000,6.110000
744f8202-acb2-4e67-926f-3a2c2070a35d,SPY   260731P00732000,2026-07-30T14:00:00Z,1.320000,2.180000,1.130000,1.960000
744f8202-acb2-4e67-926f-3a2c2070a35d,SPY   260731P00732000,2026-07-30T15:00:00Z,1.950000,2.550000,1.490000,1.610000
744f8202-acb2-4e67-926f-3a2c2070a35d,SPY   260731P00732000,2026-07-30T16:00:00Z,1.610000,1.680000,1.100000,1.130000
744f8202-acb2-4e67-926f-3a2c2070a35d,SPY   260731P00732000,2026-07-30T17:00:00Z,1.130000,1.130000,0.770000,0.850000
744f8202-acb2-4e67-926f-3a2c2070a35d,SPY   260731P00732000,2026-07-30T18:00:00Z,0.850000,0.870000,0.630000,0.640000
744f8202-acb2-4e67-926f-3a2c2070a35d,SPY   260731P00732000,2026-07-30T19:00:00Z,0.640000,0.640000,0.430000,0.470000
744f8202-acb2-4e67-926f-3a2c2070a35d,SPY   260731P00732000,2026-07-31T14:00:00Z,0.170000,0.650000,0.080000,0.080000
744f8202-acb2-4e67-926f-3a2c2070a35d,SPY   260731P00732000,2026-07-31T15:00:00Z,0.080000,0.160000,0.040000,0.040000
744f8202-acb2-4e67-926f-3a2c2070a35d,SPY   260731P00732000,2026-07-31T16:00:00Z,0.040000,0.060000,0.030000,0.030000
744f8202-acb2-4e67-926f-3a2c2070a35d,SPY   260731P00732000,2026-07-31T17:00:00Z,0.030000,0.030000,0.030000,0.030000
744f8202-acb2-4e67-926f-3a2c2070a35d,SPY   260731P00732000,2026-07-31T18:00:00Z,0.030000,0.030000,0.020000,0.020000
744f8202-acb2-4e67-926f-3a2c2070a35d,SPY   260731P00732000,2026-07-31T19:00:00Z,0.020000,0.020000,0.010000,0.010000
7674ee99-c593-4509-aa9e-7d57ea32f146,SPY   251121P00656000,2025-11-17T15:00:00Z,1.680000,2.130000,1.620000,1.930000
7674ee99-c593-4509-aa9e-7d57ea32f146,SPY   251121P00656000,2025-11-17T16:00:00Z,2.010000,2.750000,1.680000,1.720000
7674ee99-c593-4509-aa9e-7d57ea32f146,SPY   251121P00656000,2025-11-17T17:00:00Z,1.520000,2.370000,1.520000,2.370000
7674ee99-c593-4509-aa9e-7d57ea32f146,SPY   251121P00656000,2025-11-17T18:00:00Z,2.360000,2.830000,2.090000,2.770000
7674ee99-c593-4509-aa9e-7d57ea32f146,SPY   251121P00656000,2025-11-17T19:00:00Z,3.040000,3.570000,2.870000,3.460000
7674ee99-c593-4509-aa9e-7d57ea32f146,SPY   251121P00656000,2025-11-17T20:00:00Z,4.580000,4.590000,3.910000,3.920000
7674ee99-c593-4509-aa9e-7d57ea32f146,SPY   251121P00656000,2025-11-18T15:00:00Z,5.960000,6.870000,5.220000,5.220000
7674ee99-c593-4509-aa9e-7d57ea32f146,SPY   251121P00656000,2025-11-18T16:00:00Z,6.310000,7.060000,5.210000,5.710000
7674ee99-c593-4509-aa9e-7d57ea32f146,SPY   251121P00656000,2025-11-18T17:00:00Z,4.630000,5.910000,3.370000,3.620000
7674ee99-c593-4509-aa9e-7d57ea32f146,SPY   251121P00656000,2025-11-18T18:00:00Z,3.590000,3.590000,3.450000,3.510000
7674ee99-c593-4509-aa9e-7d57ea32f146,SPY   251121P00656000,2025-11-18T19:00:00Z,3.560000,3.680000,3.250000,3.310000
7674ee99-c593-4509-aa9e-7d57ea32f146,SPY   251121P00656000,2025-11-18T20:00:00Z,3.630000,3.690000,3.460000,3.690000
7674ee99-c593-4509-aa9e-7d57ea32f146,SPY   251121P00656000,2025-11-19T15:00:00Z,2.420000,2.910000,1.900000,2.840000
7674ee99-c593-4509-aa9e-7d57ea32f146,SPY   251121P00656000,2025-11-19T16:00:00Z,3.270000,3.690000,3.180000,3.330000
7674ee99-c593-4509-aa9e-7d57ea32f146,SPY   251121P00656000,2025-11-19T17:00:00Z,3.090000,4.570000,2.890000,3.650000
7674ee99-c593-4509-aa9e-7d57ea32f146,SPY   251121P00656000,2025-11-19T18:00:00Z,3.090000,3.440000,3.030000,3.290000
7674ee99-c593-4509-aa9e-7d57ea32f146,SPY   251121P00656000,2025-11-19T19:00:00Z,3.130000,4.320000,3.120000,4.080000
7674ee99-c593-4509-aa9e-7d57ea32f146,SPY   251121P00656000,2025-11-19T20:00:00Z,3.540000,3.650000,3.140000,3.140000
7674ee99-c593-4509-aa9e-7d57ea32f146,SPY   251121P00656000,2025-11-20T15:00:00Z,0.290000,0.360000,0.230000,0.360000
7674ee99-c593-4509-aa9e-7d57ea32f146,SPY   251121P00656000,2025-11-20T16:00:00Z,0.740000,2.110000,0.660000,2.000000
7674ee99-c593-4509-aa9e-7d57ea32f146,SPY   251121P00656000,2025-11-20T17:00:00Z,4.130000,5.900000,2.790000,4.820000
7674ee99-c593-4509-aa9e-7d57ea32f146,SPY   251121P00656000,2025-11-20T18:00:00Z,4.320000,5.020000,2.140000,4.920000
7674ee99-c593-4509-aa9e-7d57ea32f146,SPY   251121P00656000,2025-11-20T19:00:00Z,4.280000,4.500000,4.150000,4.420000
7674ee99-c593-4509-aa9e-7d57ea32f146,SPY   251121P00656000,2025-11-20T20:00:00Z,5.620000,5.920000,5.550000,5.720000
7674ee99-c593-4509-aa9e-7d57ea32f146,SPY   251121P00656000,2025-11-21T15:00:00Z,4.170000,4.720000,3.330000,4.190000
7674ee99-c593-4509-aa9e-7d57ea32f146,SPY   251121P00656000,2025-11-21T16:00:00Z,4.940000,5.240000,2.520000,2.780000
7674ee99-c593-4509-aa9e-7d57ea32f146,SPY   251121P00656000,2025-11-21T17:00:00Z,0.850000,1.060000,0.520000,0.700000
7674ee99-c593-4509-aa9e-7d57ea32f146,SPY   251121P00656000,2025-11-21T18:00:00Z,1.460000,1.770000,0.210000,0.290000
7674ee99-c593-4509-aa9e-7d57ea32f146,SPY   251121P00656000,2025-11-21T19:00:00Z,0.320000,0.320000,0.110000,0.140000
7674ee99-c593-4509-aa9e-7d57ea32f146,SPY   251121P00656000,2025-11-21T20:00:00Z,0.160000,0.280000,0.030000,0.050000
772f900a-d03b-49de-9c02-97f816cabcbe,SPY   251003P00651000,2025-09-23T14:00:00Z,1.430000,1.520000,1.370000,1.440000
772f900a-d03b-49de-9c02-97f816cabcbe,SPY   251003P00651000,2025-09-23T15:00:00Z,1.420000,1.440000,1.410000,1.440000
772f900a-d03b-49de-9c02-97f816cabcbe,SPY   251003P00651000,2025-09-23T16:00:00Z,1.580000,1.690000,1.500000,1.610000
772f900a-d03b-49de-9c02-97f816cabcbe,SPY   251003P00651000,2025-09-23T17:00:00Z,1.610000,2.400000,1.600000,2.070000
772f900a-d03b-49de-9c02-97f816cabcbe,SPY   251003P00651000,2025-09-23T18:00:00Z,2.060000,2.320000,2.060000,2.320000
772f900a-d03b-49de-9c02-97f816cabcbe,SPY   251003P00651000,2025-09-23T19:00:00Z,2.350000,2.370000,2.050000,2.050000
772f900a-d03b-49de-9c02-97f816cabcbe,SPY   251003P00651000,2025-09-24T14:00:00Z,1.970000,2.050000,1.710000,1.870000
772f900a-d03b-49de-9c02-97f816cabcbe,SPY   251003P00651000,2025-09-24T15:00:00Z,1.840000,2.230000,1.830000,2.210000
772f900a-d03b-49de-9c02-97f816cabcbe,SPY   251003P00651000,2025-09-24T16:00:00Z,2.200000,2.330000,2.190000,2.280000
772f900a-d03b-49de-9c02-97f816cabcbe,SPY   251003P00651000,2025-09-24T17:00:00Z,2.330000,2.350000,1.940000,2.290000
772f900a-d03b-49de-9c02-97f816cabcbe,SPY   251003P00651000,2025-09-24T18:00:00Z,2.260000,2.400000,2.040000,2.090000
772f900a-d03b-49de-9c02-97f816cabcbe,SPY   251003P00651000,2025-09-24T19:00:00Z,1.950000,2.070000,1.870000,1.910000
772f900a-d03b-49de-9c02-97f816cabcbe,SPY   251003P00651000,2025-09-25T14:00:00Z,3.170000,3.310000,2.220000,2.300000
772f900a-d03b-49de-9c02-97f816cabcbe,SPY   251003P00651000,2025-09-25T15:00:00Z,2.310000,2.740000,2.120000,2.200000
772f900a-d03b-49de-9c02-97f816cabcbe,SPY   251003P00651000,2025-09-25T16:00:00Z,2.200000,2.570000,2.120000,2.470000
772f900a-d03b-49de-9c02-97f816cabcbe,SPY   251003P00651000,2025-09-25T17:00:00Z,2.490000,2.560000,2.300000,2.480000
772f900a-d03b-49de-9c02-97f816cabcbe,SPY   251003P00651000,2025-09-25T18:00:00Z,3.270000,3.780000,2.470000,2.530000
772f900a-d03b-49de-9c02-97f816cabcbe,SPY   251003P00651000,2025-09-25T19:00:00Z,2.540000,2.750000,2.480000,2.510000
772f900a-d03b-49de-9c02-97f816cabcbe,SPY   251003P00651000,2025-09-26T14:00:00Z,1.300000,2.320000,1.220000,2.030000
772f900a-d03b-49de-9c02-97f816cabcbe,SPY   251003P00651000,2025-09-26T15:00:00Z,1.670000,1.690000,1.640000,1.640000
772f900a-d03b-49de-9c02-97f816cabcbe,SPY   251003P00651000,2025-09-26T16:00:00Z,1.880000,1.900000,1.520000,1.520000
772f900a-d03b-49de-9c02-97f816cabcbe,SPY   251003P00651000,2025-09-26T17:00:00Z,1.280000,1.390000,1.200000,1.270000
772f900a-d03b-49de-9c02-97f816cabcbe,SPY   251003P00651000,2025-09-26T18:00:00Z,1.190000,1.190000,1.130000,1.160000
772f900a-d03b-49de-9c02-97f816cabcbe,SPY   251003P00651000,2025-09-26T19:00:00Z,1.120000,1.220000,1.070000,1.150000
772f900a-d03b-49de-9c02-97f816cabcbe,SPY   251003P00651000,2025-09-29T14:00:00Z,0.590000,0.630000,0.520000,0.550000
772f900a-d03b-49de-9c02-97f816cabcbe,SPY   251003P00651000,2025-09-29T15:00:00Z,0.540000,0.710000,0.520000,0.640000
772f900a-d03b-49de-9c02-97f816cabcbe,SPY   251003P00651000,2025-09-29T16:00:00Z,0.640000,0.690000,0.580000,0.660000
772f900a-d03b-49de-9c02-97f816cabcbe,SPY   251003P00651000,2025-09-29T17:00:00Z,0.660000,0.800000,0.650000,0.670000
772f900a-d03b-49de-9c02-97f816cabcbe,SPY   251003P00651000,2025-09-29T18:00:00Z,0.670000,0.670000,0.580000,0.620000
772f900a-d03b-49de-9c02-97f816cabcbe,SPY   251003P00651000,2025-09-29T19:00:00Z,0.620000,0.850000,0.620000,0.670000
772f900a-d03b-49de-9c02-97f816cabcbe,SPY   251003P00651000,2025-09-30T14:00:00Z,0.530000,0.730000,0.470000,0.550000
772f900a-d03b-49de-9c02-97f816cabcbe,SPY   251003P00651000,2025-09-30T15:00:00Z,0.500000,0.720000,0.490000,0.560000
772f900a-d03b-49de-9c02-97f816cabcbe,SPY   251003P00651000,2025-09-30T16:00:00Z,0.560000,0.630000,0.530000,0.560000
772f900a-d03b-49de-9c02-97f816cabcbe,SPY   251003P00651000,2025-09-30T17:00:00Z,0.600000,0.720000,0.570000,0.580000
772f900a-d03b-49de-9c02-97f816cabcbe,SPY   251003P00651000,2025-09-30T18:00:00Z,0.610000,0.620000,0.580000,0.590000
772f900a-d03b-49de-9c02-97f816cabcbe,SPY   251003P00651000,2025-09-30T19:00:00Z,0.500000,0.520000,0.450000,0.450000
772f900a-d03b-49de-9c02-97f816cabcbe,SPY   251003P00651000,2025-10-01T14:00:00Z,0.480000,0.480000,0.350000,0.350000
772f900a-d03b-49de-9c02-97f816cabcbe,SPY   251003P00651000,2025-10-01T15:00:00Z,0.310000,0.320000,0.280000,0.280000
772f900a-d03b-49de-9c02-97f816cabcbe,SPY   251003P00651000,2025-10-01T16:00:00Z,0.300000,0.320000,0.300000,0.320000
772f900a-d03b-49de-9c02-97f816cabcbe,SPY   251003P00651000,2025-10-01T17:00:00Z,0.300000,0.300000,0.250000,0.260000
772f900a-d03b-49de-9c02-97f816cabcbe,SPY   251003P00651000,2025-10-01T18:00:00Z,0.250000,0.250000,0.230000,0.230000
772f900a-d03b-49de-9c02-97f816cabcbe,SPY   251003P00651000,2025-10-01T19:00:00Z,0.240000,0.250000,0.220000,0.220000
772f900a-d03b-49de-9c02-97f816cabcbe,SPY   251003P00651000,2025-10-02T14:00:00Z,0.130000,0.180000,0.130000,0.170000
772f900a-d03b-49de-9c02-97f816cabcbe,SPY   251003P00651000,2025-10-02T15:00:00Z,0.160000,0.180000,0.150000,0.160000
772f900a-d03b-49de-9c02-97f816cabcbe,SPY   251003P00651000,2025-10-02T16:00:00Z,0.140000,0.150000,0.140000,0.150000
772f900a-d03b-49de-9c02-97f816cabcbe,SPY   251003P00651000,2025-10-02T17:00:00Z,0.130000,0.130000,0.120000,0.120000
772f900a-d03b-49de-9c02-97f816cabcbe,SPY   251003P00651000,2025-10-02T18:00:00Z,0.120000,0.120000,0.110000,0.110000
772f900a-d03b-49de-9c02-97f816cabcbe,SPY   251003P00651000,2025-10-02T19:00:00Z,0.110000,0.110000,0.110000,0.110000
772f900a-d03b-49de-9c02-97f816cabcbe,SPY   251003P00651000,2025-10-03T14:00:00Z,0.030000,0.030000,0.030000,0.030000
772f900a-d03b-49de-9c02-97f816cabcbe,SPY   251003P00651000,2025-10-03T15:00:00Z,0.030000,0.030000,0.030000,0.030000
772f900a-d03b-49de-9c02-97f816cabcbe,SPY   251003P00651000,2025-10-03T16:00:00Z,0.020000,0.020000,0.020000,0.020000
772f900a-d03b-49de-9c02-97f816cabcbe,SPY   251003P00651000,2025-10-03T17:00:00Z,0.020000,0.030000,0.020000,0.020000
772f900a-d03b-49de-9c02-97f816cabcbe,SPY   251003P00651000,2025-10-03T18:00:00Z,0.020000,0.020000,0.010000,0.010000
772f900a-d03b-49de-9c02-97f816cabcbe,SPY   251003P00651000,2025-10-03T19:00:00Z,0.010000,0.010000,0.010000,0.010000
78316314-ed83-476f-ada9-ee5939c0ee93,SPY   260313C00682000,2026-03-09T14:00:00Z,1.720000,1.730000,1.550000,1.550000
78316314-ed83-476f-ada9-ee5939c0ee93,SPY   260313C00682000,2026-03-09T15:00:00Z,1.830000,2.250000,1.830000,2.070000
78316314-ed83-476f-ada9-ee5939c0ee93,SPY   260313C00682000,2026-03-09T16:00:00Z,2.160000,2.490000,2.130000,2.170000
78316314-ed83-476f-ada9-ee5939c0ee93,SPY   260313C00682000,2026-03-09T17:00:00Z,2.490000,2.540000,1.870000,1.960000
78316314-ed83-476f-ada9-ee5939c0ee93,SPY   260313C00682000,2026-03-09T18:00:00Z,2.200000,2.470000,2.140000,2.410000
78316314-ed83-476f-ada9-ee5939c0ee93,SPY   260313C00682000,2026-03-09T19:00:00Z,2.260000,5.320000,2.200000,4.560000
78316314-ed83-476f-ada9-ee5939c0ee93,SPY   260313C00682000,2026-03-10T14:00:00Z,3.240000,5.070000,2.950000,5.050000
78316314-ed83-476f-ada9-ee5939c0ee93,SPY   260313C00682000,2026-03-10T15:00:00Z,5.030000,5.460000,4.710000,5.110000
78316314-ed83-476f-ada9-ee5939c0ee93,SPY   260313C00682000,2026-03-10T16:00:00Z,5.100000,5.290000,4.420000,5.100000
78316314-ed83-476f-ada9-ee5939c0ee93,SPY   260313C00682000,2026-03-10T17:00:00Z,5.090000,5.310000,5.030000,5.260000
78316314-ed83-476f-ada9-ee5939c0ee93,SPY   260313C00682000,2026-03-10T18:00:00Z,4.400000,4.520000,4.380000,4.420000
78316314-ed83-476f-ada9-ee5939c0ee93,SPY   260313C00682000,2026-03-10T19:00:00Z,4.090000,4.380000,3.420000,3.520000
78316314-ed83-476f-ada9-ee5939c0ee93,SPY   260313C00682000,2026-03-11T14:00:00Z,2.890000,3.750000,2.170000,2.830000
78316314-ed83-476f-ada9-ee5939c0ee93,SPY   260313C00682000,2026-03-11T15:00:00Z,2.140000,2.180000,2.020000,2.130000
78316314-ed83-476f-ada9-ee5939c0ee93,SPY   260313C00682000,2026-03-11T16:00:00Z,1.780000,2.220000,1.700000,2.190000
78316314-ed83-476f-ada9-ee5939c0ee93,SPY   260313C00682000,2026-03-11T17:00:00Z,2.190000,2.270000,1.620000,1.920000
78316314-ed83-476f-ada9-ee5939c0ee93,SPY   260313C00682000,2026-03-11T18:00:00Z,1.800000,1.910000,1.560000,1.790000
78316314-ed83-476f-ada9-ee5939c0ee93,SPY   260313C00682000,2026-03-11T19:00:00Z,1.800000,1.920000,1.630000,1.890000
78316314-ed83-476f-ada9-ee5939c0ee93,SPY   260313C00682000,2026-03-12T14:00:00Z,0.430000,0.510000,0.270000,0.300000
78316314-ed83-476f-ada9-ee5939c0ee93,SPY   260313C00682000,2026-03-12T15:00:00Z,0.320000,0.360000,0.310000,0.320000
78316314-ed83-476f-ada9-ee5939c0ee93,SPY   260313C00682000,2026-03-12T16:00:00Z,0.280000,0.320000,0.280000,0.320000
78316314-ed83-476f-ada9-ee5939c0ee93,SPY   260313C00682000,2026-03-12T17:00:00Z,0.280000,0.300000,0.270000,0.280000
78316314-ed83-476f-ada9-ee5939c0ee93,SPY   260313C00682000,2026-03-12T18:00:00Z,0.240000,0.250000,0.180000,0.180000
78316314-ed83-476f-ada9-ee5939c0ee93,SPY   260313C00682000,2026-03-12T19:00:00Z,0.180000,0.190000,0.140000,0.140000
78316314-ed83-476f-ada9-ee5939c0ee93,SPY   260313C00682000,2026-03-13T14:00:00Z,0.050000,0.050000,0.020000,0.020000
78316314-ed83-476f-ada9-ee5939c0ee93,SPY   260313C00682000,2026-03-13T15:00:00Z,0.020000,0.020000,0.020000,0.020000
78316314-ed83-476f-ada9-ee5939c0ee93,SPY   260313C00682000,2026-03-13T16:00:00Z,0.020000,0.020000,0.020000,0.020000
78316314-ed83-476f-ada9-ee5939c0ee93,SPY   260313C00682000,2026-03-13T17:00:00Z,0.020000,0.020000,0.010000,0.010000
78316314-ed83-476f-ada9-ee5939c0ee93,SPY   260313C00682000,2026-03-13T18:00:00Z,0.010000,0.010000,0.010000,0.010000
78316314-ed83-476f-ada9-ee5939c0ee93,SPY   260313C00682000,2026-03-13T19:00:00Z,0.010000,0.010000,0.010000,0.010000
78ca6def-1643-4675-bbd8-0d96fc3e2782,SPY   260529C00757000,2026-05-19T14:00:00Z,0.680000,0.680000,0.410000,0.510000
78ca6def-1643-4675-bbd8-0d96fc3e2782,SPY   260529C00757000,2026-05-19T15:00:00Z,0.500000,0.540000,0.420000,0.470000
78ca6def-1643-4675-bbd8-0d96fc3e2782,SPY   260529C00757000,2026-05-19T16:00:00Z,0.480000,0.690000,0.440000,0.680000
78ca6def-1643-4675-bbd8-0d96fc3e2782,SPY   260529C00757000,2026-05-19T17:00:00Z,0.670000,0.910000,0.670000,0.790000
78ca6def-1643-4675-bbd8-0d96fc3e2782,SPY   260529C00757000,2026-05-19T18:00:00Z,0.790000,0.800000,0.790000,0.800000
78ca6def-1643-4675-bbd8-0d96fc3e2782,SPY   260529C00757000,2026-05-19T19:00:00Z,0.520000,0.650000,0.440000,0.450000
78ca6def-1643-4675-bbd8-0d96fc3e2782,SPY   260529C00757000,2026-05-20T14:00:00Z,0.620000,1.000000,0.480000,0.970000
78ca6def-1643-4675-bbd8-0d96fc3e2782,SPY   260529C00757000,2026-05-20T15:00:00Z,1.070000,1.170000,1.070000,1.100000
78ca6def-1643-4675-bbd8-0d96fc3e2782,SPY   260529C00757000,2026-05-20T16:00:00Z,1.110000,1.140000,0.870000,0.940000
78ca6def-1643-4675-bbd8-0d96fc3e2782,SPY   260529C00757000,2026-05-20T17:00:00Z,0.940000,0.960000,0.940000,0.960000
78ca6def-1643-4675-bbd8-0d96fc3e2782,SPY   260529C00757000,2026-05-20T18:00:00Z,0.900000,1.010000,0.850000,0.850000
78ca6def-1643-4675-bbd8-0d96fc3e2782,SPY   260529C00757000,2026-05-20T19:00:00Z,0.850000,1.070000,0.850000,1.020000
78ca6def-1643-4675-bbd8-0d96fc3e2782,SPY   260529C00757000,2026-05-21T14:00:00Z,0.660000,0.740000,0.480000,0.560000
78ca6def-1643-4675-bbd8-0d96fc3e2782,SPY   260529C00757000,2026-05-21T15:00:00Z,0.560000,0.570000,0.440000,0.520000
78ca6def-1643-4675-bbd8-0d96fc3e2782,SPY   260529C00757000,2026-05-21T16:00:00Z,0.520000,0.560000,0.390000,0.440000
78ca6def-1643-4675-bbd8-0d96fc3e2782,SPY   260529C00757000,2026-05-21T17:00:00Z,0.440000,1.350000,0.440000,1.090000
78ca6def-1643-4675-bbd8-0d96fc3e2782,SPY   260529C00757000,2026-05-21T18:00:00Z,1.080000,1.190000,0.600000,0.640000
78ca6def-1643-4675-bbd8-0d96fc3e2782,SPY   260529C00757000,2026-05-21T19:00:00Z,0.640000,0.890000,0.640000,0.810000
78ca6def-1643-4675-bbd8-0d96fc3e2782,SPY   260529C00757000,2026-05-22T14:00:00Z,1.150000,1.170000,1.150000,1.160000
78ca6def-1643-4675-bbd8-0d96fc3e2782,SPY   260529C00757000,2026-05-22T15:00:00Z,1.200000,1.470000,1.190000,1.400000
78ca6def-1643-4675-bbd8-0d96fc3e2782,SPY   260529C00757000,2026-05-22T16:00:00Z,1.400000,1.430000,1.210000,1.250000
78ca6def-1643-4675-bbd8-0d96fc3e2782,SPY   260529C00757000,2026-05-22T17:00:00Z,1.560000,1.590000,1.420000,1.440000
78ca6def-1643-4675-bbd8-0d96fc3e2782,SPY   260529C00757000,2026-05-22T18:00:00Z,1.320000,1.400000,1.250000,1.320000
78ca6def-1643-4675-bbd8-0d96fc3e2782,SPY   260529C00757000,2026-05-22T19:00:00Z,1.220000,1.240000,0.980000,1.060000
78ca6def-1643-4675-bbd8-0d96fc3e2782,SPY   260529C00757000,2026-05-26T14:00:00Z,1.550000,1.900000,1.470000,1.620000
78ca6def-1643-4675-bbd8-0d96fc3e2782,SPY   260529C00757000,2026-05-26T15:00:00Z,1.630000,1.640000,1.300000,1.300000
78ca6def-1643-4675-bbd8-0d96fc3e2782,SPY   260529C00757000,2026-05-26T16:00:00Z,1.060000,1.200000,0.980000,1.010000
78ca6def-1643-4675-bbd8-0d96fc3e2782,SPY   260529C00757000,2026-05-26T17:00:00Z,1.010000,1.100000,0.950000,0.990000
78ca6def-1643-4675-bbd8-0d96fc3e2782,SPY   260529C00757000,2026-05-26T18:00:00Z,0.980000,1.140000,0.920000,0.920000
78ca6def-1643-4675-bbd8-0d96fc3e2782,SPY   260529C00757000,2026-05-26T19:00:00Z,0.920000,1.210000,0.870000,1.120000
78ca6def-1643-4675-bbd8-0d96fc3e2782,SPY   260529C00757000,2026-05-27T14:00:00Z,0.960000,1.090000,0.710000,0.860000
78ca6def-1643-4675-bbd8-0d96fc3e2782,SPY   260529C00757000,2026-05-27T15:00:00Z,0.750000,0.800000,0.530000,0.610000
78ca6def-1643-4675-bbd8-0d96fc3e2782,SPY   260529C00757000,2026-05-27T16:00:00Z,0.610000,0.730000,0.550000,0.620000
78ca6def-1643-4675-bbd8-0d96fc3e2782,SPY   260529C00757000,2026-05-27T17:00:00Z,0.620000,0.630000,0.440000,0.550000
78ca6def-1643-4675-bbd8-0d96fc3e2782,SPY   260529C00757000,2026-05-27T18:00:00Z,0.550000,0.730000,0.500000,0.670000
78ca6def-1643-4675-bbd8-0d96fc3e2782,SPY   260529C00757000,2026-05-27T19:00:00Z,0.680000,0.730000,0.520000,0.580000
78ca6def-1643-4675-bbd8-0d96fc3e2782,SPY   260529C00757000,2026-05-28T14:00:00Z,0.330000,1.120000,0.310000,0.750000
78ca6def-1643-4675-bbd8-0d96fc3e2782,SPY   260529C00757000,2026-05-28T15:00:00Z,0.750000,1.020000,0.720000,0.940000
78ca6def-1643-4675-bbd8-0d96fc3e2782,SPY   260529C00757000,2026-05-28T16:00:00Z,0.940000,1.150000,0.810000,1.060000
78ca6def-1643-4675-bbd8-0d96fc3e2782,SPY   260529C00757000,2026-05-28T17:00:00Z,1.060000,1.120000,0.800000,0.960000
78ca6def-1643-4675-bbd8-0d96fc3e2782,SPY   260529C00757000,2026-05-28T18:00:00Z,0.970000,1.020000,0.730000,0.730000
78ca6def-1643-4675-bbd8-0d96fc3e2782,SPY   260529C00757000,2026-05-28T19:00:00Z,0.730000,1.040000,0.700000,0.920000
78ca6def-1643-4675-bbd8-0d96fc3e2782,SPY   260529C00757000,2026-05-29T14:00:00Z,0.950000,0.960000,0.790000,0.910000
78ca6def-1643-4675-bbd8-0d96fc3e2782,SPY   260529C00757000,2026-05-29T15:00:00Z,0.870000,1.380000,0.830000,1.380000
78ca6def-1643-4675-bbd8-0d96fc3e2782,SPY   260529C00757000,2026-05-29T16:00:00Z,1.110000,1.130000,1.110000,1.120000
78ca6def-1643-4675-bbd8-0d96fc3e2782,SPY   260529C00757000,2026-05-29T17:00:00Z,0.860000,0.940000,0.330000,0.340000
78ca6def-1643-4675-bbd8-0d96fc3e2782,SPY   260529C00757000,2026-05-29T18:00:00Z,0.340000,0.380000,0.340000,0.370000
78ca6def-1643-4675-bbd8-0d96fc3e2782,SPY   260529C00757000,2026-05-29T19:00:00Z,0.230000,0.880000,0.160000,0.170000
79b43d94-90da-4fdf-bdcb-4157a1dc3bc6,SPY   260102C00693000,2025-12-29T15:00:00Z,0.820000,0.920000,0.660000,0.710000
79b43d94-90da-4fdf-bdcb-4157a1dc3bc6,SPY   260102C00693000,2025-12-29T16:00:00Z,0.720000,0.730000,0.640000,0.640000
79b43d94-90da-4fdf-bdcb-4157a1dc3bc6,SPY   260102C00693000,2025-12-29T17:00:00Z,0.630000,0.650000,0.510000,0.530000
79b43d94-90da-4fdf-bdcb-4157a1dc3bc6,SPY   260102C00693000,2025-12-29T18:00:00Z,0.580000,0.730000,0.550000,0.570000
79b43d94-90da-4fdf-bdcb-4157a1dc3bc6,SPY   260102C00693000,2025-12-29T19:00:00Z,0.570000,0.700000,0.520000,0.680000
79b43d94-90da-4fdf-bdcb-4157a1dc3bc6,SPY   260102C00693000,2025-12-29T20:00:00Z,0.740000,0.830000,0.650000,0.700000
79b43d94-90da-4fdf-bdcb-4157a1dc3bc6,SPY   260102C00693000,2025-12-30T15:00:00Z,0.570000,0.580000,0.370000,0.440000
79b43d94-90da-4fdf-bdcb-4157a1dc3bc6,SPY   260102C00693000,2025-12-30T16:00:00Z,0.550000,0.550000,0.390000,0.400000
79b43d94-90da-4fdf-bdcb-4157a1dc3bc6,SPY   260102C00693000,2025-12-30T17:00:00Z,0.330000,0.400000,0.330000,0.390000
79b43d94-90da-4fdf-bdcb-4157a1dc3bc6,SPY   260102C00693000,2025-12-30T18:00:00Z,0.390000,0.450000,0.360000,0.420000
79b43d94-90da-4fdf-bdcb-4157a1dc3bc6,SPY   260102C00693000,2025-12-30T19:00:00Z,0.420000,0.430000,0.340000,0.360000
79b43d94-90da-4fdf-bdcb-4157a1dc3bc6,SPY   260102C00693000,2025-12-30T20:00:00Z,0.350000,0.350000,0.350000,0.350000
79b43d94-90da-4fdf-bdcb-4157a1dc3bc6,SPY   260102C00693000,2025-12-31T15:00:00Z,0.140000,0.140000,0.070000,0.070000
79b43d94-90da-4fdf-bdcb-4157a1dc3bc6,SPY   260102C00693000,2025-12-31T16:00:00Z,0.070000,0.080000,0.070000,0.080000
79b43d94-90da-4fdf-bdcb-4157a1dc3bc6,SPY   260102C00693000,2025-12-31T17:00:00Z,0.080000,0.080000,0.060000,0.060000
79b43d94-90da-4fdf-bdcb-4157a1dc3bc6,SPY   260102C00693000,2025-12-31T18:00:00Z,0.060000,0.080000,0.060000,0.070000
79b43d94-90da-4fdf-bdcb-4157a1dc3bc6,SPY   260102C00693000,2025-12-31T19:00:00Z,0.070000,0.080000,0.060000,0.060000
79b43d94-90da-4fdf-bdcb-4157a1dc3bc6,SPY   260102C00693000,2025-12-31T20:00:00Z,0.040000,0.040000,0.030000,0.030000
79b43d94-90da-4fdf-bdcb-4157a1dc3bc6,SPY   260102C00693000,2026-01-02T15:00:00Z,0.020000,0.020000,0.010000,0.010000
79b43d94-90da-4fdf-bdcb-4157a1dc3bc6,SPY   260102C00693000,2026-01-02T16:00:00Z,0.010000,0.010000,0.010000,0.010000
79b43d94-90da-4fdf-bdcb-4157a1dc3bc6,SPY   260102C00693000,2026-01-02T17:00:00Z,0.010000,0.010000,0.010000,0.010000
79b43d94-90da-4fdf-bdcb-4157a1dc3bc6,SPY   260102C00693000,2026-01-02T18:00:00Z,0.010000,0.010000,0.010000,0.010000
79b43d94-90da-4fdf-bdcb-4157a1dc3bc6,SPY   260102C00693000,2026-01-02T19:00:00Z,0.010000,0.010000,0.010000,0.010000
79b43d94-90da-4fdf-bdcb-4157a1dc3bc6,SPY   260102C00693000,2026-01-02T20:00:00Z,0.010000,0.010000,0.010000,0.010000
7a19a764-1786-4dc4-b9f7-3ed9dbdd80c4,SPY   260828P00750000,2026-08-24T14:00:00Z,1.110000,1.130000,0.990000,1.070000
7a19a764-1786-4dc4-b9f7-3ed9dbdd80c4,SPY   260828P00750000,2026-08-24T15:00:00Z,1.100000,1.100000,1.090000,1.100000
7a19a764-1786-4dc4-b9f7-3ed9dbdd80c4,SPY   260828P00750000,2026-08-24T16:00:00Z,0.860000,0.870000,0.770000,0.850000
7a19a764-1786-4dc4-b9f7-3ed9dbdd80c4,SPY   260828P00750000,2026-08-24T17:00:00Z,0.850000,0.970000,0.770000,0.910000
7a19a764-1786-4dc4-b9f7-3ed9dbdd80c4,SPY   260828P00750000,2026-08-24T18:00:00Z,0.910000,0.910000,0.720000,0.840000
7a19a764-1786-4dc4-b9f7-3ed9dbdd80c4,SPY   260828P00750000,2026-08-24T19:00:00Z,0.840000,0.880000,0.810000,0.870000
7a19a764-1786-4dc4-b9f7-3ed9dbdd80c4,SPY   260828P00750000,2026-08-25T14:00:00Z,0.580000,0.800000,0.560000,0.600000
7a19a764-1786-4dc4-b9f7-3ed9dbdd80c4,SPY   260828P00750000,2026-08-25T15:00:00Z,0.600000,0.640000,0.580000,0.590000
7a19a764-1786-4dc4-b9f7-3ed9dbdd80c4,SPY   260828P00750000,2026-08-25T16:00:00Z,0.490000,0.500000,0.430000,0.440000
7a19a764-1786-4dc4-b9f7-3ed9dbdd80c4,SPY   260828P00750000,2026-08-25T17:00:00Z,0.440000,0.510000,0.430000,0.470000
7a19a764-1786-4dc4-b9f7-3ed9dbdd80c4,SPY   260828P00750000,2026-08-25T18:00:00Z,0.470000,0.490000,0.400000,0.410000
7a19a764-1786-4dc4-b9f7-3ed9dbdd80c4,SPY   260828P00750000,2026-08-25T19:00:00Z,0.410000,0.460000,0.410000,0.430000
7a19a764-1786-4dc4-b9f7-3ed9dbdd80c4,SPY   260828P00750000,2026-08-26T14:00:00Z,0.270000,0.390000,0.270000,0.320000
7a19a764-1786-4dc4-b9f7-3ed9dbdd80c4,SPY   260828P00750000,2026-08-26T15:00:00Z,0.320000,0.380000,0.290000,0.380000
7a19a764-1786-4dc4-b9f7-3ed9dbdd80c4,SPY   260828P00750000,2026-08-26T16:00:00Z,0.380000,0.490000,0.380000,0.400000
7a19a764-1786-4dc4-b9f7-3ed9dbdd80c4,SPY   260828P00750000,2026-08-26T17:00:00Z,0.400000,0.410000,0.290000,0.300000
7a19a764-1786-4dc4-b9f7-3ed9dbdd80c4,SPY   260828P00750000,2026-08-26T18:00:00Z,0.300000,0.310000,0.260000,0.260000
7a19a764-1786-4dc4-b9f7-3ed9dbdd80c4,SPY   260828P00750000,2026-08-26T19:00:00Z,0.260000,0.260000,0.210000,0.230000
7a19a764-1786-4dc4-b9f7-3ed9dbdd80c4,SPY   260828P00750000,2026-08-27T14:00:00Z,0.080000,0.080000,0.050000,0.050000
7a19a764-1786-4dc4-b9f7-3ed9dbdd80c4,SPY   260828P00750000,2026-08-27T15:00:00Z,0.050000,0.050000,0.050000,0.050000
7a19a764-1786-4dc4-b9f7-3ed9dbdd80c4,SPY   260828P00750000,2026-08-27T16:00:00Z,0.050000,0.050000,0.040000,0.040000
7a19a764-1786-4dc4-b9f7-3ed9dbdd80c4,SPY   260828P00750000,2026-08-27T17:00:00Z,0.040000,0.040000,0.040000,0.040000
7a19a764-1786-4dc4-b9f7-3ed9dbdd80c4,SPY   260828P00750000,2026-08-27T18:00:00Z,0.040000,0.050000,0.040000,0.050000
7a19a764-1786-4dc4-b9f7-3ed9dbdd80c4,SPY   260828P00750000,2026-08-27T19:00:00Z,0.050000,0.050000,0.030000,0.030000
7a19a764-1786-4dc4-b9f7-3ed9dbdd80c4,SPY   260828P00750000,2026-08-28T14:00:00Z,0.020000,0.020000,0.020000,0.020000
7a19a764-1786-4dc4-b9f7-3ed9dbdd80c4,SPY   260828P00750000,2026-08-28T15:00:00Z,0.020000,0.020000,0.020000,0.020000
7a19a764-1786-4dc4-b9f7-3ed9dbdd80c4,SPY   260828P00750000,2026-08-28T16:00:00Z,0.020000,0.020000,0.020000,0.020000
7a19a764-1786-4dc4-b9f7-3ed9dbdd80c4,SPY   260828P00750000,2026-08-28T17:00:00Z,0.020000,0.020000,0.020000,0.020000
7a19a764-1786-4dc4-b9f7-3ed9dbdd80c4,SPY   260828P00750000,2026-08-28T18:00:00Z,0.020000,0.020000,0.010000,0.010000
7a19a764-1786-4dc4-b9f7-3ed9dbdd80c4,SPY   260828P00750000,2026-08-28T19:00:00Z,0.010000,0.010000,0.010000,0.010000
7d009db3-b274-43d7-b022-c8664057b0e1,SPY   260102P00679000,2025-12-29T15:00:00Z,0.730000,0.830000,0.540000,0.660000
7d009db3-b274-43d7-b022-c8664057b0e1,SPY   260102P00679000,2025-12-29T16:00:00Z,0.660000,0.740000,0.610000,0.650000
7d009db3-b274-43d7-b022-c8664057b0e1,SPY   260102P00679000,2025-12-29T17:00:00Z,0.650000,0.830000,0.640000,0.810000
7d009db3-b274-43d7-b022-c8664057b0e1,SPY   260102P00679000,2025-12-29T18:00:00Z,0.610000,0.670000,0.510000,0.550000
7d009db3-b274-43d7-b022-c8664057b0e1,SPY   260102P00679000,2025-12-29T19:00:00Z,0.550000,0.590000,0.410000,0.420000
7d009db3-b274-43d7-b022-c8664057b0e1,SPY   260102P00679000,2025-12-29T20:00:00Z,0.420000,0.480000,0.380000,0.480000
7d009db3-b274-43d7-b022-c8664057b0e1,SPY   260102P00679000,2025-12-30T15:00:00Z,0.370000,0.510000,0.340000,0.350000
7d009db3-b274-43d7-b022-c8664057b0e1,SPY   260102P00679000,2025-12-30T16:00:00Z,0.350000,0.350000,0.270000,0.340000
7d009db3-b274-43d7-b022-c8664057b0e1,SPY   260102P00679000,2025-12-30T17:00:00Z,0.350000,0.370000,0.340000,0.370000
7d009db3-b274-43d7-b022-c8664057b0e1,SPY   260102P00679000,2025-12-30T18:00:00Z,0.300000,0.330000,0.290000,0.300000
7d009db3-b274-43d7-b022-c8664057b0e1,SPY   260102P00679000,2025-12-30T19:00:00Z,0.290000,0.330000,0.290000,0.320000
7d009db3-b274-43d7-b022-c8664057b0e1,SPY   260102P00679000,2025-12-30T20:00:00Z,0.290000,0.330000,0.250000,0.270000
7d009db3-b274-43d7-b022-c8664057b0e1,SPY   260102P00679000,2025-12-31T15:00:00Z,0.330000,0.520000,0.330000,0.490000
7d009db3-b274-43d7-b022-c8664057b0e1,SPY   260102P00679000,2025-12-31T16:00:00Z,0.490000,0.490000,0.270000,0.270000
7d009db3-b274-43d7-b022-c8664057b0e1,SPY   260102P00679000,2025-12-31T17:00:00Z,0.270000,0.370000,0.270000,0.320000
7d009db3-b274-43d7-b022-c8664057b0e1,SPY   260102P00679000,2025-12-31T18:00:00Z,0.320000,0.320000,0.190000,0.200000
7d009db3-b274-43d7-b022-c8664057b0e1,SPY   260102P00679000,2025-12-31T19:00:00Z,0.200000,0.250000,0.190000,0.240000
7d009db3-b274-43d7-b022-c8664057b0e1,SPY   260102P00679000,2025-12-31T20:00:00Z,0.360000,0.680000,0.350000,0.590000
7d009db3-b274-43d7-b022-c8664057b0e1,SPY   260102P00679000,2026-01-02T15:00:00Z,0.060000,0.710000,0.050000,0.590000
7d009db3-b274-43d7-b022-c8664057b0e1,SPY   260102P00679000,2026-01-02T16:00:00Z,0.600000,0.800000,0.280000,0.280000
7d009db3-b274-43d7-b022-c8664057b0e1,SPY   260102P00679000,2026-01-02T17:00:00Z,0.350000,0.470000,0.090000,0.250000
7d009db3-b274-43d7-b022-c8664057b0e1,SPY   260102P00679000,2026-01-02T18:00:00Z,0.270000,0.400000,0.120000,0.390000
7d009db3-b274-43d7-b022-c8664057b0e1,SPY   260102P00679000,2026-01-02T19:00:00Z,0.220000,0.250000,0.060000,0.060000
7d009db3-b274-43d7-b022-c8664057b0e1,SPY   260102P00679000,2026-01-02T20:00:00Z,0.030000,0.030000,0.020000,0.020000
7f0c365f-eb9f-4dac-8891-0da6588acaca,SPY   260417C00691000,2026-04-07T14:00:00Z,0.250000,0.260000,0.240000,0.240000
7f0c365f-eb9f-4dac-8891-0da6588acaca,SPY   260417C00691000,2026-04-07T15:00:00Z,0.240000,0.270000,0.230000,0.260000
7f0c365f-eb9f-4dac-8891-0da6588acaca,SPY   260417C00691000,2026-04-07T16:00:00Z,0.270000,0.370000,0.260000,0.320000
7f0c365f-eb9f-4dac-8891-0da6588acaca,SPY   260417C00691000,2026-04-07T17:00:00Z,0.310000,0.370000,0.310000,0.350000
7f0c365f-eb9f-4dac-8891-0da6588acaca,SPY   260417C00691000,2026-04-07T18:00:00Z,0.290000,0.290000,0.240000,0.240000
7f0c365f-eb9f-4dac-8891-0da6588acaca,SPY   260417C00691000,2026-04-07T19:00:00Z,0.220000,0.260000,0.210000,0.220000
7f0c365f-eb9f-4dac-8891-0da6588acaca,SPY   260417C00691000,2026-04-08T14:00:00Z,0.830000,0.830000,0.820000,0.820000
7f0c365f-eb9f-4dac-8891-0da6588acaca,SPY   260417C00691000,2026-04-08T15:00:00Z,0.870000,1.030000,0.800000,1.020000
7f0c365f-eb9f-4dac-8891-0da6588acaca,SPY   260417C00691000,2026-04-08T16:00:00Z,0.990000,1.140000,0.980000,1.120000
7f0c365f-eb9f-4dac-8891-0da6588acaca,SPY   260417C00691000,2026-04-08T17:00:00Z,1.040000,1.090000,1.010000,1.060000
7f0c365f-eb9f-4dac-8891-0da6588acaca,SPY   260417C00691000,2026-04-08T18:00:00Z,1.240000,1.260000,1.240000,1.260000
7f0c365f-eb9f-4dac-8891-0da6588acaca,SPY   260417C00691000,2026-04-08T19:00:00Z,1.190000,1.190000,1.150000,1.170000
7f0c365f-eb9f-4dac-8891-0da6588acaca,SPY   260417C00691000,2026-04-09T14:00:00Z,0.940000,0.940000,0.690000,0.800000
7f0c365f-eb9f-4dac-8891-0da6588acaca,SPY   260417C00691000,2026-04-09T15:00:00Z,0.790000,1.290000,0.730000,1.250000
7f0c365f-eb9f-4dac-8891-0da6588acaca,SPY   260417C00691000,2026-04-09T16:00:00Z,1.280000,1.690000,1.260000,1.540000
7f0c365f-eb9f-4dac-8891-0da6588acaca,SPY   260417C00691000,2026-04-09T17:00:00Z,1.520000,1.830000,1.470000,1.700000
7f0c365f-eb9f-4dac-8891-0da6588acaca,SPY   260417C00691000,2026-04-09T18:00:00Z,1.460000,1.490000,1.450000,1.450000
7f0c365f-eb9f-4dac-8891-0da6588acaca,SPY   260417C00691000,2026-04-09T19:00:00Z,1.320000,1.540000,1.290000,1.490000
7f0c365f-eb9f-4dac-8891-0da6588acaca,SPY   260417C00691000,2026-04-10T14:00:00Z,1.270000,1.270000,1.210000,1.210000
7f0c365f-eb9f-4dac-8891-0da6588acaca,SPY   260417C00691000,2026-04-10T15:00:00Z,1.410000,1.510000,1.310000,1.330000
7f0c365f-eb9f-4dac-8891-0da6588acaca,SPY   260417C00691000,2026-04-10T16:00:00Z,1.260000,1.320000,1.190000,1.190000
7f0c365f-eb9f-4dac-8891-0da6588acaca,SPY   260417C00691000,2026-04-10T17:00:00Z,1.190000,1.200000,1.170000,1.170000
7f0c365f-eb9f-4dac-8891-0da6588acaca,SPY   260417C00691000,2026-04-10T18:00:00Z,1.150000,1.180000,1.070000,1.090000
7f0c365f-eb9f-4dac-8891-0da6588acaca,SPY   260417C00691000,2026-04-10T19:00:00Z,1.040000,1.180000,0.900000,0.940000
7f0c365f-eb9f-4dac-8891-0da6588acaca,SPY   260417C00691000,2026-04-13T14:00:00Z,0.760000,0.780000,0.580000,0.750000
7f0c365f-eb9f-4dac-8891-0da6588acaca,SPY   260417C00691000,2026-04-13T15:00:00Z,0.710000,0.710000,0.700000,0.700000
7f0c365f-eb9f-4dac-8891-0da6588acaca,SPY   260417C00691000,2026-04-13T16:00:00Z,0.630000,0.790000,0.630000,0.770000
7f0c365f-eb9f-4dac-8891-0da6588acaca,SPY   260417C00691000,2026-04-13T17:00:00Z,1.230000,1.370000,1.110000,1.160000
7f0c365f-eb9f-4dac-8891-0da6588acaca,SPY   260417C00691000,2026-04-13T18:00:00Z,1.170000,1.510000,1.160000,1.470000
7f0c365f-eb9f-4dac-8891-0da6588acaca,SPY   260417C00691000,2026-04-13T19:00:00Z,1.470000,1.930000,1.340000,1.930000
7f0c365f-eb9f-4dac-8891-0da6588acaca,SPY   260417C00691000,2026-04-14T14:00:00Z,3.140000,3.640000,3.130000,3.510000
7f0c365f-eb9f-4dac-8891-0da6588acaca,SPY   260417C00691000,2026-04-14T15:00:00Z,4.240000,5.400000,3.940000,5.210000
7f0c365f-eb9f-4dac-8891-0da6588acaca,SPY   260417C00691000,2026-04-14T16:00:00Z,5.200000,5.720000,5.130000,5.170000
7f0c365f-eb9f-4dac-8891-0da6588acaca,SPY   260417C00691000,2026-04-14T17:00:00Z,5.410000,5.440000,5.380000,5.380000
7f0c365f-eb9f-4dac-8891-0da6588acaca,SPY   260417C00691000,2026-04-14T18:00:00Z,5.740000,5.880000,4.860000,5.090000
7f0c365f-eb9f-4dac-8891-0da6588acaca,SPY   260417C00691000,2026-04-14T19:00:00Z,5.760000,5.910000,5.760000,5.910000
7f0c365f-eb9f-4dac-8891-0da6588acaca,SPY   260417C00691000,2026-04-15T14:00:00Z,6.190000,7.470000,6.090000,7.180000
7f0c365f-eb9f-4dac-8891-0da6588acaca,SPY   260417C00691000,2026-04-15T15:00:00Z,7.190000,7.980000,7.010000,7.610000
7f0c365f-eb9f-4dac-8891-0da6588acaca,SPY   260417C00691000,2026-04-15T16:00:00Z,7.320000,7.370000,7.260000,7.280000
7f0c365f-eb9f-4dac-8891-0da6588acaca,SPY   260417C00691000,2026-04-15T17:00:00Z,7.560000,7.990000,7.560000,7.880000
7f0c365f-eb9f-4dac-8891-0da6588acaca,SPY   260417C00691000,2026-04-15T18:00:00Z,8.540000,8.810000,8.160000,8.410000
7f0c365f-eb9f-4dac-8891-0da6588acaca,SPY   260417C00691000,2026-04-15T19:00:00Z,10.070000,10.110000,10.000000,10.020000
7f0c365f-eb9f-4dac-8891-0da6588acaca,SPY   260417C00691000,2026-04-16T14:00:00Z,9.360000,9.860000,8.640000,9.580000
7f0c365f-eb9f-4dac-8891-0da6588acaca,SPY   260417C00691000,2026-04-16T15:00:00Z,10.680000,11.820000,10.670000,11.430000
7f0c365f-eb9f-4dac-8891-0da6588acaca,SPY   260417C00691000,2026-04-16T16:00:00Z,11.680000,11.780000,10.020000,10.970000
7f0c365f-eb9f-4dac-8891-0da6588acaca,SPY   260417C00691000,2026-04-16T17:00:00Z,10.220000,11.060000,9.770000,10.910000
7f0c365f-eb9f-4dac-8891-0da6588acaca,SPY   260417C00691000,2026-04-16T18:00:00Z,9.970000,10.340000,9.170000,9.880000
7f0c365f-eb9f-4dac-8891-0da6588acaca,SPY   260417C00691000,2026-04-16T19:00:00Z,10.290000,11.220000,10.140000,11.070000
7f0c365f-eb9f-4dac-8891-0da6588acaca,SPY   260417C00691000,2026-04-17T14:00:00Z,17.370000,20.330000,17.190000,19.540000
7f0c365f-eb9f-4dac-8891-0da6588acaca,SPY   260417C00691000,2026-04-17T15:00:00Z,19.530000,20.310000,18.910000,20.290000
7f0c365f-eb9f-4dac-8891-0da6588acaca,SPY   260417C00691000,2026-04-17T16:00:00Z,19.750000,21.330000,19.560000,20.920000
7f0c365f-eb9f-4dac-8891-0da6588acaca,SPY   260417C00691000,2026-04-17T17:00:00Z,19.110000,19.720000,18.820000,19.670000
7f0c365f-eb9f-4dac-8891-0da6588acaca,SPY   260417C00691000,2026-04-17T18:00:00Z,19.350000,19.510000,18.190000,18.670000
7f0c365f-eb9f-4dac-8891-0da6588acaca,SPY   260417C00691000,2026-04-17T19:00:00Z,18.870000,19.070000,18.010000,19.020000
80878a5d-17f5-433f-92b5-65117a8c67f3,SPY   251024P00654000,2025-10-20T14:00:00Z,1.280000,1.280000,0.850000,0.870000
80878a5d-17f5-433f-92b5-65117a8c67f3,SPY   251024P00654000,2025-10-20T15:00:00Z,0.870000,1.030000,0.870000,0.960000
80878a5d-17f5-433f-92b5-65117a8c67f3,SPY   251024P00654000,2025-10-20T16:00:00Z,0.980000,1.000000,0.940000,0.970000
80878a5d-17f5-433f-92b5-65117a8c67f3,SPY   251024P00654000,2025-10-20T17:00:00Z,0.920000,0.920000,0.780000,0.820000
80878a5d-17f5-433f-92b5-65117a8c67f3,SPY   251024P00654000,2025-10-20T18:00:00Z,0.820000,0.830000,0.730000,0.740000
80878a5d-17f5-433f-92b5-65117a8c67f3,SPY   251024P00654000,2025-10-20T19:00:00Z,0.660000,0.660000,0.660000,0.660000
80878a5d-17f5-433f-92b5-65117a8c67f3,SPY   251024P00654000,2025-10-21T14:00:00Z,0.750000,0.810000,0.420000,0.420000
80878a5d-17f5-433f-92b5-65117a8c67f3,SPY   251024P00654000,2025-10-21T15:00:00Z,0.460000,0.490000,0.460000,0.480000
80878a5d-17f5-433f-92b5-65117a8c67f3,SPY   251024P00654000,2025-10-21T16:00:00Z,0.440000,0.470000,0.440000,0.470000
80878a5d-17f5-433f-92b5-65117a8c67f3,SPY   251024P00654000,2025-10-21T17:00:00Z,0.520000,0.600000,0.380000,0.380000
80878a5d-17f5-433f-92b5-65117a8c67f3,SPY   251024P00654000,2025-10-21T18:00:00Z,0.380000,0.390000,0.320000,0.340000
80878a5d-17f5-433f-92b5-65117a8c67f3,SPY   251024P00654000,2025-10-21T19:00:00Z,0.340000,0.390000,0.330000,0.350000
80878a5d-17f5-433f-92b5-65117a8c67f3,SPY   251024P00654000,2025-10-22T14:00:00Z,0.390000,0.650000,0.350000,0.380000
80878a5d-17f5-433f-92b5-65117a8c67f3,SPY   251024P00654000,2025-10-22T15:00:00Z,0.410000,0.410000,0.400000,0.410000
80878a5d-17f5-433f-92b5-65117a8c67f3,SPY   251024P00654000,2025-10-22T16:00:00Z,1.110000,1.250000,0.680000,0.680000
80878a5d-17f5-433f-92b5-65117a8c67f3,SPY   251024P00654000,2025-10-22T17:00:00Z,0.710000,1.250000,0.630000,1.250000
80878a5d-17f5-433f-92b5-65117a8c67f3,SPY   251024P00654000,2025-10-22T18:00:00Z,1.100000,1.100000,0.680000,0.720000
80878a5d-17f5-433f-92b5-65117a8c67f3,SPY   251024P00654000,2025-10-22T19:00:00Z,0.490000,0.560000,0.370000,0.410000
80878a5d-17f5-433f-92b5-65117a8c67f3,SPY   251024P00654000,2025-10-23T14:00:00Z,0.190000,0.280000,0.170000,0.170000
80878a5d-17f5-433f-92b5-65117a8c67f3,SPY   251024P00654000,2025-10-23T15:00:00Z,0.200000,0.210000,0.180000,0.190000
80878a5d-17f5-433f-92b5-65117a8c67f3,SPY   251024P00654000,2025-10-23T16:00:00Z,0.140000,0.140000,0.120000,0.120000
80878a5d-17f5-433f-92b5-65117a8c67f3,SPY   251024P00654000,2025-10-23T17:00:00Z,0.120000,0.120000,0.110000,0.110000
80878a5d-17f5-433f-92b5-65117a8c67f3,SPY   251024P00654000,2025-10-23T18:00:00Z,0.110000,0.110000,0.100000,0.100000
80878a5d-17f5-433f-92b5-65117a8c67f3,SPY   251024P00654000,2025-10-23T19:00:00Z,0.100000,0.100000,0.090000,0.090000
80878a5d-17f5-433f-92b5-65117a8c67f3,SPY   251024P00654000,2025-10-24T14:00:00Z,0.040000,0.050000,0.030000,0.040000
80878a5d-17f5-433f-92b5-65117a8c67f3,SPY   251024P00654000,2025-10-24T15:00:00Z,0.030000,0.050000,0.030000,0.050000
80878a5d-17f5-433f-92b5-65117a8c67f3,SPY   251024P00654000,2025-10-24T16:00:00Z,0.040000,0.040000,0.030000,0.030000
80878a5d-17f5-433f-92b5-65117a8c67f3,SPY   251024P00654000,2025-10-24T17:00:00Z,0.030000,0.030000,0.020000,0.020000
80878a5d-17f5-433f-92b5-65117a8c67f3,SPY   251024P00654000,2025-10-24T18:00:00Z,0.020000,0.020000,0.020000,0.020000
80878a5d-17f5-433f-92b5-65117a8c67f3,SPY   251024P00654000,2025-10-24T19:00:00Z,0.020000,0.020000,0.010000,0.010000
80d1e165-b7c2-4923-8c2f-b621bb8d866f,SPY   251212P00666000,2025-12-02T15:00:00Z,2.060000,2.370000,1.770000,1.830000
80d1e165-b7c2-4923-8c2f-b621bb8d866f,SPY   251212P00666000,2025-12-02T16:00:00Z,1.830000,2.750000,1.770000,2.510000
80d1e165-b7c2-4923-8c2f-b621bb8d866f,SPY   251212P00666000,2025-12-02T17:00:00Z,2.500000,2.560000,1.930000,2.560000
80d1e165-b7c2-4923-8c2f-b621bb8d866f,SPY   251212P00666000,2025-12-02T18:00:00Z,2.590000,2.610000,2.170000,2.250000
80d1e165-b7c2-4923-8c2f-b621bb8d866f,SPY   251212P00666000,2025-12-02T19:00:00Z,2.260000,2.320000,1.890000,1.940000
80d1e165-b7c2-4923-8c2f-b621bb8d866f,SPY   251212P00666000,2025-12-02T20:00:00Z,1.940000,2.010000,1.800000,1.900000
80d1e165-b7c2-4923-8c2f-b621bb8d866f,SPY   251212P00666000,2025-12-03T15:00:00Z,2.230000,2.270000,1.660000,1.760000
80d1e165-b7c2-4923-8c2f-b621bb8d866f,SPY   251212P00666000,2025-12-03T16:00:00Z,1.800000,1.810000,1.510000,1.540000
80d1e165-b7c2-4923-8c2f-b621bb8d866f,SPY   251212P00666000,2025-12-03T17:00:00Z,1.720000,1.730000,1.370000,1.410000
80d1e165-b7c2-4923-8c2f-b621bb8d866f,SPY   251212P00666000,2025-12-03T18:00:00Z,1.410000,1.460000,1.280000,1.360000
80d1e165-b7c2-4923-8c2f-b621bb8d866f,SPY   251212P00666000,2025-12-03T19:00:00Z,1.370000,1.370000,1.310000,1.310000
80d1e165-b7c2-4923-8c2f-b621bb8d866f,SPY   251212P00666000,2025-12-03T20:00:00Z,1.210000,1.280000,1.170000,1.270000
80d1e165-b7c2-4923-8c2f-b621bb8d866f,SPY   251212P00666000,2025-12-04T15:00:00Z,1.390000,1.540000,1.110000,1.300000
80d1e165-b7c2-4923-8c2f-b621bb8d866f,SPY   251212P00666000,2025-12-04T16:00:00Z,1.300000,1.510000,1.210000,1.270000
80d1e165-b7c2-4923-8c2f-b621bb8d866f,SPY   251212P00666000,2025-12-04T17:00:00Z,1.110000,1.170000,1.060000,1.060000
80d1e165-b7c2-4923-8c2f-b621bb8d866f,SPY   251212P00666000,2025-12-04T18:00:00Z,1.060000,1.170000,1.020000,1.040000
80d1e165-b7c2-4923-8c2f-b621bb8d866f,SPY   251212P00666000,2025-12-04T19:00:00Z,1.140000,1.480000,1.010000,1.070000
80d1e165-b7c2-4923-8c2f-b621bb8d866f,SPY   251212P00666000,2025-12-04T20:00:00Z,1.100000,1.250000,1.020000,1.020000
80d1e165-b7c2-4923-8c2f-b621bb8d866f,SPY   251212P00666000,2025-12-05T15:00:00Z,0.710000,0.710000,0.610000,0.620000
80d1e165-b7c2-4923-8c2f-b621bb8d866f,SPY   251212P00666000,2025-12-05T16:00:00Z,0.690000,0.860000,0.650000,0.740000
80d1e165-b7c2-4923-8c2f-b621bb8d866f,SPY   251212P00666000,2025-12-05T17:00:00Z,0.740000,0.810000,0.700000,0.770000
80d1e165-b7c2-4923-8c2f-b621bb8d866f,SPY   251212P00666000,2025-12-05T18:00:00Z,0.660000,0.710000,0.570000,0.610000
80d1e165-b7c2-4923-8c2f-b621bb8d866f,SPY   251212P00666000,2025-12-05T19:00:00Z,0.620000,0.660000,0.540000,0.540000
80d1e165-b7c2-4923-8c2f-b621bb8d866f,SPY   251212P00666000,2025-12-05T20:00:00Z,0.540000,0.630000,0.520000,0.630000
80d1e165-b7c2-4923-8c2f-b621bb8d866f,SPY   251212P00666000,2025-12-08T15:00:00Z,0.630000,0.630000,0.620000,0.630000
80d1e165-b7c2-4923-8c2f-b621bb8d866f,SPY   251212P00666000,2025-12-08T16:00:00Z,0.670000,0.770000,0.650000,0.700000
80d1e165-b7c2-4923-8c2f-b621bb8d866f,SPY   251212P00666000,2025-12-08T17:00:00Z,0.650000,0.660000,0.560000,0.570000
80d1e165-b7c2-4923-8c2f-b621bb8d866f,SPY   251212P00666000,2025-12-08T18:00:00Z,0.600000,0.610000,0.600000,0.600000
80d1e165-b7c2-4923-8c2f-b621bb8d866f,SPY   251212P00666000,2025-12-08T19:00:00Z,0.760000,0.820000,0.630000,0.690000
80d1e165-b7c2-4923-8c2f-b621bb8d866f,SPY   251212P00666000,2025-12-08T20:00:00Z,0.700000,0.760000,0.660000,0.670000
80d1e165-b7c2-4923-8c2f-b621bb8d866f,SPY   251212P00666000,2025-12-09T15:00:00Z,0.510000,0.620000,0.450000,0.450000
80d1e165-b7c2-4923-8c2f-b621bb8d866f,SPY   251212P00666000,2025-12-09T16:00:00Z,0.390000,0.390000,0.380000,0.390000
80d1e165-b7c2-4923-8c2f-b621bb8d866f,SPY   251212P00666000,2025-12-09T17:00:00Z,0.390000,0.480000,0.370000,0.410000
80d1e165-b7c2-4923-8c2f-b621bb8d866f,SPY   251212P00666000,2025-12-09T18:00:00Z,0.420000,0.420000,0.400000,0.410000
80d1e165-b7c2-4923-8c2f-b621bb8d866f,SPY   251212P00666000,2025-12-09T19:00:00Z,0.390000,0.410000,0.390000,0.400000
80d1e165-b7c2-4923-8c2f-b621bb8d866f,SPY   251212P00666000,2025-12-09T20:00:00Z,0.400000,0.430000,0.380000,0.430000
80d1e165-b7c2-4923-8c2f-b621bb8d866f,SPY   251212P00666000,2025-12-10T15:00:00Z,0.380000,0.500000,0.360000,0.430000
80d1e165-b7c2-4923-8c2f-b621bb8d866f,SPY   251212P00666000,2025-12-10T16:00:00Z,0.440000,0.500000,0.340000,0.350000
80d1e165-b7c2-4923-8c2f-b621bb8d866f,SPY   251212P00666000,2025-12-10T17:00:00Z,0.350000,0.390000,0.330000,0.350000
80d1e165-b7c2-4923-8c2f-b621bb8d866f,SPY   251212P00666000,2025-12-10T18:00:00Z,0.350000,0.460000,0.340000,0.460000
80d1e165-b7c2-4923-8c2f-b621bb8d866f,SPY   251212P00666000,2025-12-10T19:00:00Z,0.340000,0.410000,0.170000,0.170000
80d1e165-b7c2-4923-8c2f-b621bb8d866f,SPY   251212P00666000,2025-12-10T20:00:00Z,0.090000,0.090000,0.090000,0.090000
80d1e165-b7c2-4923-8c2f-b621bb8d866f,SPY   251212P00666000,2025-12-11T15:00:00Z,0.140000,0.150000,0.060000,0.060000
80d1e165-b7c2-4923-8c2f-b621bb8d866f,SPY   251212P00666000,2025-12-11T16:00:00Z,0.060000,0.070000,0.050000,0.050000
80d1e165-b7c2-4923-8c2f-b621bb8d866f,SPY   251212P00666000,2025-12-11T17:00:00Z,0.050000,0.050000,0.050000,0.050000
80d1e165-b7c2-4923-8c2f-b621bb8d866f,SPY   251212P00666000,2025-12-11T18:00:00Z,0.050000,0.050000,0.040000,0.040000
80d1e165-b7c2-4923-8c2f-b621bb8d866f,SPY   251212P00666000,2025-12-11T19:00:00Z,0.040000,0.040000,0.040000,0.040000
80d1e165-b7c2-4923-8c2f-b621bb8d866f,SPY   251212P00666000,2025-12-11T20:00:00Z,0.030000,0.030000,0.030000,0.030000
80d1e165-b7c2-4923-8c2f-b621bb8d866f,SPY   251212P00666000,2025-12-12T15:00:00Z,0.020000,0.050000,0.020000,0.040000
80d1e165-b7c2-4923-8c2f-b621bb8d866f,SPY   251212P00666000,2025-12-12T16:00:00Z,0.040000,0.110000,0.040000,0.050000
80d1e165-b7c2-4923-8c2f-b621bb8d866f,SPY   251212P00666000,2025-12-12T17:00:00Z,0.030000,0.030000,0.030000,0.030000
80d1e165-b7c2-4923-8c2f-b621bb8d866f,SPY   251212P00666000,2025-12-12T18:00:00Z,0.020000,0.020000,0.020000,0.020000
80d1e165-b7c2-4923-8c2f-b621bb8d866f,SPY   251212P00666000,2025-12-12T19:00:00Z,0.020000,0.020000,0.020000,0.020000
80d1e165-b7c2-4923-8c2f-b621bb8d866f,SPY   251212P00666000,2025-12-12T20:00:00Z,0.020000,0.020000,0.010000,0.010000
8206efdc-f6d7-4189-b52a-c121c9adb81e,SPY   251003P00657000,2025-09-23T14:00:00Z,2.260000,2.350000,2.160000,2.290000
8206efdc-f6d7-4189-b52a-c121c9adb81e,SPY   251003P00657000,2025-09-23T15:00:00Z,2.310000,2.320000,2.260000,2.310000
8206efdc-f6d7-4189-b52a-c121c9adb81e,SPY   251003P00657000,2025-09-23T16:00:00Z,2.520000,2.680000,2.380000,2.560000
8206efdc-f6d7-4189-b52a-c121c9adb81e,SPY   251003P00657000,2025-09-23T17:00:00Z,2.560000,3.730000,2.540000,3.250000
8206efdc-f6d7-4189-b52a-c121c9adb81e,SPY   251003P00657000,2025-09-23T18:00:00Z,3.250000,3.720000,3.250000,3.680000
8206efdc-f6d7-4189-b52a-c121c9adb81e,SPY   251003P00657000,2025-09-23T19:00:00Z,3.320000,3.380000,3.230000,3.270000
8206efdc-f6d7-4189-b52a-c121c9adb81e,SPY   251003P00657000,2025-09-24T14:00:00Z,2.980000,3.030000,2.980000,3.000000
8206efdc-f6d7-4189-b52a-c121c9adb81e,SPY   251003P00657000,2025-09-24T15:00:00Z,3.050000,3.780000,2.990000,3.670000
8206efdc-f6d7-4189-b52a-c121c9adb81e,SPY   251003P00657000,2025-09-24T16:00:00Z,3.710000,3.720000,3.690000,3.700000
8206efdc-f6d7-4189-b52a-c121c9adb81e,SPY   251003P00657000,2025-09-24T17:00:00Z,3.710000,3.790000,3.700000,3.700000
8206efdc-f6d7-4189-b52a-c121c9adb81e,SPY   251003P00657000,2025-09-24T18:00:00Z,3.700000,3.930000,3.420000,3.500000
8206efdc-f6d7-4189-b52a-c121c9adb81e,SPY   251003P00657000,2025-09-24T19:00:00Z,3.300000,3.500000,3.230000,3.240000
8206efdc-f6d7-4189-b52a-c121c9adb81e,SPY   251003P00657000,2025-09-25T14:00:00Z,5.510000,5.510000,4.510000,4.540000
8206efdc-f6d7-4189-b52a-c121c9adb81e,SPY   251003P00657000,2025-09-25T15:00:00Z,4.070000,4.450000,4.020000,4.410000
8206efdc-f6d7-4189-b52a-c121c9adb81e,SPY   251003P00657000,2025-09-25T16:00:00Z,3.820000,4.400000,3.700000,4.250000
8206efdc-f6d7-4189-b52a-c121c9adb81e,SPY   251003P00657000,2025-09-25T17:00:00Z,4.100000,4.190000,4.100000,4.140000
8206efdc-f6d7-4189-b52a-c121c9adb81e,SPY   251003P00657000,2025-09-25T18:00:00Z,5.460000,6.180000,4.180000,4.320000
8206efdc-f6d7-4189-b52a-c121c9adb81e,SPY   251003P00657000,2025-09-25T19:00:00Z,4.380000,4.390000,4.220000,4.220000
8206efdc-f6d7-4189-b52a-c121c9adb81e,SPY   251003P00657000,2025-09-26T14:00:00Z,2.500000,3.770000,2.500000,3.560000
8206efdc-f6d7-4189-b52a-c121c9adb81e,SPY   251003P00657000,2025-09-26T15:00:00Z,3.720000,3.900000,2.990000,3.550000
8206efdc-f6d7-4189-b52a-c121c9adb81e,SPY   251003P00657000,2025-09-26T16:00:00Z,2.840000,2.910000,2.700000,2.760000
8206efdc-f6d7-4189-b52a-c121c9adb81e,SPY   251003P00657000,2025-09-26T17:00:00Z,2.350000,2.470000,2.310000,2.380000
8206efdc-f6d7-4189-b52a-c121c9adb81e,SPY   251003P00657000,2025-09-26T18:00:00Z,2.430000,2.600000,2.210000,2.280000
8206efdc-f6d7-4189-b52a-c121c9adb81e,SPY   251003P00657000,2025-09-26T19:00:00Z,2.160000,2.350000,2.120000,2.280000
8206efdc-f6d7-4189-b52a-c121c9adb81e,SPY   251003P00657000,2025-09-29T14:00:00Z,1.220000,1.330000,1.060000,1.160000
8206efdc-f6d7-4189-b52a-c121c9adb81e,SPY   251003P00657000,2025-09-29T15:00:00Z,1.160000,1.500000,1.120000,1.370000
8206efdc-f6d7-4189-b52a-c121c9adb81e,SPY   251003P00657000,2025-09-29T16:00:00Z,1.370000,1.480000,1.240000,1.430000
8206efdc-f6d7-4189-b52a-c121c9adb81e,SPY   251003P00657000,2025-09-29T17:00:00Z,1.430000,1.600000,1.420000,1.560000
8206efdc-f6d7-4189-b52a-c121c9adb81e,SPY   251003P00657000,2025-09-29T18:00:00Z,1.430000,1.440000,1.230000,1.330000
8206efdc-f6d7-4189-b52a-c121c9adb81e,SPY   251003P00657000,2025-09-29T19:00:00Z,1.320000,1.760000,1.300000,1.380000
8206efdc-f6d7-4189-b52a-c121c9adb81e,SPY   251003P00657000,2025-09-30T14:00:00Z,1.200000,1.510000,1.080000,1.130000
8206efdc-f6d7-4189-b52a-c121c9adb81e,SPY   251003P00657000,2025-09-30T15:00:00Z,1.130000,1.290000,1.080000,1.290000
8206efdc-f6d7-4189-b52a-c121c9adb81e,SPY   251003P00657000,2025-09-30T16:00:00Z,1.190000,1.330000,1.070000,1.240000
8206efdc-f6d7-4189-b52a-c121c9adb81e,SPY   251003P00657000,2025-09-30T17:00:00Z,1.270000,1.270000,1.220000,1.220000
8206efdc-f6d7-4189-b52a-c121c9adb81e,SPY   251003P00657000,2025-09-30T18:00:00Z,1.280000,1.300000,1.010000,1.060000
8206efdc-f6d7-4189-b52a-c121c9adb81e,SPY   251003P00657000,2025-09-30T19:00:00Z,0.970000,0.990000,0.800000,0.800000
8206efdc-f6d7-4189-b52a-c121c9adb81e,SPY   251003P00657000,2025-10-01T14:00:00Z,0.800000,0.850000,0.790000,0.820000
8206efdc-f6d7-4189-b52a-c121c9adb81e,SPY   251003P00657000,2025-10-01T15:00:00Z,0.560000,0.560000,0.560000,0.560000
8206efdc-f6d7-4189-b52a-c121c9adb81e,SPY   251003P00657000,2025-10-01T16:00:00Z,0.470000,0.510000,0.460000,0.510000
8206efdc-f6d7-4189-b52a-c121c9adb81e,SPY   251003P00657000,2025-10-01T17:00:00Z,0.480000,0.480000,0.400000,0.410000
8206efdc-f6d7-4189-b52a-c121c9adb81e,SPY   251003P00657000,2025-10-01T18:00:00Z,0.400000,0.400000,0.360000,0.360000
8206efdc-f6d7-4189-b52a-c121c9adb81e,SPY   251003P00657000,2025-10-01T19:00:00Z,0.360000,0.390000,0.340000,0.350000
8206efdc-f6d7-4189-b52a-c121c9adb81e,SPY   251003P00657000,2025-10-02T14:00:00Z,0.210000,0.260000,0.210000,0.250000
8206efdc-f6d7-4189-b52a-c121c9adb81e,SPY   251003P00657000,2025-10-02T15:00:00Z,0.300000,0.330000,0.250000,0.280000
8206efdc-f6d7-4189-b52a-c121c9adb81e,SPY   251003P00657000,2025-10-02T16:00:00Z,0.240000,0.250000,0.220000,0.220000
8206efdc-f6d7-4189-b52a-c121c9adb81e,SPY   251003P00657000,2025-10-02T17:00:00Z,0.210000,0.230000,0.180000,0.180000
8206efdc-f6d7-4189-b52a-c121c9adb81e,SPY   251003P00657000,2025-10-02T18:00:00Z,0.180000,0.180000,0.160000,0.160000
8206efdc-f6d7-4189-b52a-c121c9adb81e,SPY   251003P00657000,2025-10-02T19:00:00Z,0.140000,0.140000,0.140000,0.140000
8206efdc-f6d7-4189-b52a-c121c9adb81e,SPY   251003P00657000,2025-10-03T14:00:00Z,0.040000,0.040000,0.040000,0.040000
8206efdc-f6d7-4189-b52a-c121c9adb81e,SPY   251003P00657000,2025-10-03T15:00:00Z,0.050000,0.050000,0.040000,0.040000
8206efdc-f6d7-4189-b52a-c121c9adb81e,SPY   251003P00657000,2025-10-03T16:00:00Z,0.030000,0.030000,0.030000,0.030000
8206efdc-f6d7-4189-b52a-c121c9adb81e,SPY   251003P00657000,2025-10-03T17:00:00Z,0.040000,0.040000,0.030000,0.030000
8206efdc-f6d7-4189-b52a-c121c9adb81e,SPY   251003P00657000,2025-10-03T18:00:00Z,0.020000,0.020000,0.020000,0.020000
8206efdc-f6d7-4189-b52a-c121c9adb81e,SPY   251003P00657000,2025-10-03T19:00:00Z,0.010000,0.010000,0.010000,0.010000
84b719e7-a8e4-4d65-a94a-1970178ec5ee,SPY   260501P00696000,2026-04-21T14:00:00Z,3.350000,3.430000,3.140000,3.350000
84b719e7-a8e4-4d65-a94a-1970178ec5ee,SPY   260501P00696000,2026-04-21T15:00:00Z,4.140000,4.740000,4.030000,4.540000
84b719e7-a8e4-4d65-a94a-1970178ec5ee,SPY   260501P00696000,2026-04-21T16:00:00Z,4.400000,4.470000,4.320000,4.350000
84b719e7-a8e4-4d65-a94a-1970178ec5ee,SPY   260501P00696000,2026-04-21T17:00:00Z,4.690000,4.920000,4.460000,4.760000
84b719e7-a8e4-4d65-a94a-1970178ec5ee,SPY   260501P00696000,2026-04-21T18:00:00Z,5.250000,5.250000,5.110000,5.110000
84b719e7-a8e4-4d65-a94a-1970178ec5ee,SPY   260501P00696000,2026-04-21T19:00:00Z,4.170000,4.190000,4.070000,4.100000
84b719e7-a8e4-4d65-a94a-1970178ec5ee,SPY   260501P00696000,2026-04-22T14:00:00Z,3.250000,3.370000,2.910000,3.050000
84b719e7-a8e4-4d65-a94a-1970178ec5ee,SPY   260501P00696000,2026-04-22T15:00:00Z,3.010000,3.340000,3.000000,3.180000
84b719e7-a8e4-4d65-a94a-1970178ec5ee,SPY   260501P00696000,2026-04-22T16:00:00Z,3.340000,3.380000,3.250000,3.290000
84b719e7-a8e4-4d65-a94a-1970178ec5ee,SPY   260501P00696000,2026-04-22T17:00:00Z,3.110000,3.170000,3.090000,3.170000
84b719e7-a8e4-4d65-a94a-1970178ec5ee,SPY   260501P00696000,2026-04-22T18:00:00Z,3.090000,3.180000,2.950000,3.030000
84b719e7-a8e4-4d65-a94a-1970178ec5ee,SPY   260501P00696000,2026-04-22T19:00:00Z,3.020000,3.030000,2.550000,2.570000
84b719e7-a8e4-4d65-a94a-1970178ec5ee,SPY   260501P00696000,2026-04-23T14:00:00Z,2.990000,3.180000,2.810000,2.810000
84b719e7-a8e4-4d65-a94a-1970178ec5ee,SPY   260501P00696000,2026-04-23T15:00:00Z,2.410000,2.460000,2.370000,2.430000
84b719e7-a8e4-4d65-a94a-1970178ec5ee,SPY   260501P00696000,2026-04-23T16:00:00Z,2.640000,2.850000,2.500000,2.580000
84b719e7-a8e4-4d65-a94a-1970178ec5ee,SPY   260501P00696000,2026-04-23T17:00:00Z,2.570000,6.220000,2.510000,4.250000
84b719e7-a8e4-4d65-a94a-1970178ec5ee,SPY   260501P00696000,2026-04-23T18:00:00Z,3.620000,3.920000,3.070000,3.790000
84b719e7-a8e4-4d65-a94a-1970178ec5ee,SPY   260501P00696000,2026-04-23T19:00:00Z,3.810000,3.850000,3.100000,3.430000
84b719e7-a8e4-4d65-a94a-1970178ec5ee,SPY   260501P00696000,2026-04-24T14:00:00Z,2.470000,2.790000,2.010000,2.040000
84b719e7-a8e4-4d65-a94a-1970178ec5ee,SPY   260501P00696000,2026-04-24T15:00:00Z,1.980000,2.090000,1.700000,1.790000
84b719e7-a8e4-4d65-a94a-1970178ec5ee,SPY   260501P00696000,2026-04-24T16:00:00Z,1.810000,1.940000,1.770000,1.910000
84b719e7-a8e4-4d65-a94a-1970178ec5ee,SPY   260501P00696000,2026-04-24T17:00:00Z,1.820000,1.970000,1.710000,1.780000
84b719e7-a8e4-4d65-a94a-1970178ec5ee,SPY   260501P00696000,2026-04-24T18:00:00Z,1.760000,1.780000,1.760000,1.770000
84b719e7-a8e4-4d65-a94a-1970178ec5ee,SPY   260501P00696000,2026-04-24T19:00:00Z,1.710000,1.810000,1.530000,1.540000
84b719e7-a8e4-4d65-a94a-1970178ec5ee,SPY   260501P00696000,2026-04-27T14:00:00Z,1.200000,1.240000,1.060000,1.140000
84b719e7-a8e4-4d65-a94a-1970178ec5ee,SPY   260501P00696000,2026-04-27T15:00:00Z,1.130000,1.380000,1.120000,1.150000
84b719e7-a8e4-4d65-a94a-1970178ec5ee,SPY   260501P00696000,2026-04-27T16:00:00Z,1.150000,1.180000,1.020000,1.060000
84b719e7-a8e4-4d65-a94a-1970178ec5ee,SPY   260501P00696000,2026-04-27T17:00:00Z,1.040000,1.040000,1.000000,1.000000
84b719e7-a8e4-4d65-a94a-1970178ec5ee,SPY   260501P00696000,2026-04-27T18:00:00Z,0.980000,0.990000,0.930000,0.940000
84b719e7-a8e4-4d65-a94a-1970178ec5ee,SPY   260501P00696000,2026-04-27T19:00:00Z,0.950000,0.980000,0.840000,0.850000
84b719e7-a8e4-4d65-a94a-1970178ec5ee,SPY   260501P00696000,2026-04-28T14:00:00Z,1.340000,1.680000,1.190000,1.370000
84b719e7-a8e4-4d65-a94a-1970178ec5ee,SPY   260501P00696000,2026-04-28T15:00:00Z,1.350000,1.460000,1.260000,1.370000
84b719e7-a8e4-4d65-a94a-1970178ec5ee,SPY   260501P00696000,2026-04-28T16:00:00Z,1.360000,1.440000,1.220000,1.260000
84b719e7-a8e4-4d65-a94a-1970178ec5ee,SPY   260501P00696000,2026-04-28T17:00:00Z,1.260000,1.400000,1.010000,1.040000
84b719e7-a8e4-4d65-a94a-1970178ec5ee,SPY   260501P00696000,2026-04-28T18:00:00Z,1.030000,1.090000,0.930000,0.930000
84b719e7-a8e4-4d65-a94a-1970178ec5ee,SPY   260501P00696000,2026-04-28T19:00:00Z,0.930000,0.930000,0.750000,0.800000
84b719e7-a8e4-4d65-a94a-1970178ec5ee,SPY   260501P00696000,2026-04-29T14:00:00Z,0.870000,0.930000,0.700000,0.780000
84b719e7-a8e4-4d65-a94a-1970178ec5ee,SPY   260501P00696000,2026-04-29T15:00:00Z,0.780000,1.110000,0.760000,0.980000
84b719e7-a8e4-4d65-a94a-1970178ec5ee,SPY   260501P00696000,2026-04-29T16:00:00Z,0.970000,1.230000,0.870000,1.020000
84b719e7-a8e4-4d65-a94a-1970178ec5ee,SPY   260501P00696000,2026-04-29T17:00:00Z,1.040000,1.160000,0.840000,0.840000
84b719e7-a8e4-4d65-a94a-1970178ec5ee,SPY   260501P00696000,2026-04-29T18:00:00Z,0.840000,1.280000,0.750000,0.750000
84b719e7-a8e4-4d65-a94a-1970178ec5ee,SPY   260501P00696000,2026-04-29T19:00:00Z,0.740000,0.830000,0.640000,0.760000
84b719e7-a8e4-4d65-a94a-1970178ec5ee,SPY   260501P00696000,2026-04-30T14:00:00Z,0.270000,0.300000,0.120000,0.130000
84b719e7-a8e4-4d65-a94a-1970178ec5ee,SPY   260501P00696000,2026-04-30T15:00:00Z,0.110000,0.110000,0.110000,0.110000
84b719e7-a8e4-4d65-a94a-1970178ec5ee,SPY   260501P00696000,2026-04-30T16:00:00Z,0.100000,0.120000,0.090000,0.120000
84b719e7-a8e4-4d65-a94a-1970178ec5ee,SPY   260501P00696000,2026-04-30T17:00:00Z,0.120000,0.120000,0.080000,0.080000
84b719e7-a8e4-4d65-a94a-1970178ec5ee,SPY   260501P00696000,2026-04-30T18:00:00Z,0.080000,0.080000,0.060000,0.060000
84b719e7-a8e4-4d65-a94a-1970178ec5ee,SPY   260501P00696000,2026-04-30T19:00:00Z,0.040000,0.040000,0.040000,0.040000
84b719e7-a8e4-4d65-a94a-1970178ec5ee,SPY   260501P00696000,2026-05-01T14:00:00Z,0.050000,0.050000,0.010000,0.020000
84b719e7-a8e4-4d65-a94a-1970178ec5ee,SPY   260501P00696000,2026-05-01T15:00:00Z,0.020000,0.030000,0.010000,0.020000
84b719e7-a8e4-4d65-a94a-1970178ec5ee,SPY   260501P00696000,2026-05-01T16:00:00Z,0.020000,0.020000,0.020000,0.020000
84b719e7-a8e4-4d65-a94a-1970178ec5ee,SPY   260501P00696000,2026-05-01T17:00:00Z,0.020000,0.020000,0.020000,0.020000
84b719e7-a8e4-4d65-a94a-1970178ec5ee,SPY   260501P00696000,2026-05-01T18:00:00Z,0.020000,0.020000,0.020000,0.020000
84b719e7-a8e4-4d65-a94a-1970178ec5ee,SPY   260501P00696000,2026-05-01T19:00:00Z,0.020000,0.020000,0.020000,0.020000
866548e7-f92b-4a93-941a-b4a73e5f624f,SPY   260911C00778000,2026-09-08T14:00:00Z,0.510000,0.530000,0.390000,0.490000
866548e7-f92b-4a93-941a-b4a73e5f624f,SPY   260911C00778000,2026-09-08T15:00:00Z,0.490000,0.580000,0.430000,0.430000
866548e7-f92b-4a93-941a-b4a73e5f624f,SPY   260911C00778000,2026-09-08T16:00:00Z,0.430000,0.470000,0.340000,0.360000
866548e7-f92b-4a93-941a-b4a73e5f624f,SPY   260911C00778000,2026-09-08T17:00:00Z,0.360000,0.490000,0.360000,0.400000
866548e7-f92b-4a93-941a-b4a73e5f624f,SPY   260911C00778000,2026-09-08T18:00:00Z,0.400000,0.430000,0.380000,0.390000
866548e7-f92b-4a93-941a-b4a73e5f624f,SPY   260911C00778000,2026-09-08T19:00:00Z,0.320000,0.330000,0.280000,0.280000
866548e7-f92b-4a93-941a-b4a73e5f624f,SPY   260911C00778000,2026-09-09T14:00:00Z,0.130000,0.130000,0.120000,0.120000
866548e7-f92b-4a93-941a-b4a73e5f624f,SPY   260911C00778000,2026-09-09T15:00:00Z,0.090000,0.090000,0.090000,0.090000
866548e7-f92b-4a93-941a-b4a73e5f624f,SPY   260911C00778000,2026-09-09T16:00:00Z,0.090000,0.090000,0.080000,0.090000
866548e7-f92b-4a93-941a-b4a73e5f624f,SPY   260911C00778000,2026-09-09T17:00:00Z,0.090000,0.100000,0.090000,0.100000
866548e7-f92b-4a93-941a-b4a73e5f624f,SPY   260911C00778000,2026-09-09T18:00:00Z,0.100000,0.100000,0.080000,0.080000
866548e7-f92b-4a93-941a-b4a73e5f624f,SPY   260911C00778000,2026-09-09T19:00:00Z,0.080000,0.080000,0.070000,0.070000
866548e7-f92b-4a93-941a-b4a73e5f624f,SPY   260911C00778000,2026-09-10T14:00:00Z,0.030000,0.030000,0.020000,0.020000
866548e7-f92b-4a93-941a-b4a73e5f624f,SPY   260911C00778000,2026-09-10T15:00:00Z,0.020000,0.020000,0.020000,0.020000
866548e7-f92b-4a93-941a-b4a73e5f624f,SPY   260911C00778000,2026-09-10T16:00:00Z,0.030000,0.030000,0.030000,0.030000
866548e7-f92b-4a93-941a-b4a73e5f624f,SPY   260911C00778000,2026-09-10T17:00:00Z,0.030000,0.030000,0.030000,0.030000
866548e7-f92b-4a93-941a-b4a73e5f624f,SPY   260911C00778000,2026-09-10T18:00:00Z,0.030000,0.030000,0.030000,0.030000
866548e7-f92b-4a93-941a-b4a73e5f624f,SPY   260911C00778000,2026-09-10T19:00:00Z,0.030000,0.030000,0.030000,0.030000
866548e7-f92b-4a93-941a-b4a73e5f624f,SPY   260911C00778000,2026-09-11T14:00:00Z,0.020000,0.020000,0.020000,0.020000
866548e7-f92b-4a93-941a-b4a73e5f624f,SPY   260911C00778000,2026-09-11T15:00:00Z,0.010000,0.010000,0.010000,0.010000
866548e7-f92b-4a93-941a-b4a73e5f624f,SPY   260911C00778000,2026-09-11T16:00:00Z,0.010000,0.010000,0.010000,0.010000
866548e7-f92b-4a93-941a-b4a73e5f624f,SPY   260911C00778000,2026-09-11T17:00:00Z,0.010000,0.010000,0.010000,0.010000
866548e7-f92b-4a93-941a-b4a73e5f624f,SPY   260911C00778000,2026-09-11T18:00:00Z,0.010000,0.010000,0.010000,0.010000
866548e7-f92b-4a93-941a-b4a73e5f624f,SPY   260911C00778000,2026-09-11T19:00:00Z,0.010000,0.010000,0.010000,0.010000
866c5aa2-32ec-4415-9e0e-b1a003b648e9,SPY   260724C00756000,2026-07-13T14:00:00Z,5.360000,5.470000,4.140000,4.910000
866c5aa2-32ec-4415-9e0e-b1a003b648e9,SPY   260724C00756000,2026-07-13T15:00:00Z,4.950000,5.050000,4.180000,4.240000
866c5aa2-32ec-4415-9e0e-b1a003b648e9,SPY   260724C00756000,2026-07-13T16:00:00Z,4.230000,4.400000,3.680000,3.920000
866c5aa2-32ec-4415-9e0e-b1a003b648e9,SPY   260724C00756000,2026-07-13T17:00:00Z,3.930000,4.150000,3.740000,3.780000
866c5aa2-32ec-4415-9e0e-b1a003b648e9,SPY   260724C00756000,2026-07-13T18:00:00Z,3.780000,4.120000,3.770000,3.920000
866c5aa2-32ec-4415-9e0e-b1a003b648e9,SPY   260724C00756000,2026-07-13T19:00:00Z,3.930000,4.050000,3.580000,3.850000
866c5aa2-32ec-4415-9e0e-b1a003b648e9,SPY   260724C00756000,2026-07-14T14:00:00Z,4.170000,4.820000,3.350000,4.220000
866c5aa2-32ec-4415-9e0e-b1a003b648e9,SPY   260724C00756000,2026-07-14T15:00:00Z,4.240000,4.730000,3.880000,3.980000
866c5aa2-32ec-4415-9e0e-b1a003b648e9,SPY   260724C00756000,2026-07-14T16:00:00Z,4.000000,4.000000,3.780000,3.850000
866c5aa2-32ec-4415-9e0e-b1a003b648e9,SPY   260724C00756000,2026-07-14T17:00:00Z,4.280000,4.280000,4.260000,4.260000
866c5aa2-32ec-4415-9e0e-b1a003b648e9,SPY   260724C00756000,2026-07-14T18:00:00Z,4.380000,4.560000,4.150000,4.290000
866c5aa2-32ec-4415-9e0e-b1a003b648e9,SPY   260724C00756000,2026-07-14T19:00:00Z,4.290000,4.350000,4.080000,4.290000
866c5aa2-32ec-4415-9e0e-b1a003b648e9,SPY   260724C00756000,2026-07-15T14:00:00Z,4.520000,4.540000,4.430000,4.460000
866c5aa2-32ec-4415-9e0e-b1a003b648e9,SPY   260724C00756000,2026-07-15T15:00:00Z,4.100000,4.480000,3.960000,4.070000
866c5aa2-32ec-4415-9e0e-b1a003b648e9,SPY   260724C00756000,2026-07-15T16:00:00Z,3.910000,3.980000,3.120000,3.540000
866c5aa2-32ec-4415-9e0e-b1a003b648e9,SPY   260724C00756000,2026-07-15T17:00:00Z,3.550000,4.670000,3.520000,4.560000
866c5aa2-32ec-4415-9e0e-b1a003b648e9,SPY   260724C00756000,2026-07-15T18:00:00Z,4.570000,4.880000,4.050000,4.080000
866c5aa2-32ec-4415-9e0e-b1a003b648e9,SPY   260724C00756000,2026-07-15T19:00:00Z,4.080000,4.430000,4.010000,4.340000
866c5aa2-32ec-4415-9e0e-b1a003b648e9,SPY   260724C00756000,2026-07-16T14:00:00Z,3.420000,4.340000,3.350000,4.190000
866c5aa2-32ec-4415-9e0e-b1a003b648e9,SPY   260724C00756000,2026-07-16T15:00:00Z,3.920000,3.990000,3.900000,3.990000
866c5aa2-32ec-4415-9e0e-b1a003b648e9,SPY   260724C00756000,2026-07-16T16:00:00Z,3.390000,3.530000,3.340000,3.410000
866c5aa2-32ec-4415-9e0e-b1a003b648e9,SPY   260724C00756000,2026-07-16T17:00:00Z,3.450000,3.470000,3.420000,3.440000
866c5aa2-32ec-4415-9e0e-b1a003b648e9,SPY   260724C00756000,2026-07-16T18:00:00Z,3.210000,3.310000,2.820000,2.910000
866c5aa2-32ec-4415-9e0e-b1a003b648e9,SPY   260724C00756000,2026-07-16T19:00:00Z,2.910000,3.030000,2.320000,2.670000
866c5aa2-32ec-4415-9e0e-b1a003b648e9,SPY   260724C00756000,2026-07-17T14:00:00Z,1.420000,1.920000,1.400000,1.480000
866c5aa2-32ec-4415-9e0e-b1a003b648e9,SPY   260724C00756000,2026-07-17T15:00:00Z,1.340000,1.370000,1.340000,1.360000
866c5aa2-32ec-4415-9e0e-b1a003b648e9,SPY   260724C00756000,2026-07-17T16:00:00Z,1.390000,1.410000,1.380000,1.400000
866c5aa2-32ec-4415-9e0e-b1a003b648e9,SPY   260724C00756000,2026-07-17T17:00:00Z,1.470000,1.570000,1.140000,1.160000
866c5aa2-32ec-4415-9e0e-b1a003b648e9,SPY   260724C00756000,2026-07-17T18:00:00Z,1.170000,1.230000,1.020000,1.100000
866c5aa2-32ec-4415-9e0e-b1a003b648e9,SPY   260724C00756000,2026-07-17T19:00:00Z,1.050000,1.060000,0.830000,1.010000
866c5aa2-32ec-4415-9e0e-b1a003b648e9,SPY   260724C00756000,2026-07-20T14:00:00Z,0.880000,0.970000,0.610000,0.650000
866c5aa2-32ec-4415-9e0e-b1a003b648e9,SPY   260724C00756000,2026-07-20T15:00:00Z,0.760000,0.760000,0.680000,0.730000
866c5aa2-32ec-4415-9e0e-b1a003b648e9,SPY   260724C00756000,2026-07-20T16:00:00Z,0.730000,0.780000,0.680000,0.760000
866c5aa2-32ec-4415-9e0e-b1a003b648e9,SPY   260724C00756000,2026-07-20T17:00:00Z,0.640000,0.670000,0.480000,0.540000
866c5aa2-32ec-4415-9e0e-b1a003b648e9,SPY   260724C00756000,2026-07-20T18:00:00Z,0.410000,0.420000,0.410000,0.420000
866c5aa2-32ec-4415-9e0e-b1a003b648e9,SPY   260724C00756000,2026-07-20T19:00:00Z,0.340000,0.340000,0.340000,0.340000
866c5aa2-32ec-4415-9e0e-b1a003b648e9,SPY   260724C00756000,2026-07-21T14:00:00Z,0.440000,0.600000,0.370000,0.510000
866c5aa2-32ec-4415-9e0e-b1a003b648e9,SPY   260724C00756000,2026-07-21T15:00:00Z,0.510000,0.550000,0.440000,0.530000
866c5aa2-32ec-4415-9e0e-b1a003b648e9,SPY   260724C00756000,2026-07-21T16:00:00Z,0.720000,0.730000,0.720000,0.720000
866c5aa2-32ec-4415-9e0e-b1a003b648e9,SPY   260724C00756000,2026-07-21T17:00:00Z,0.780000,0.810000,0.660000,0.710000
866c5aa2-32ec-4415-9e0e-b1a003b648e9,SPY   260724C00756000,2026-07-21T18:00:00Z,0.710000,0.730000,0.590000,0.620000
866c5aa2-32ec-4415-9e0e-b1a003b648e9,SPY   260724C00756000,2026-07-21T19:00:00Z,0.620000,0.650000,0.570000,0.620000
866c5aa2-32ec-4415-9e0e-b1a003b648e9,SPY   260724C00756000,2026-07-22T14:00:00Z,0.410000,0.420000,0.400000,0.410000
866c5aa2-32ec-4415-9e0e-b1a003b648e9,SPY   260724C00756000,2026-07-22T15:00:00Z,0.350000,0.550000,0.350000,0.550000
866c5aa2-32ec-4415-9e0e-b1a003b648e9,SPY   260724C00756000,2026-07-22T16:00:00Z,0.550000,0.610000,0.490000,0.530000
866c5aa2-32ec-4415-9e0e-b1a003b648e9,SPY   260724C00756000,2026-07-22T17:00:00Z,0.530000,0.550000,0.330000,0.340000
866c5aa2-32ec-4415-9e0e-b1a003b648e9,SPY   260724C00756000,2026-07-22T18:00:00Z,0.350000,0.360000,0.310000,0.310000
866c5aa2-32ec-4415-9e0e-b1a003b648e9,SPY   260724C00756000,2026-07-22T19:00:00Z,0.310000,0.310000,0.230000,0.230000
866c5aa2-32ec-4415-9e0e-b1a003b648e9,SPY   260724C00756000,2026-07-23T14:00:00Z,0.040000,0.040000,0.040000,0.040000
866c5aa2-32ec-4415-9e0e-b1a003b648e9,SPY   260724C00756000,2026-07-23T15:00:00Z,0.030000,0.030000,0.020000,0.020000
866c5aa2-32ec-4415-9e0e-b1a003b648e9,SPY   260724C00756000,2026-07-23T16:00:00Z,0.020000,0.020000,0.020000,0.020000
866c5aa2-32ec-4415-9e0e-b1a003b648e9,SPY   260724C00756000,2026-07-23T17:00:00Z,0.020000,0.020000,0.020000,0.020000
866c5aa2-32ec-4415-9e0e-b1a003b648e9,SPY   260724C00756000,2026-07-23T18:00:00Z,0.020000,0.020000,0.020000,0.020000
866c5aa2-32ec-4415-9e0e-b1a003b648e9,SPY   260724C00756000,2026-07-23T19:00:00Z,0.020000,0.020000,0.020000,0.020000
866c5aa2-32ec-4415-9e0e-b1a003b648e9,SPY   260724C00756000,2026-07-24T14:00:00Z,0.010000,0.010000,0.010000,0.010000
866c5aa2-32ec-4415-9e0e-b1a003b648e9,SPY   260724C00756000,2026-07-24T15:00:00Z,0.010000,0.010000,0.010000,0.010000
866c5aa2-32ec-4415-9e0e-b1a003b648e9,SPY   260724C00756000,2026-07-24T16:00:00Z,0.010000,0.010000,0.010000,0.010000
866c5aa2-32ec-4415-9e0e-b1a003b648e9,SPY   260724C00756000,2026-07-24T17:00:00Z,0.010000,0.010000,0.010000,0.010000
866c5aa2-32ec-4415-9e0e-b1a003b648e9,SPY   260724C00756000,2026-07-24T18:00:00Z,0.010000,0.010000,0.010000,0.010000
866c5aa2-32ec-4415-9e0e-b1a003b648e9,SPY   260724C00756000,2026-07-24T19:00:00Z,0.010000,0.010000,0.010000,0.010000
86b0b560-d1af-4167-8304-d2a08e5fa770,SPY   260626C00760000,2026-06-15T14:00:00Z,3.660000,3.710000,3.650000,3.670000
86b0b560-d1af-4167-8304-d2a08e5fa770,SPY   260626C00760000,2026-06-15T15:00:00Z,3.660000,4.560000,3.660000,4.520000
86b0b560-d1af-4167-8304-d2a08e5fa770,SPY   260626C00760000,2026-06-15T16:00:00Z,4.540000,4.750000,4.060000,4.170000
86b0b560-d1af-4167-8304-d2a08e5fa770,SPY   260626C00760000,2026-06-15T17:00:00Z,4.170000,4.430000,3.980000,4.020000
86b0b560-d1af-4167-8304-d2a08e5fa770,SPY   260626C00760000,2026-06-15T18:00:00Z,4.030000,4.090000,3.730000,3.830000
86b0b560-d1af-4167-8304-d2a08e5fa770,SPY   260626C00760000,2026-06-15T19:00:00Z,3.840000,3.940000,3.440000,3.440000
86b0b560-d1af-4167-8304-d2a08e5fa770,SPY   260626C00760000,2026-06-16T14:00:00Z,3.000000,3.030000,2.710000,2.730000
86b0b560-d1af-4167-8304-d2a08e5fa770,SPY   260626C00760000,2026-06-16T15:00:00Z,2.730000,2.900000,2.450000,2.720000
86b0b560-d1af-4167-8304-d2a08e5fa770,SPY   260626C00760000,2026-06-16T16:00:00Z,2.730000,3.060000,2.530000,2.630000
86b0b560-d1af-4167-8304-d2a08e5fa770,SPY   260626C00760000,2026-06-16T17:00:00Z,2.630000,2.630000,2.250000,2.400000
86b0b560-d1af-4167-8304-d2a08e5fa770,SPY   260626C00760000,2026-06-16T18:00:00Z,2.400000,2.460000,2.280000,2.310000
86b0b560-d1af-4167-8304-d2a08e5fa770,SPY   260626C00760000,2026-06-16T19:00:00Z,2.310000,2.330000,1.990000,2.060000
86b0b560-d1af-4167-8304-d2a08e5fa770,SPY   260626C00760000,2026-06-17T14:00:00Z,1.940000,1.980000,1.920000,1.980000
86b0b560-d1af-4167-8304-d2a08e5fa770,SPY   260626C00760000,2026-06-17T15:00:00Z,1.770000,1.900000,1.750000,1.900000
86b0b560-d1af-4167-8304-d2a08e5fa770,SPY   260626C00760000,2026-06-17T16:00:00Z,2.120000,2.220000,1.980000,1.990000
86b0b560-d1af-4167-8304-d2a08e5fa770,SPY   260626C00760000,2026-06-17T17:00:00Z,1.990000,2.080000,1.770000,2.040000
86b0b560-d1af-4167-8304-d2a08e5fa770,SPY   260626C00760000,2026-06-17T18:00:00Z,2.080000,2.080000,1.090000,1.180000
86b0b560-d1af-4167-8304-d2a08e5fa770,SPY   260626C00760000,2026-06-17T19:00:00Z,1.170000,1.270000,0.580000,0.630000
86b0b560-d1af-4167-8304-d2a08e5fa770,SPY   260626C00760000,2026-06-18T14:00:00Z,0.920000,0.930000,0.890000,0.910000
86b0b560-d1af-4167-8304-d2a08e5fa770,SPY   260626C00760000,2026-06-18T15:00:00Z,0.960000,0.970000,0.840000,0.880000
86b0b560-d1af-4167-8304-d2a08e5fa770,SPY   260626C00760000,2026-06-18T16:00:00Z,0.810000,0.870000,0.730000,0.790000
86b0b560-d1af-4167-8304-d2a08e5fa770,SPY   260626C00760000,2026-06-18T17:00:00Z,0.790000,1.050000,0.770000,0.850000
86b0b560-d1af-4167-8304-d2a08e5fa770,SPY   260626C00760000,2026-06-18T18:00:00Z,0.850000,0.850000,0.640000,0.650000
86b0b560-d1af-4167-8304-d2a08e5fa770,SPY   260626C00760000,2026-06-18T19:00:00Z,0.640000,0.880000,0.540000,0.870000
86b0b560-d1af-4167-8304-d2a08e5fa770,SPY   260626C00760000,2026-06-22T14:00:00Z,0.770000,0.810000,0.310000,0.350000
86b0b560-d1af-4167-8304-d2a08e5fa770,SPY   260626C00760000,2026-06-22T15:00:00Z,0.350000,0.390000,0.310000,0.320000
86b0b560-d1af-4167-8304-d2a08e5fa770,SPY   260626C00760000,2026-06-22T16:00:00Z,0.320000,0.330000,0.270000,0.290000
86b0b560-d1af-4167-8304-d2a08e5fa770,SPY   260626C00760000,2026-06-22T17:00:00Z,0.290000,0.290000,0.230000,0.230000
86b0b560-d1af-4167-8304-d2a08e5fa770,SPY   260626C00760000,2026-06-22T18:00:00Z,0.230000,0.280000,0.200000,0.200000
86b0b560-d1af-4167-8304-d2a08e5fa770,SPY   260626C00760000,2026-06-22T19:00:00Z,0.200000,0.230000,0.180000,0.220000
86b0b560-d1af-4167-8304-d2a08e5fa770,SPY   260626C00760000,2026-06-23T14:00:00Z,0.100000,0.150000,0.090000,0.090000
86b0b560-d1af-4167-8304-d2a08e5fa770,SPY   260626C00760000,2026-06-23T15:00:00Z,0.090000,0.090000,0.070000,0.070000
86b0b560-d1af-4167-8304-d2a08e5fa770,SPY   260626C00760000,2026-06-23T16:00:00Z,0.070000,0.090000,0.070000,0.070000
86b0b560-d1af-4167-8304-d2a08e5fa770,SPY   260626C00760000,2026-06-23T17:00:00Z,0.070000,0.070000,0.040000,0.040000
86b0b560-d1af-4167-8304-d2a08e5fa770,SPY   260626C00760000,2026-06-23T18:00:00Z,0.040000,0.040000,0.040000,0.040000
86b0b560-d1af-4167-8304-d2a08e5fa770,SPY   260626C00760000,2026-06-23T19:00:00Z,0.040000,0.040000,0.040000,0.040000
86b0b560-d1af-4167-8304-d2a08e5fa770,SPY   260626C00760000,2026-06-24T14:00:00Z,0.030000,0.050000,0.030000,0.050000
86b0b560-d1af-4167-8304-d2a08e5fa770,SPY   260626C00760000,2026-06-24T15:00:00Z,0.050000,0.050000,0.040000,0.040000
86b0b560-d1af-4167-8304-d2a08e5fa770,SPY   260626C00760000,2026-06-24T16:00:00Z,0.040000,0.040000,0.030000,0.030000
86b0b560-d1af-4167-8304-d2a08e5fa770,SPY   260626C00760000,2026-06-24T17:00:00Z,0.030000,0.030000,0.030000,0.030000
86b0b560-d1af-4167-8304-d2a08e5fa770,SPY   260626C00760000,2026-06-24T18:00:00Z,0.030000,0.030000,0.020000,0.020000
86b0b560-d1af-4167-8304-d2a08e5fa770,SPY   260626C00760000,2026-06-24T19:00:00Z,0.020000,0.020000,0.020000,0.020000
86b0b560-d1af-4167-8304-d2a08e5fa770,SPY   260626C00760000,2026-06-25T14:00:00Z,0.020000,0.020000,0.020000,0.020000
86b0b560-d1af-4167-8304-d2a08e5fa770,SPY   260626C00760000,2026-06-25T15:00:00Z,0.020000,0.020000,0.020000,0.020000
86b0b560-d1af-4167-8304-d2a08e5fa770,SPY   260626C00760000,2026-06-25T16:00:00Z,0.020000,0.020000,0.010000,0.010000
86b0b560-d1af-4167-8304-d2a08e5fa770,SPY   260626C00760000,2026-06-25T17:00:00Z,0.010000,0.010000,0.010000,0.010000
86b0b560-d1af-4167-8304-d2a08e5fa770,SPY   260626C00760000,2026-06-25T18:00:00Z,0.010000,0.010000,0.010000,0.010000
86b0b560-d1af-4167-8304-d2a08e5fa770,SPY   260626C00760000,2026-06-25T19:00:00Z,0.010000,0.010000,0.010000,0.010000
86b0b560-d1af-4167-8304-d2a08e5fa770,SPY   260626C00760000,2026-06-26T14:00:00Z,0.010000,0.010000,0.010000,0.010000
86b0b560-d1af-4167-8304-d2a08e5fa770,SPY   260626C00760000,2026-06-26T15:00:00Z,0.010000,0.010000,0.010000,0.010000
86b0b560-d1af-4167-8304-d2a08e5fa770,SPY   260626C00760000,2026-06-26T16:00:00Z,0.010000,0.010000,0.010000,0.010000
86b0b560-d1af-4167-8304-d2a08e5fa770,SPY   260626C00760000,2026-06-26T17:00:00Z,0.010000,0.010000,0.010000,0.010000
86b0b560-d1af-4167-8304-d2a08e5fa770,SPY   260626C00760000,2026-06-26T18:00:00Z,0.010000,0.010000,0.010000,0.010000
86b0b560-d1af-4167-8304-d2a08e5fa770,SPY   260626C00760000,2026-06-26T19:00:00Z,0.010000,0.010000,0.010000,0.010000
86c6ba2f-e869-46c6-9086-386ec5d26784,SPY   260821C00793000,2026-08-10T14:00:00Z,0.700000,0.890000,0.690000,0.700000
86c6ba2f-e869-46c6-9086-386ec5d26784,SPY   260821C00793000,2026-08-10T15:00:00Z,0.710000,0.770000,0.660000,0.760000
86c6ba2f-e869-46c6-9086-386ec5d26784,SPY   260821C00793000,2026-08-10T16:00:00Z,0.760000,0.770000,0.510000,0.600000
86c6ba2f-e869-46c6-9086-386ec5d26784,SPY   260821C00793000,2026-08-10T17:00:00Z,0.600000,0.630000,0.540000,0.570000
86c6ba2f-e869-46c6-9086-386ec5d26784,SPY   260821C00793000,2026-08-10T18:00:00Z,0.570000,0.590000,0.530000,0.570000
86c6ba2f-e869-46c6-9086-386ec5d26784,SPY   260821C00793000,2026-08-10T19:00:00Z,0.570000,0.600000,0.490000,0.560000
86c6ba2f-e869-46c6-9086-386ec5d26784,SPY   260821C00793000,2026-08-11T14:00:00Z,0.580000,0.620000,0.480000,0.500000
86c6ba2f-e869-46c6-9086-386ec5d26784,SPY   260821C00793000,2026-08-11T15:00:00Z,0.500000,0.510000,0.370000,0.380000
86c6ba2f-e869-46c6-9086-386ec5d26784,SPY   260821C00793000,2026-08-11T16:00:00Z,0.380000,0.420000,0.360000,0.360000
86c6ba2f-e869-46c6-9086-386ec5d26784,SPY   260821C00793000,2026-08-11T17:00:00Z,0.360000,0.360000,0.310000,0.340000
86c6ba2f-e869-46c6-9086-386ec5d26784,SPY   260821C00793000,2026-08-11T18:00:00Z,0.340000,0.340000,0.260000,0.270000
86c6ba2f-e869-46c6-9086-386ec5d26784,SPY   260821C00793000,2026-08-11T19:00:00Z,0.270000,0.320000,0.260000,0.280000
86c6ba2f-e869-46c6-9086-386ec5d26784,SPY   260821C00793000,2026-08-12T14:00:00Z,0.310000,0.330000,0.260000,0.280000
86c6ba2f-e869-46c6-9086-386ec5d26784,SPY   260821C00793000,2026-08-12T15:00:00Z,0.280000,0.280000,0.240000,0.250000
86c6ba2f-e869-46c6-9086-386ec5d26784,SPY   260821C00793000,2026-08-12T16:00:00Z,0.250000,0.320000,0.250000,0.310000
86c6ba2f-e869-46c6-9086-386ec5d26784,SPY   260821C00793000,2026-08-12T17:00:00Z,0.310000,0.330000,0.260000,0.260000
86c6ba2f-e869-46c6-9086-386ec5d26784,SPY   260821C00793000,2026-08-12T18:00:00Z,0.260000,0.290000,0.240000,0.240000
86c6ba2f-e869-46c6-9086-386ec5d26784,SPY   260821C00793000,2026-08-12T19:00:00Z,0.240000,0.260000,0.180000,0.200000
86c6ba2f-e869-46c6-9086-386ec5d26784,SPY   260821C00793000,2026-08-13T14:00:00Z,0.510000,0.690000,0.500000,0.650000
86c6ba2f-e869-46c6-9086-386ec5d26784,SPY   260821C00793000,2026-08-13T15:00:00Z,0.470000,0.510000,0.290000,0.290000
86c6ba2f-e869-46c6-9086-386ec5d26784,SPY   260821C00793000,2026-08-13T16:00:00Z,0.290000,0.370000,0.290000,0.360000
86c6ba2f-e869-46c6-9086-386ec5d26784,SPY   260821C00793000,2026-08-13T17:00:00Z,0.360000,0.450000,0.360000,0.360000
86c6ba2f-e869-46c6-9086-386ec5d26784,SPY   260821C00793000,2026-08-13T18:00:00Z,0.360000,0.460000,0.360000,0.430000
86c6ba2f-e869-46c6-9086-386ec5d26784,SPY   260821C00793000,2026-08-13T19:00:00Z,0.390000,0.390000,0.360000,0.360000
86c6ba2f-e869-46c6-9086-386ec5d26784,SPY   260821C00793000,2026-08-14T14:00:00Z,0.320000,0.380000,0.170000,0.170000
86c6ba2f-e869-46c6-9086-386ec5d26784,SPY   260821C00793000,2026-08-14T15:00:00Z,0.170000,0.180000,0.150000,0.160000
86c6ba2f-e869-46c6-9086-386ec5d26784,SPY   260821C00793000,2026-08-14T16:00:00Z,0.160000,0.180000,0.150000,0.150000
86c6ba2f-e869-46c6-9086-386ec5d26784,SPY   260821C00793000,2026-08-14T17:00:00Z,0.150000,0.150000,0.130000,0.140000
86c6ba2f-e869-46c6-9086-386ec5d26784,SPY   260821C00793000,2026-08-14T18:00:00Z,0.140000,0.150000,0.130000,0.130000
86c6ba2f-e869-46c6-9086-386ec5d26784,SPY   260821C00793000,2026-08-14T19:00:00Z,0.130000,0.140000,0.110000,0.110000
86c6ba2f-e869-46c6-9086-386ec5d26784,SPY   260821C00793000,2026-08-17T14:00:00Z,0.080000,0.080000,0.070000,0.070000
86c6ba2f-e869-46c6-9086-386ec5d26784,SPY   260821C00793000,2026-08-17T15:00:00Z,0.070000,0.080000,0.070000,0.080000
86c6ba2f-e869-46c6-9086-386ec5d26784,SPY   260821C00793000,2026-08-17T16:00:00Z,0.080000,0.080000,0.070000,0.070000
86c6ba2f-e869-46c6-9086-386ec5d26784,SPY   260821C00793000,2026-08-17T17:00:00Z,0.060000,0.060000,0.060000,0.060000
86c6ba2f-e869-46c6-9086-386ec5d26784,SPY   260821C00793000,2026-08-17T18:00:00Z,0.050000,0.050000,0.050000,0.050000
86c6ba2f-e869-46c6-9086-386ec5d26784,SPY   260821C00793000,2026-08-17T19:00:00Z,0.050000,0.050000,0.040000,0.040000
86c6ba2f-e869-46c6-9086-386ec5d26784,SPY   260821C00793000,2026-08-18T14:00:00Z,0.040000,0.040000,0.040000,0.040000
86c6ba2f-e869-46c6-9086-386ec5d26784,SPY   260821C00793000,2026-08-18T15:00:00Z,0.040000,0.040000,0.030000,0.030000
86c6ba2f-e869-46c6-9086-386ec5d26784,SPY   260821C00793000,2026-08-18T16:00:00Z,0.030000,0.030000,0.030000,0.030000
86c6ba2f-e869-46c6-9086-386ec5d26784,SPY   260821C00793000,2026-08-18T17:00:00Z,0.030000,0.030000,0.030000,0.030000
86c6ba2f-e869-46c6-9086-386ec5d26784,SPY   260821C00793000,2026-08-18T18:00:00Z,0.030000,0.030000,0.020000,0.020000
86c6ba2f-e869-46c6-9086-386ec5d26784,SPY   260821C00793000,2026-08-18T19:00:00Z,0.020000,0.020000,0.020000,0.020000
86c6ba2f-e869-46c6-9086-386ec5d26784,SPY   260821C00793000,2026-08-19T14:00:00Z,0.030000,0.030000,0.030000,0.030000
86c6ba2f-e869-46c6-9086-386ec5d26784,SPY   260821C00793000,2026-08-19T15:00:00Z,0.030000,0.030000,0.030000,0.030000
86c6ba2f-e869-46c6-9086-386ec5d26784,SPY   260821C00793000,2026-08-19T16:00:00Z,0.030000,0.030000,0.030000,0.030000
86c6ba2f-e869-46c6-9086-386ec5d26784,SPY   260821C00793000,2026-08-19T17:00:00Z,0.030000,0.030000,0.020000,0.020000
86c6ba2f-e869-46c6-9086-386ec5d26784,SPY   260821C00793000,2026-08-19T18:00:00Z,0.010000,0.020000,0.010000,0.020000
86c6ba2f-e869-46c6-9086-386ec5d26784,SPY   260821C00793000,2026-08-19T19:00:00Z,0.020000,0.020000,0.020000,0.020000
86c6ba2f-e869-46c6-9086-386ec5d26784,SPY   260821C00793000,2026-08-20T14:00:00Z,0.010000,0.010000,0.010000,0.010000
86c6ba2f-e869-46c6-9086-386ec5d26784,SPY   260821C00793000,2026-08-20T15:00:00Z,0.010000,0.010000,0.010000,0.010000
86c6ba2f-e869-46c6-9086-386ec5d26784,SPY   260821C00793000,2026-08-20T16:00:00Z,0.010000,0.010000,0.010000,0.010000
86c6ba2f-e869-46c6-9086-386ec5d26784,SPY   260821C00793000,2026-08-20T17:00:00Z,0.010000,0.010000,0.010000,0.010000
86c6ba2f-e869-46c6-9086-386ec5d26784,SPY   260821C00793000,2026-08-20T18:00:00Z,0.010000,0.010000,0.010000,0.010000
86c6ba2f-e869-46c6-9086-386ec5d26784,SPY   260821C00793000,2026-08-20T19:00:00Z,0.010000,0.010000,0.010000,0.010000
86c6ba2f-e869-46c6-9086-386ec5d26784,SPY   260821C00793000,2026-08-21T14:00:00Z,0.010000,0.010000,0.010000,0.010000
86c6ba2f-e869-46c6-9086-386ec5d26784,SPY   260821C00793000,2026-08-21T15:00:00Z,0.010000,0.010000,0.010000,0.010000
86c6ba2f-e869-46c6-9086-386ec5d26784,SPY   260821C00793000,2026-08-21T16:00:00Z,0.010000,0.010000,0.010000,0.010000
86c6ba2f-e869-46c6-9086-386ec5d26784,SPY   260821C00793000,2026-08-21T17:00:00Z,0.010000,0.010000,0.010000,0.010000
86c6ba2f-e869-46c6-9086-386ec5d26784,SPY   260821C00793000,2026-08-21T18:00:00Z,0.010000,0.010000,0.010000,0.010000
86c6ba2f-e869-46c6-9086-386ec5d26784,SPY   260821C00793000,2026-08-21T19:00:00Z,0.010000,0.010000,0.010000,0.010000
87387b9f-31bf-4eab-8b68-49c8b3299be3,SPY   260123C00686000,2026-01-13T15:00:00Z,11.420000,11.600000,10.020000,11.000000
87387b9f-31bf-4eab-8b68-49c8b3299be3,SPY   260123C00686000,2026-01-13T16:00:00Z,11.000000,11.210000,10.880000,11.210000
87387b9f-31bf-4eab-8b68-49c8b3299be3,SPY   260123C00686000,2026-01-13T17:00:00Z,11.810000,11.950000,11.120000,11.460000
87387b9f-31bf-4eab-8b68-49c8b3299be3,SPY   260123C00686000,2026-01-13T18:00:00Z,10.350000,10.360000,10.330000,10.350000
87387b9f-31bf-4eab-8b68-49c8b3299be3,SPY   260123C00686000,2026-01-13T19:00:00Z,10.410000,10.630000,10.130000,10.420000
87387b9f-31bf-4eab-8b68-49c8b3299be3,SPY   260123C00686000,2026-01-13T20:00:00Z,10.420000,10.470000,9.520000,10.360000
87387b9f-31bf-4eab-8b68-49c8b3299be3,SPY   260123C00686000,2026-01-14T15:00:00Z,8.180000,9.020000,6.690000,6.980000
87387b9f-31bf-4eab-8b68-49c8b3299be3,SPY   260123C00686000,2026-01-14T16:00:00Z,7.170000,8.120000,6.380000,6.600000
87387b9f-31bf-4eab-8b68-49c8b3299be3,SPY   260123C00686000,2026-01-14T17:00:00Z,6.590000,6.960000,6.330000,6.550000
87387b9f-31bf-4eab-8b68-49c8b3299be3,SPY   260123C00686000,2026-01-14T18:00:00Z,6.540000,7.340000,6.370000,7.290000
87387b9f-31bf-4eab-8b68-49c8b3299be3,SPY   260123C00686000,2026-01-14T19:00:00Z,7.250000,7.450000,7.040000,7.200000
87387b9f-31bf-4eab-8b68-49c8b3299be3,SPY   260123C00686000,2026-01-14T20:00:00Z,7.200000,7.830000,6.860000,7.830000
87387b9f-31bf-4eab-8b68-49c8b3299be3,SPY   260123C00686000,2026-01-15T15:00:00Z,10.220000,11.210000,9.850000,10.890000
87387b9f-31bf-4eab-8b68-49c8b3299be3,SPY   260123C00686000,2026-01-15T16:00:00Z,10.890000,11.490000,10.850000,11.290000
87387b9f-31bf-4eab-8b68-49c8b3299be3,SPY   260123C00686000,2026-01-15T17:00:00Z,11.260000,11.580000,10.410000,10.440000
87387b9f-31bf-4eab-8b68-49c8b3299be3,SPY   260123C00686000,2026-01-15T18:00:00Z,10.390000,11.350000,10.390000,10.980000
87387b9f-31bf-4eab-8b68-49c8b3299be3,SPY   260123C00686000,2026-01-15T19:00:00Z,10.980000,10.980000,9.440000,9.950000
87387b9f-31bf-4eab-8b68-49c8b3299be3,SPY   260123C00686000,2026-01-15T20:00:00Z,9.340000,9.580000,8.580000,8.760000
87387b9f-31bf-4eab-8b68-49c8b3299be3,SPY   260123C00686000,2026-01-16T15:00:00Z,8.520000,9.080000,7.320000,8.300000
87387b9f-31bf-4eab-8b68-49c8b3299be3,SPY   260123C00686000,2026-01-16T16:00:00Z,8.260000,9.440000,8.110000,8.830000
87387b9f-31bf-4eab-8b68-49c8b3299be3,SPY   260123C00686000,2026-01-16T17:00:00Z,8.810000,9.060000,8.320000,8.330000
87387b9f-31bf-4eab-8b68-49c8b3299be3,SPY   260123C00686000,2026-01-16T18:00:00Z,8.440000,8.740000,8.390000,8.630000
87387b9f-31bf-4eab-8b68-49c8b3299be3,SPY   260123C00686000,2026-01-16T19:00:00Z,8.750000,9.500000,8.260000,8.690000
87387b9f-31bf-4eab-8b68-49c8b3299be3,SPY   260123C00686000,2026-01-16T20:00:00Z,8.520000,8.530000,8.410000,8.530000
87387b9f-31bf-4eab-8b68-49c8b3299be3,SPY   260123C00686000,2026-01-20T15:00:00Z,3.200000,3.820000,2.610000,3.240000
87387b9f-31bf-4eab-8b68-49c8b3299be3,SPY   260123C00686000,2026-01-20T16:00:00Z,3.310000,3.560000,3.020000,3.360000
87387b9f-31bf-4eab-8b68-49c8b3299be3,SPY   260123C00686000,2026-01-20T17:00:00Z,3.150000,3.230000,2.160000,2.280000
87387b9f-31bf-4eab-8b68-49c8b3299be3,SPY   260123C00686000,2026-01-20T18:00:00Z,2.260000,2.400000,2.070000,2.090000
87387b9f-31bf-4eab-8b68-49c8b3299be3,SPY   260123C00686000,2026-01-20T19:00:00Z,1.470000,1.530000,1.470000,1.510000
87387b9f-31bf-4eab-8b68-49c8b3299be3,SPY   260123C00686000,2026-01-20T20:00:00Z,1.400000,1.550000,1.270000,1.340000
87387b9f-31bf-4eab-8b68-49c8b3299be3,SPY   260123C00686000,2026-01-21T15:00:00Z,2.050000,2.750000,1.710000,2.570000
87387b9f-31bf-4eab-8b68-49c8b3299be3,SPY   260123C00686000,2026-01-21T16:00:00Z,2.330000,2.470000,1.300000,1.340000
87387b9f-31bf-4eab-8b68-49c8b3299be3,SPY   260123C00686000,2026-01-21T17:00:00Z,1.140000,1.270000,0.930000,1.010000
87387b9f-31bf-4eab-8b68-49c8b3299be3,SPY   260123C00686000,2026-01-21T18:00:00Z,1.010000,1.130000,1.000000,1.100000
87387b9f-31bf-4eab-8b68-49c8b3299be3,SPY   260123C00686000,2026-01-21T19:00:00Z,1.190000,2.470000,0.950000,2.470000
87387b9f-31bf-4eab-8b68-49c8b3299be3,SPY   260123C00686000,2026-01-21T20:00:00Z,3.820000,3.820000,2.580000,2.720000
87387b9f-31bf-4eab-8b68-49c8b3299be3,SPY   260123C00686000,2026-01-22T15:00:00Z,3.760000,4.680000,3.210000,4.040000
87387b9f-31bf-4eab-8b68-49c8b3299be3,SPY   260123C00686000,2026-01-22T16:00:00Z,4.030000,5.370000,4.030000,4.770000
87387b9f-31bf-4eab-8b68-49c8b3299be3,SPY   260123C00686000,2026-01-22T17:00:00Z,4.760000,5.800000,4.540000,5.710000
87387b9f-31bf-4eab-8b68-49c8b3299be3,SPY   260123C00686000,2026-01-22T18:00:00Z,5.690000,5.860000,4.740000,4.880000
87387b9f-31bf-4eab-8b68-49c8b3299be3,SPY   260123C00686000,2026-01-22T19:00:00Z,4.860000,5.440000,4.030000,4.080000
87387b9f-31bf-4eab-8b68-49c8b3299be3,SPY   260123C00686000,2026-01-22T20:00:00Z,4.000000,4.400000,3.100000,3.790000
87387b9f-31bf-4eab-8b68-49c8b3299be3,SPY   260123C00686000,2026-01-23T15:00:00Z,3.580000,4.820000,2.840000,4.620000
87387b9f-31bf-4eab-8b68-49c8b3299be3,SPY   260123C00686000,2026-01-23T16:00:00Z,5.030000,5.040000,3.650000,3.910000
87387b9f-31bf-4eab-8b68-49c8b3299be3,SPY   260123C00686000,2026-01-23T17:00:00Z,3.920000,4.400000,3.580000,4.290000
87387b9f-31bf-4eab-8b68-49c8b3299be3,SPY   260123C00686000,2026-01-23T18:00:00Z,2.330000,3.340000,2.250000,3.080000
87387b9f-31bf-4eab-8b68-49c8b3299be3,SPY   260123C00686000,2026-01-23T19:00:00Z,3.080000,4.120000,3.050000,3.580000
87387b9f-31bf-4eab-8b68-49c8b3299be3,SPY   260123C00686000,2026-01-23T20:00:00Z,3.490000,3.510000,2.740000,2.740000
8a1c0d02-57de-4dc8-8aa3-095ecf086203,SPY   260807P00729000,2026-07-27T14:00:00Z,4.180000,4.330000,4.000000,4.020000
8a1c0d02-57de-4dc8-8aa3-095ecf086203,SPY   260807P00729000,2026-07-27T15:00:00Z,4.660000,6.010000,4.450000,5.430000
8a1c0d02-57de-4dc8-8aa3-095ecf086203,SPY   260807P00729000,2026-07-27T16:00:00Z,4.940000,4.950000,4.800000,4.860000
8a1c0d02-57de-4dc8-8aa3-095ecf086203,SPY   260807P00729000,2026-07-27T17:00:00Z,5.610000,6.130000,5.270000,5.280000
8a1c0d02-57de-4dc8-8aa3-095ecf086203,SPY   260807P00729000,2026-07-27T18:00:00Z,5.250000,5.780000,5.020000,5.080000
8a1c0d02-57de-4dc8-8aa3-095ecf086203,SPY   260807P00729000,2026-07-27T19:00:00Z,4.850000,5.050000,4.540000,4.940000
8a1c0d02-57de-4dc8-8aa3-095ecf086203,SPY   260807P00729000,2026-07-28T14:00:00Z,5.530000,5.530000,4.070000,4.480000
8a1c0d02-57de-4dc8-8aa3-095ecf086203,SPY   260807P00729000,2026-07-28T15:00:00Z,4.470000,4.720000,4.150000,4.160000
8a1c0d02-57de-4dc8-8aa3-095ecf086203,SPY   260807P00729000,2026-07-28T16:00:00Z,3.430000,3.800000,3.300000,3.350000
8a1c0d02-57de-4dc8-8aa3-095ecf086203,SPY   260807P00729000,2026-07-28T17:00:00Z,3.350000,4.020000,3.310000,3.790000
8a1c0d02-57de-4dc8-8aa3-095ecf086203,SPY   260807P00729000,2026-07-28T18:00:00Z,3.780000,4.050000,3.630000,3.680000
8a1c0d02-57de-4dc8-8aa3-095ecf086203,SPY   260807P00729000,2026-07-28T19:00:00Z,3.680000,3.780000,3.570000,3.760000
8a1c0d02-57de-4dc8-8aa3-095ecf086203,SPY   260807P00729000,2026-07-29T14:00:00Z,5.140000,6.350000,5.030000,5.890000
8a1c0d02-57de-4dc8-8aa3-095ecf086203,SPY   260807P00729000,2026-07-29T15:00:00Z,5.890000,6.060000,5.480000,5.750000
8a1c0d02-57de-4dc8-8aa3-095ecf086203,SPY   260807P00729000,2026-07-29T16:00:00Z,6.160000,6.620000,6.100000,6.620000
8a1c0d02-57de-4dc8-8aa3-095ecf086203,SPY   260807P00729000,2026-07-29T17:00:00Z,5.720000,5.860000,4.960000,5.310000
8a1c0d02-57de-4dc8-8aa3-095ecf086203,SPY   260807P00729000,2026-07-29T18:00:00Z,4.060000,4.520000,3.930000,4.520000
8a1c0d02-57de-4dc8-8aa3-095ecf086203,SPY   260807P00729000,2026-07-29T19:00:00Z,4.590000,4.990000,4.540000,4.990000
8a1c0d02-57de-4dc8-8aa3-095ecf086203,SPY   260807P00729000,2026-07-30T14:00:00Z,3.500000,4.510000,3.200000,4.270000
8a1c0d02-57de-4dc8-8aa3-095ecf086203,SPY   260807P00729000,2026-07-30T15:00:00Z,4.260000,4.920000,3.740000,3.900000
8a1c0d02-57de-4dc8-8aa3-095ecf086203,SPY   260807P00729000,2026-07-30T16:00:00Z,3.900000,3.980000,3.220000,3.260000
8a1c0d02-57de-4dc8-8aa3-095ecf086203,SPY   260807P00729000,2026-07-30T17:00:00Z,3.260000,3.260000,2.900000,2.990000
8a1c0d02-57de-4dc8-8aa3-095ecf086203,SPY   260807P00729000,2026-07-30T18:00:00Z,2.980000,3.030000,2.600000,2.610000
8a1c0d02-57de-4dc8-8aa3-095ecf086203,SPY   260807P00729000,2026-07-30T19:00:00Z,2.620000,2.620000,2.310000,2.430000
8a1c0d02-57de-4dc8-8aa3-095ecf086203,SPY   260807P00729000,2026-07-31T14:00:00Z,2.330000,3.470000,2.260000,3.340000
8a1c0d02-57de-4dc8-8aa3-095ecf086203,SPY   260807P00729000,2026-07-31T15:00:00Z,2.200000,2.230000,2.110000,2.140000
8a1c0d02-57de-4dc8-8aa3-095ecf086203,SPY   260807P00729000,2026-07-31T16:00:00Z,1.840000,2.000000,1.470000,1.520000
8a1c0d02-57de-4dc8-8aa3-095ecf086203,SPY   260807P00729000,2026-07-31T17:00:00Z,1.280000,1.320000,1.270000,1.310000
8a1c0d02-57de-4dc8-8aa3-095ecf086203,SPY   260807P00729000,2026-07-31T18:00:00Z,1.330000,1.350000,1.100000,1.140000
8a1c0d02-57de-4dc8-8aa3-095ecf086203,SPY   260807P00729000,2026-07-31T19:00:00Z,1.150000,1.220000,0.790000,0.850000
8a1c0d02-57de-4dc8-8aa3-095ecf086203,SPY   260807P00729000,2026-08-03T14:00:00Z,0.390000,0.420000,0.250000,0.250000
8a1c0d02-57de-4dc8-8aa3-095ecf086203,SPY   260807P00729000,2026-08-03T15:00:00Z,0.250000,0.260000,0.210000,0.220000
8a1c0d02-57de-4dc8-8aa3-095ecf086203,SPY   260807P00729000,2026-08-03T16:00:00Z,0.220000,0.220000,0.190000,0.200000
8a1c0d02-57de-4dc8-8aa3-095ecf086203,SPY   260807P00729000,2026-08-03T17:00:00Z,0.200000,0.200000,0.190000,0.190000
8a1c0d02-57de-4dc8-8aa3-095ecf086203,SPY   260807P00729000,2026-08-03T18:00:00Z,0.190000,0.200000,0.170000,0.180000
8a1c0d02-57de-4dc8-8aa3-095ecf086203,SPY   260807P00729000,2026-08-03T19:00:00Z,0.180000,0.190000,0.180000,0.180000
8a1c0d02-57de-4dc8-8aa3-095ecf086203,SPY   260807P00729000,2026-08-04T14:00:00Z,0.110000,0.110000,0.110000,0.110000
8a1c0d02-57de-4dc8-8aa3-095ecf086203,SPY   260807P00729000,2026-08-04T15:00:00Z,0.110000,0.110000,0.110000,0.110000
8a1c0d02-57de-4dc8-8aa3-095ecf086203,SPY   260807P00729000,2026-08-04T16:00:00Z,0.120000,0.120000,0.110000,0.110000
8a1c0d02-57de-4dc8-8aa3-095ecf086203,SPY   260807P00729000,2026-08-04T17:00:00Z,0.110000,0.120000,0.110000,0.120000
8a1c0d02-57de-4dc8-8aa3-095ecf086203,SPY   260807P00729000,2026-08-04T18:00:00Z,0.120000,0.130000,0.110000,0.110000
8a1c0d02-57de-4dc8-8aa3-095ecf086203,SPY   260807P00729000,2026-08-04T19:00:00Z,0.110000,0.120000,0.090000,0.110000
8a1c0d02-57de-4dc8-8aa3-095ecf086203,SPY   260807P00729000,2026-08-05T14:00:00Z,0.070000,0.070000,0.070000,0.070000
8a1c0d02-57de-4dc8-8aa3-095ecf086203,SPY   260807P00729000,2026-08-05T15:00:00Z,0.070000,0.070000,0.060000,0.070000
8a1c0d02-57de-4dc8-8aa3-095ecf086203,SPY   260807P00729000,2026-08-05T16:00:00Z,0.070000,0.070000,0.060000,0.060000
8a1c0d02-57de-4dc8-8aa3-095ecf086203,SPY   260807P00729000,2026-08-05T17:00:00Z,0.060000,0.060000,0.050000,0.050000
8a1c0d02-57de-4dc8-8aa3-095ecf086203,SPY   260807P00729000,2026-08-05T18:00:00Z,0.050000,0.050000,0.050000,0.050000
8a1c0d02-57de-4dc8-8aa3-095ecf086203,SPY   260807P00729000,2026-08-05T19:00:00Z,0.050000,0.050000,0.030000,0.040000
8a1c0d02-57de-4dc8-8aa3-095ecf086203,SPY   260807P00729000,2026-08-06T14:00:00Z,0.030000,0.030000,0.030000,0.030000
8a1c0d02-57de-4dc8-8aa3-095ecf086203,SPY   260807P00729000,2026-08-06T15:00:00Z,0.030000,0.030000,0.020000,0.030000
8a1c0d02-57de-4dc8-8aa3-095ecf086203,SPY   260807P00729000,2026-08-06T16:00:00Z,0.030000,0.030000,0.030000,0.030000
8a1c0d02-57de-4dc8-8aa3-095ecf086203,SPY   260807P00729000,2026-08-06T17:00:00Z,0.030000,0.030000,0.020000,0.020000
8a1c0d02-57de-4dc8-8aa3-095ecf086203,SPY   260807P00729000,2026-08-06T18:00:00Z,0.020000,0.020000,0.020000,0.020000
8a1c0d02-57de-4dc8-8aa3-095ecf086203,SPY   260807P00729000,2026-08-06T19:00:00Z,0.020000,0.020000,0.020000,0.020000
8a1c0d02-57de-4dc8-8aa3-095ecf086203,SPY   260807P00729000,2026-08-07T14:00:00Z,0.010000,0.010000,0.010000,0.010000
8a1c0d02-57de-4dc8-8aa3-095ecf086203,SPY   260807P00729000,2026-08-07T15:00:00Z,0.010000,0.010000,0.010000,0.010000
8a1c0d02-57de-4dc8-8aa3-095ecf086203,SPY   260807P00729000,2026-08-07T16:00:00Z,0.010000,0.010000,0.010000,0.010000
8a1c0d02-57de-4dc8-8aa3-095ecf086203,SPY   260807P00729000,2026-08-07T17:00:00Z,0.010000,0.010000,0.010000,0.010000
8a1c0d02-57de-4dc8-8aa3-095ecf086203,SPY   260807P00729000,2026-08-07T18:00:00Z,0.010000,0.010000,0.010000,0.010000
8a1c0d02-57de-4dc8-8aa3-095ecf086203,SPY   260807P00729000,2026-08-07T19:00:00Z,0.010000,0.010000,0.010000,0.010000
8c1c2b58-6cf1-49d2-a78b-37fb4a1d7fd7,SPY   260522C00748000,2026-05-18T14:00:00Z,2.360000,2.380000,1.430000,1.750000
8c1c2b58-6cf1-49d2-a78b-37fb4a1d7fd7,SPY   260522C00748000,2026-05-18T15:00:00Z,1.770000,1.910000,1.410000,1.480000
8c1c2b58-6cf1-49d2-a78b-37fb4a1d7fd7,SPY   260522C00748000,2026-05-18T16:00:00Z,1.310000,1.570000,0.990000,1.300000
8c1c2b58-6cf1-49d2-a78b-37fb4a1d7fd7,SPY   260522C00748000,2026-05-18T17:00:00Z,1.300000,1.480000,1.200000,1.290000
8c1c2b58-6cf1-49d2-a78b-37fb4a1d7fd7,SPY   260522C00748000,2026-05-18T18:00:00Z,1.300000,1.300000,0.790000,0.820000
8c1c2b58-6cf1-49d2-a78b-37fb4a1d7fd7,SPY   260522C00748000,2026-05-18T19:00:00Z,1.520000,1.670000,1.010000,1.620000
8c1c2b58-6cf1-49d2-a78b-37fb4a1d7fd7,SPY   260522C00748000,2026-05-19T14:00:00Z,0.870000,0.870000,0.420000,0.530000
8c1c2b58-6cf1-49d2-a78b-37fb4a1d7fd7,SPY   260522C00748000,2026-05-19T15:00:00Z,0.530000,0.570000,0.490000,0.560000
8c1c2b58-6cf1-49d2-a78b-37fb4a1d7fd7,SPY   260522C00748000,2026-05-19T16:00:00Z,0.490000,0.790000,0.440000,0.770000
8c1c2b58-6cf1-49d2-a78b-37fb4a1d7fd7,SPY   260522C00748000,2026-05-19T17:00:00Z,1.000000,1.040000,0.960000,0.980000
8c1c2b58-6cf1-49d2-a78b-37fb4a1d7fd7,SPY   260522C00748000,2026-05-19T18:00:00Z,0.880000,0.940000,0.530000,0.540000
8c1c2b58-6cf1-49d2-a78b-37fb4a1d7fd7,SPY   260522C00748000,2026-05-19T19:00:00Z,0.540000,0.710000,0.370000,0.450000
8c1c2b58-6cf1-49d2-a78b-37fb4a1d7fd7,SPY   260522C00748000,2026-05-20T14:00:00Z,0.570000,1.080000,0.390000,1.050000
8c1c2b58-6cf1-49d2-a78b-37fb4a1d7fd7,SPY   260522C00748000,2026-05-20T15:00:00Z,1.170000,1.340000,1.170000,1.220000
8c1c2b58-6cf1-49d2-a78b-37fb4a1d7fd7,SPY   260522C00748000,2026-05-20T16:00:00Z,1.190000,1.280000,0.900000,0.970000
8c1c2b58-6cf1-49d2-a78b-37fb4a1d7fd7,SPY   260522C00748000,2026-05-20T17:00:00Z,1.010000,1.050000,0.980000,1.010000
8c1c2b58-6cf1-49d2-a78b-37fb4a1d7fd7,SPY   260522C00748000,2026-05-20T18:00:00Z,1.000000,1.160000,0.930000,0.950000
8c1c2b58-6cf1-49d2-a78b-37fb4a1d7fd7,SPY   260522C00748000,2026-05-20T19:00:00Z,0.950000,1.260000,0.950000,1.160000
8c1c2b58-6cf1-49d2-a78b-37fb4a1d7fd7,SPY   260522C00748000,2026-05-21T14:00:00Z,0.550000,0.650000,0.300000,0.360000
8c1c2b58-6cf1-49d2-a78b-37fb4a1d7fd7,SPY   260522C00748000,2026-05-21T15:00:00Z,0.350000,0.360000,0.320000,0.330000
8c1c2b58-6cf1-49d2-a78b-37fb4a1d7fd7,SPY   260522C00748000,2026-05-21T16:00:00Z,0.250000,0.250000,0.230000,0.230000
8c1c2b58-6cf1-49d2-a78b-37fb4a1d7fd7,SPY   260522C00748000,2026-05-21T17:00:00Z,0.240000,0.240000,0.240000,0.240000
8c1c2b58-6cf1-49d2-a78b-37fb4a1d7fd7,SPY   260522C00748000,2026-05-21T18:00:00Z,0.970000,0.990000,0.400000,0.470000
8c1c2b58-6cf1-49d2-a78b-37fb4a1d7fd7,SPY   260522C00748000,2026-05-21T19:00:00Z,0.470000,0.740000,0.470000,0.660000
8c1c2b58-6cf1-49d2-a78b-37fb4a1d7fd7,SPY   260522C00748000,2026-05-22T14:00:00Z,0.740000,0.780000,0.740000,0.750000
8c1c2b58-6cf1-49d2-a78b-37fb4a1d7fd7,SPY   260522C00748000,2026-05-22T15:00:00Z,0.810000,1.240000,0.800000,0.970000
8c1c2b58-6cf1-49d2-a78b-37fb4a1d7fd7,SPY   260522C00748000,2026-05-22T16:00:00Z,0.790000,0.790000,0.730000,0.730000
8c1c2b58-6cf1-49d2-a78b-37fb4a1d7fd7,SPY   260522C00748000,2026-05-22T17:00:00Z,1.340000,1.420000,0.830000,0.870000
8c1c2b58-6cf1-49d2-a78b-37fb4a1d7fd7,SPY   260522C00748000,2026-05-22T18:00:00Z,0.590000,0.690000,0.410000,0.550000
8c1c2b58-6cf1-49d2-a78b-37fb4a1d7fd7,SPY   260522C00748000,2026-05-22T19:00:00Z,0.310000,0.340000,0.030000,0.030000
8d17a1e1-b960-4578-afde-f1436e180515,SPY   260102C00699000,2025-12-29T15:00:00Z,0.110000,0.110000,0.090000,0.100000
8d17a1e1-b960-4578-afde-f1436e180515,SPY   260102C00699000,2025-12-29T16:00:00Z,0.100000,0.100000,0.090000,0.090000
8d17a1e1-b960-4578-afde-f1436e180515,SPY   260102C00699000,2025-12-29T17:00:00Z,0.090000,0.090000,0.080000,0.080000
8d17a1e1-b960-4578-afde-f1436e180515,SPY   260102C00699000,2025-12-29T18:00:00Z,0.080000,0.100000,0.080000,0.080000
8d17a1e1-b960-4578-afde-f1436e180515,SPY   260102C00699000,2025-12-29T19:00:00Z,0.080000,0.080000,0.080000,0.080000
8d17a1e1-b960-4578-afde-f1436e180515,SPY   260102C00699000,2025-12-29T20:00:00Z,0.080000,0.090000,0.070000,0.080000
8d17a1e1-b960-4578-afde-f1436e180515,SPY   260102C00699000,2025-12-30T15:00:00Z,0.050000,0.050000,0.040000,0.040000
8d17a1e1-b960-4578-afde-f1436e180515,SPY   260102C00699000,2025-12-30T16:00:00Z,0.040000,0.040000,0.030000,0.030000
8d17a1e1-b960-4578-afde-f1436e180515,SPY   260102C00699000,2025-12-30T17:00:00Z,0.030000,0.030000,0.030000,0.030000
8d17a1e1-b960-4578-afde-f1436e180515,SPY   260102C00699000,2025-12-30T18:00:00Z,0.030000,0.090000,0.030000,0.090000
8d17a1e1-b960-4578-afde-f1436e180515,SPY   260102C00699000,2025-12-30T19:00:00Z,0.040000,0.040000,0.040000,0.040000
8d17a1e1-b960-4578-afde-f1436e180515,SPY   260102C00699000,2025-12-30T20:00:00Z,0.030000,0.030000,0.030000,0.030000
8d17a1e1-b960-4578-afde-f1436e180515,SPY   260102C00699000,2025-12-31T15:00:00Z,0.020000,0.020000,0.020000,0.020000
8d17a1e1-b960-4578-afde-f1436e180515,SPY   260102C00699000,2025-12-31T16:00:00Z,0.020000,0.020000,0.020000,0.020000
8d17a1e1-b960-4578-afde-f1436e180515,SPY   260102C00699000,2025-12-31T17:00:00Z,0.020000,0.020000,0.020000,0.020000
8d17a1e1-b960-4578-afde-f1436e180515,SPY   260102C00699000,2025-12-31T18:00:00Z,0.020000,0.020000,0.020000,0.020000
8d17a1e1-b960-4578-afde-f1436e180515,SPY   260102C00699000,2025-12-31T19:00:00Z,0.020000,0.020000,0.020000,0.020000
8d17a1e1-b960-4578-afde-f1436e180515,SPY   260102C00699000,2025-12-31T20:00:00Z,0.020000,0.020000,0.010000,0.010000
8d17a1e1-b960-4578-afde-f1436e180515,SPY   260102C00699000,2026-01-02T15:00:00Z,0.010000,0.010000,0.010000,0.010000
8d17a1e1-b960-4578-afde-f1436e180515,SPY   260102C00699000,2026-01-02T16:00:00Z,0.010000,0.010000,0.010000,0.010000
8d17a1e1-b960-4578-afde-f1436e180515,SPY   260102C00699000,2026-01-02T17:00:00Z,0.010000,0.010000,0.010000,0.010000
8d17a1e1-b960-4578-afde-f1436e180515,SPY   260102C00699000,2026-01-02T18:00:00Z,0.010000,0.010000,0.010000,0.010000
8d17a1e1-b960-4578-afde-f1436e180515,SPY   260102C00699000,2026-01-02T19:00:00Z,0.010000,0.010000,0.010000,0.010000
8d17a1e1-b960-4578-afde-f1436e180515,SPY   260102C00699000,2026-01-02T20:00:00Z,0.010000,0.010000,0.010000,0.010000
8d42d185-9ca2-40cc-bd80-271b6c7bbcbb,SPY   260227P00670000,2026-02-23T15:00:00Z,1.900000,2.900000,1.740000,2.870000
8d42d185-9ca2-40cc-bd80-271b6c7bbcbb,SPY   260227P00670000,2026-02-23T16:00:00Z,3.440000,3.450000,2.460000,2.730000
8d42d185-9ca2-40cc-bd80-271b6c7bbcbb,SPY   260227P00670000,2026-02-23T17:00:00Z,2.760000,3.220000,2.570000,2.630000
8d42d185-9ca2-40cc-bd80-271b6c7bbcbb,SPY   260227P00670000,2026-02-23T18:00:00Z,2.170000,2.230000,2.170000,2.230000
8d42d185-9ca2-40cc-bd80-271b6c7bbcbb,SPY   260227P00670000,2026-02-23T19:00:00Z,2.540000,3.040000,2.470000,2.870000
8d42d185-9ca2-40cc-bd80-271b6c7bbcbb,SPY   260227P00670000,2026-02-23T20:00:00Z,2.780000,2.780000,2.620000,2.660000
8d42d185-9ca2-40cc-bd80-271b6c7bbcbb,SPY   260227P00670000,2026-02-24T15:00:00Z,1.960000,2.260000,1.080000,1.240000
8d42d185-9ca2-40cc-bd80-271b6c7bbcbb,SPY   260227P00670000,2026-02-24T16:00:00Z,1.050000,1.260000,1.040000,1.180000
8d42d185-9ca2-40cc-bd80-271b6c7bbcbb,SPY   260227P00670000,2026-02-24T17:00:00Z,1.080000,1.090000,0.910000,0.930000
8d42d185-9ca2-40cc-bd80-271b6c7bbcbb,SPY   260227P00670000,2026-02-24T18:00:00Z,0.930000,0.990000,0.830000,0.880000
8d42d185-9ca2-40cc-bd80-271b6c7bbcbb,SPY   260227P00670000,2026-02-24T19:00:00Z,0.880000,0.990000,0.810000,0.850000
8d42d185-9ca2-40cc-bd80-271b6c7bbcbb,SPY   260227P00670000,2026-02-24T20:00:00Z,0.850000,0.960000,0.760000,0.810000
8d42d185-9ca2-40cc-bd80-271b6c7bbcbb,SPY   260227P00670000,2026-02-25T15:00:00Z,0.400000,0.400000,0.380000,0.380000
8d42d185-9ca2-40cc-bd80-271b6c7bbcbb,SPY   260227P00670000,2026-02-25T16:00:00Z,0.360000,0.380000,0.310000,0.320000
8d42d185-9ca2-40cc-bd80-271b6c7bbcbb,SPY   260227P00670000,2026-02-25T17:00:00Z,0.310000,0.330000,0.290000,0.290000
8d42d185-9ca2-40cc-bd80-271b6c7bbcbb,SPY   260227P00670000,2026-02-25T18:00:00Z,0.290000,0.300000,0.290000,0.300000
8d42d185-9ca2-40cc-bd80-271b6c7bbcbb,SPY   260227P00670000,2026-02-25T19:00:00Z,0.280000,0.280000,0.250000,0.250000
8d42d185-9ca2-40cc-bd80-271b6c7bbcbb,SPY   260227P00670000,2026-02-25T20:00:00Z,0.250000,0.270000,0.240000,0.250000
8d42d185-9ca2-40cc-bd80-271b6c7bbcbb,SPY   260227P00670000,2026-02-26T15:00:00Z,0.210000,0.610000,0.210000,0.290000
8d42d185-9ca2-40cc-bd80-271b6c7bbcbb,SPY   260227P00670000,2026-02-26T16:00:00Z,0.290000,0.300000,0.200000,0.200000
8d42d185-9ca2-40cc-bd80-271b6c7bbcbb,SPY   260227P00670000,2026-02-26T17:00:00Z,0.280000,0.340000,0.200000,0.290000
8d42d185-9ca2-40cc-bd80-271b6c7bbcbb,SPY   260227P00670000,2026-02-26T18:00:00Z,0.290000,0.310000,0.120000,0.120000
8d42d185-9ca2-40cc-bd80-271b6c7bbcbb,SPY   260227P00670000,2026-02-26T19:00:00Z,0.100000,0.100000,0.100000,0.100000
8d42d185-9ca2-40cc-bd80-271b6c7bbcbb,SPY   260227P00670000,2026-02-26T20:00:00Z,0.110000,0.110000,0.110000,0.110000
8d42d185-9ca2-40cc-bd80-271b6c7bbcbb,SPY   260227P00670000,2026-02-27T15:00:00Z,0.110000,0.110000,0.040000,0.040000
8d42d185-9ca2-40cc-bd80-271b6c7bbcbb,SPY   260227P00670000,2026-02-27T16:00:00Z,0.040000,0.040000,0.030000,0.030000
8d42d185-9ca2-40cc-bd80-271b6c7bbcbb,SPY   260227P00670000,2026-02-27T17:00:00Z,0.030000,0.030000,0.030000,0.030000
8d42d185-9ca2-40cc-bd80-271b6c7bbcbb,SPY   260227P00670000,2026-02-27T18:00:00Z,0.020000,0.020000,0.020000,0.020000
8d42d185-9ca2-40cc-bd80-271b6c7bbcbb,SPY   260227P00670000,2026-02-27T19:00:00Z,0.020000,0.020000,0.020000,0.020000
8d42d185-9ca2-40cc-bd80-271b6c7bbcbb,SPY   260227P00670000,2026-02-27T20:00:00Z,0.020000,0.020000,0.010000,0.010000
8d42e9e0-03ab-4b8f-be4e-d9bf609fb8af,SPY   260213C00705000,2026-02-09T15:00:00Z,0.210000,0.390000,0.200000,0.370000
8d42e9e0-03ab-4b8f-be4e-d9bf609fb8af,SPY   260213C00705000,2026-02-09T16:00:00Z,0.370000,0.480000,0.340000,0.450000
8d42e9e0-03ab-4b8f-be4e-d9bf609fb8af,SPY   260213C00705000,2026-02-09T17:00:00Z,0.450000,0.480000,0.340000,0.340000
8d42e9e0-03ab-4b8f-be4e-d9bf609fb8af,SPY   260213C00705000,2026-02-09T18:00:00Z,0.340000,0.370000,0.280000,0.320000
8d42e9e0-03ab-4b8f-be4e-d9bf609fb8af,SPY   260213C00705000,2026-02-09T19:00:00Z,0.320000,0.460000,0.310000,0.410000
8d42e9e0-03ab-4b8f-be4e-d9bf609fb8af,SPY   260213C00705000,2026-02-09T20:00:00Z,0.410000,0.410000,0.380000,0.400000
8d42e9e0-03ab-4b8f-be4e-d9bf609fb8af,SPY   260213C00705000,2026-02-10T15:00:00Z,0.440000,0.490000,0.310000,0.340000
8d42e9e0-03ab-4b8f-be4e-d9bf609fb8af,SPY   260213C00705000,2026-02-10T16:00:00Z,0.340000,0.340000,0.260000,0.280000
8d42e9e0-03ab-4b8f-be4e-d9bf609fb8af,SPY   260213C00705000,2026-02-10T17:00:00Z,0.280000,0.320000,0.250000,0.300000
8d42e9e0-03ab-4b8f-be4e-d9bf609fb8af,SPY   260213C00705000,2026-02-10T18:00:00Z,0.230000,0.230000,0.180000,0.200000
8d42e9e0-03ab-4b8f-be4e-d9bf609fb8af,SPY   260213C00705000,2026-02-10T19:00:00Z,0.180000,0.180000,0.160000,0.160000
8d42e9e0-03ab-4b8f-be4e-d9bf609fb8af,SPY   260213C00705000,2026-02-10T20:00:00Z,0.160000,0.160000,0.110000,0.110000
8d42e9e0-03ab-4b8f-be4e-d9bf609fb8af,SPY   260213C00705000,2026-02-11T15:00:00Z,0.100000,0.110000,0.060000,0.070000
8d42e9e0-03ab-4b8f-be4e-d9bf609fb8af,SPY   260213C00705000,2026-02-11T16:00:00Z,0.070000,0.070000,0.060000,0.060000
8d42e9e0-03ab-4b8f-be4e-d9bf609fb8af,SPY   260213C00705000,2026-02-11T17:00:00Z,0.060000,0.060000,0.050000,0.060000
8d42e9e0-03ab-4b8f-be4e-d9bf609fb8af,SPY   260213C00705000,2026-02-11T18:00:00Z,0.060000,0.060000,0.050000,0.050000
8d42e9e0-03ab-4b8f-be4e-d9bf609fb8af,SPY   260213C00705000,2026-02-11T19:00:00Z,0.050000,0.050000,0.040000,0.040000
8d42e9e0-03ab-4b8f-be4e-d9bf609fb8af,SPY   260213C00705000,2026-02-11T20:00:00Z,0.040000,0.040000,0.030000,0.030000
8d42e9e0-03ab-4b8f-be4e-d9bf609fb8af,SPY   260213C00705000,2026-02-12T15:00:00Z,0.040000,0.040000,0.030000,0.030000
8d42e9e0-03ab-4b8f-be4e-d9bf609fb8af,SPY   260213C00705000,2026-02-12T16:00:00Z,0.030000,0.030000,0.020000,0.020000
8d42e9e0-03ab-4b8f-be4e-d9bf609fb8af,SPY   260213C00705000,2026-02-12T17:00:00Z,0.020000,0.020000,0.020000,0.020000
8d42e9e0-03ab-4b8f-be4e-d9bf609fb8af,SPY   260213C00705000,2026-02-12T18:00:00Z,0.020000,0.020000,0.020000,0.020000
8d42e9e0-03ab-4b8f-be4e-d9bf609fb8af,SPY   260213C00705000,2026-02-12T19:00:00Z,0.020000,0.020000,0.020000,0.020000
8d42e9e0-03ab-4b8f-be4e-d9bf609fb8af,SPY   260213C00705000,2026-02-12T20:00:00Z,0.020000,0.020000,0.020000,0.020000
8d42e9e0-03ab-4b8f-be4e-d9bf609fb8af,SPY   260213C00705000,2026-02-13T15:00:00Z,0.010000,0.010000,0.010000,0.010000
8d42e9e0-03ab-4b8f-be4e-d9bf609fb8af,SPY   260213C00705000,2026-02-13T16:00:00Z,0.010000,0.010000,0.010000,0.010000
8d42e9e0-03ab-4b8f-be4e-d9bf609fb8af,SPY   260213C00705000,2026-02-13T17:00:00Z,0.010000,0.010000,0.010000,0.010000
8d42e9e0-03ab-4b8f-be4e-d9bf609fb8af,SPY   260213C00705000,2026-02-13T18:00:00Z,0.010000,0.010000,0.010000,0.010000
8d42e9e0-03ab-4b8f-be4e-d9bf609fb8af,SPY   260213C00705000,2026-02-13T19:00:00Z,0.010000,0.010000,0.010000,0.010000
8d42e9e0-03ab-4b8f-be4e-d9bf609fb8af,SPY   260213C00705000,2026-02-13T20:00:00Z,0.010000,0.010000,0.010000,0.010000
8d5c855e-86a4-4ef5-980c-81468a612efe,SPY   251205P00658000,2025-12-01T15:00:00Z,0.400000,0.570000,0.340000,0.350000
8d5c855e-86a4-4ef5-980c-81468a612efe,SPY   251205P00658000,2025-12-01T16:00:00Z,0.350000,0.420000,0.280000,0.310000
8d5c855e-86a4-4ef5-980c-81468a612efe,SPY   251205P00658000,2025-12-01T17:00:00Z,0.290000,0.290000,0.290000,0.290000
8d5c855e-86a4-4ef5-980c-81468a612efe,SPY   251205P00658000,2025-12-01T18:00:00Z,0.290000,0.290000,0.230000,0.240000
8d5c855e-86a4-4ef5-980c-81468a612efe,SPY   251205P00658000,2025-12-01T19:00:00Z,0.250000,0.390000,0.240000,0.350000
8d5c855e-86a4-4ef5-980c-81468a612efe,SPY   251205P00658000,2025-12-01T20:00:00Z,0.360000,0.370000,0.290000,0.330000
8d5c855e-86a4-4ef5-980c-81468a612efe,SPY   251205P00658000,2025-12-02T15:00:00Z,0.190000,0.220000,0.160000,0.160000
8d5c855e-86a4-4ef5-980c-81468a612efe,SPY   251205P00658000,2025-12-02T16:00:00Z,0.200000,0.310000,0.190000,0.300000
8d5c855e-86a4-4ef5-980c-81468a612efe,SPY   251205P00658000,2025-12-02T17:00:00Z,0.260000,0.260000,0.160000,0.180000
8d5c855e-86a4-4ef5-980c-81468a612efe,SPY   251205P00658000,2025-12-02T18:00:00Z,0.270000,0.270000,0.200000,0.210000
8d5c855e-86a4-4ef5-980c-81468a612efe,SPY   251205P00658000,2025-12-02T19:00:00Z,0.210000,0.220000,0.150000,0.150000
8d5c855e-86a4-4ef5-980c-81468a612efe,SPY   251205P00658000,2025-12-02T20:00:00Z,0.150000,0.160000,0.120000,0.130000
8d5c855e-86a4-4ef5-980c-81468a612efe,SPY   251205P00658000,2025-12-03T15:00:00Z,0.290000,0.290000,0.090000,0.090000
8d5c855e-86a4-4ef5-980c-81468a612efe,SPY   251205P00658000,2025-12-03T16:00:00Z,0.090000,0.100000,0.080000,0.090000
8d5c855e-86a4-4ef5-980c-81468a612efe,SPY   251205P00658000,2025-12-03T17:00:00Z,0.090000,0.090000,0.080000,0.080000
8d5c855e-86a4-4ef5-980c-81468a612efe,SPY   251205P00658000,2025-12-03T18:00:00Z,0.080000,0.080000,0.060000,0.060000
8d5c855e-86a4-4ef5-980c-81468a612efe,SPY   251205P00658000,2025-12-03T19:00:00Z,0.060000,0.060000,0.050000,0.050000
8d5c855e-86a4-4ef5-980c-81468a612efe,SPY   251205P00658000,2025-12-03T20:00:00Z,0.050000,0.050000,0.040000,0.040000
8d5c855e-86a4-4ef5-980c-81468a612efe,SPY   251205P00658000,2025-12-04T15:00:00Z,0.040000,0.050000,0.040000,0.040000
8d5c855e-86a4-4ef5-980c-81468a612efe,SPY   251205P00658000,2025-12-04T16:00:00Z,0.040000,0.040000,0.030000,0.030000
8d5c855e-86a4-4ef5-980c-81468a612efe,SPY   251205P00658000,2025-12-04T17:00:00Z,0.030000,0.030000,0.030000,0.030000
8d5c855e-86a4-4ef5-980c-81468a612efe,SPY   251205P00658000,2025-12-04T18:00:00Z,0.030000,0.030000,0.030000,0.030000
8d5c855e-86a4-4ef5-980c-81468a612efe,SPY   251205P00658000,2025-12-04T19:00:00Z,0.030000,0.030000,0.030000,0.030000
8d5c855e-86a4-4ef5-980c-81468a612efe,SPY   251205P00658000,2025-12-04T20:00:00Z,0.030000,0.030000,0.020000,0.020000
8d5c855e-86a4-4ef5-980c-81468a612efe,SPY   251205P00658000,2025-12-05T15:00:00Z,0.010000,0.010000,0.010000,0.010000
8d5c855e-86a4-4ef5-980c-81468a612efe,SPY   251205P00658000,2025-12-05T16:00:00Z,0.010000,0.010000,0.010000,0.010000
8d5c855e-86a4-4ef5-980c-81468a612efe,SPY   251205P00658000,2025-12-05T17:00:00Z,0.010000,0.010000,0.010000,0.010000
8d5c855e-86a4-4ef5-980c-81468a612efe,SPY   251205P00658000,2025-12-05T18:00:00Z,0.010000,0.010000,0.010000,0.010000
8d5c855e-86a4-4ef5-980c-81468a612efe,SPY   251205P00658000,2025-12-05T19:00:00Z,0.010000,0.010000,0.010000,0.010000
8d5c855e-86a4-4ef5-980c-81468a612efe,SPY   251205P00658000,2025-12-05T20:00:00Z,0.010000,0.010000,0.010000,0.010000
8fab5961-ecda-4de3-a3a0-1bc9bccac699,SPY   260702P00720000,2026-06-29T14:00:00Z,1.000000,2.120000,0.840000,0.880000
8fab5961-ecda-4de3-a3a0-1bc9bccac699,SPY   260702P00720000,2026-06-29T15:00:00Z,0.830000,0.910000,0.830000,0.860000
8fab5961-ecda-4de3-a3a0-1bc9bccac699,SPY   260702P00720000,2026-06-29T16:00:00Z,0.690000,0.740000,0.610000,0.660000
8fab5961-ecda-4de3-a3a0-1bc9bccac699,SPY   260702P00720000,2026-06-29T17:00:00Z,0.660000,0.660000,0.460000,0.480000
8fab5961-ecda-4de3-a3a0-1bc9bccac699,SPY   260702P00720000,2026-06-29T18:00:00Z,0.480000,0.490000,0.390000,0.390000
8fab5961-ecda-4de3-a3a0-1bc9bccac699,SPY   260702P00720000,2026-06-29T19:00:00Z,0.390000,0.440000,0.360000,0.430000
8fab5961-ecda-4de3-a3a0-1bc9bccac699,SPY   260702P00720000,2026-06-30T14:00:00Z,0.240000,0.280000,0.180000,0.220000
8fab5961-ecda-4de3-a3a0-1bc9bccac699,SPY   260702P00720000,2026-06-30T15:00:00Z,0.190000,0.190000,0.170000,0.170000
8fab5961-ecda-4de3-a3a0-1bc9bccac699,SPY   260702P00720000,2026-06-30T16:00:00Z,0.150000,0.150000,0.130000,0.130000
8fab5961-ecda-4de3-a3a0-1bc9bccac699,SPY   260702P00720000,2026-06-30T17:00:00Z,0.130000,0.130000,0.120000,0.120000
8fab5961-ecda-4de3-a3a0-1bc9bccac699,SPY   260702P00720000,2026-06-30T18:00:00Z,0.120000,0.120000,0.100000,0.100000
8fab5961-ecda-4de3-a3a0-1bc9bccac699,SPY   260702P00720000,2026-06-30T19:00:00Z,0.100000,0.120000,0.100000,0.100000
8fab5961-ecda-4de3-a3a0-1bc9bccac699,SPY   260702P00720000,2026-07-01T14:00:00Z,0.090000,0.090000,0.050000,0.050000
8fab5961-ecda-4de3-a3a0-1bc9bccac699,SPY   260702P00720000,2026-07-01T15:00:00Z,0.050000,0.050000,0.030000,0.040000
8fab5961-ecda-4de3-a3a0-1bc9bccac699,SPY   260702P00720000,2026-07-01T16:00:00Z,0.040000,0.040000,0.040000,0.040000
8fab5961-ecda-4de3-a3a0-1bc9bccac699,SPY   260702P00720000,2026-07-01T17:00:00Z,0.040000,0.040000,0.040000,0.040000
8fab5961-ecda-4de3-a3a0-1bc9bccac699,SPY   260702P00720000,2026-07-01T18:00:00Z,0.040000,0.040000,0.040000,0.040000
8fab5961-ecda-4de3-a3a0-1bc9bccac699,SPY   260702P00720000,2026-07-01T19:00:00Z,0.040000,0.040000,0.040000,0.040000
8fab5961-ecda-4de3-a3a0-1bc9bccac699,SPY   260702P00720000,2026-07-02T14:00:00Z,0.020000,0.020000,0.020000,0.020000
8fab5961-ecda-4de3-a3a0-1bc9bccac699,SPY   260702P00720000,2026-07-02T15:00:00Z,0.020000,0.020000,0.020000,0.020000
8fab5961-ecda-4de3-a3a0-1bc9bccac699,SPY   260702P00720000,2026-07-02T16:00:00Z,0.020000,0.020000,0.020000,0.020000
8fab5961-ecda-4de3-a3a0-1bc9bccac699,SPY   260702P00720000,2026-07-02T17:00:00Z,0.020000,0.020000,0.020000,0.020000
8fab5961-ecda-4de3-a3a0-1bc9bccac699,SPY   260702P00720000,2026-07-02T18:00:00Z,0.020000,0.020000,0.020000,0.020000
8fab5961-ecda-4de3-a3a0-1bc9bccac699,SPY   260702P00720000,2026-07-02T19:00:00Z,0.020000,0.020000,0.010000,0.010000
90540220-4800-41b5-9385-a3435f811346,SPY   260320C00682000,2026-03-10T14:00:00Z,6.320000,8.310000,5.950000,8.280000
90540220-4800-41b5-9385-a3435f811346,SPY   260320C00682000,2026-03-10T15:00:00Z,8.110000,8.560000,8.100000,8.370000
90540220-4800-41b5-9385-a3435f811346,SPY   260320C00682000,2026-03-10T16:00:00Z,8.420000,8.610000,7.720000,8.440000
90540220-4800-41b5-9385-a3435f811346,SPY   260320C00682000,2026-03-10T17:00:00Z,8.550000,8.990000,8.140000,8.680000
90540220-4800-41b5-9385-a3435f811346,SPY   260320C00682000,2026-03-10T18:00:00Z,8.740000,8.750000,7.370000,7.410000
90540220-4800-41b5-9385-a3435f811346,SPY   260320C00682000,2026-03-10T19:00:00Z,7.440000,7.760000,6.970000,7.000000
90540220-4800-41b5-9385-a3435f811346,SPY   260320C00682000,2026-03-11T14:00:00Z,6.630000,7.460000,5.680000,6.520000
90540220-4800-41b5-9385-a3435f811346,SPY   260320C00682000,2026-03-11T15:00:00Z,5.680000,5.740000,5.530000,5.700000
90540220-4800-41b5-9385-a3435f811346,SPY   260320C00682000,2026-03-11T16:00:00Z,5.310000,5.980000,5.190000,5.960000
90540220-4800-41b5-9385-a3435f811346,SPY   260320C00682000,2026-03-11T17:00:00Z,5.930000,6.000000,5.210000,5.570000
90540220-4800-41b5-9385-a3435f811346,SPY   260320C00682000,2026-03-11T18:00:00Z,5.520000,5.710000,5.280000,5.530000
90540220-4800-41b5-9385-a3435f811346,SPY   260320C00682000,2026-03-11T19:00:00Z,5.530000,5.850000,5.300000,5.820000
90540220-4800-41b5-9385-a3435f811346,SPY   260320C00682000,2026-03-12T14:00:00Z,3.580000,3.990000,3.580000,3.800000
90540220-4800-41b5-9385-a3435f811346,SPY   260320C00682000,2026-03-12T15:00:00Z,3.620000,3.690000,3.380000,3.470000
90540220-4800-41b5-9385-a3435f811346,SPY   260320C00682000,2026-03-12T16:00:00Z,3.290000,3.290000,3.250000,3.270000
90540220-4800-41b5-9385-a3435f811346,SPY   260320C00682000,2026-03-12T17:00:00Z,3.330000,3.570000,3.030000,3.180000
90540220-4800-41b5-9385-a3435f811346,SPY   260320C00682000,2026-03-12T18:00:00Z,3.240000,3.300000,3.200000,3.230000
90540220-4800-41b5-9385-a3435f811346,SPY   260320C00682000,2026-03-12T19:00:00Z,3.120000,3.310000,2.930000,2.980000
90540220-4800-41b5-9385-a3435f811346,SPY   260320C00682000,2026-03-13T14:00:00Z,3.090000,3.250000,2.160000,2.180000
90540220-4800-41b5-9385-a3435f811346,SPY   260320C00682000,2026-03-13T15:00:00Z,2.080000,2.080000,1.910000,1.940000
90540220-4800-41b5-9385-a3435f811346,SPY   260320C00682000,2026-03-13T16:00:00Z,1.930000,2.130000,1.850000,1.880000
90540220-4800-41b5-9385-a3435f811346,SPY   260320C00682000,2026-03-13T17:00:00Z,1.880000,1.890000,1.740000,1.790000
90540220-4800-41b5-9385-a3435f811346,SPY   260320C00682000,2026-03-13T18:00:00Z,1.670000,1.790000,1.600000,1.630000
90540220-4800-41b5-9385-a3435f811346,SPY   260320C00682000,2026-03-13T19:00:00Z,1.630000,1.760000,1.300000,1.310000
90540220-4800-41b5-9385-a3435f811346,SPY   260320C00682000,2026-03-16T14:00:00Z,1.500000,1.580000,1.120000,1.370000
90540220-4800-41b5-9385-a3435f811346,SPY   260320C00682000,2026-03-16T15:00:00Z,1.370000,1.370000,1.170000,1.360000
90540220-4800-41b5-9385-a3435f811346,SPY   260320C00682000,2026-03-16T16:00:00Z,1.000000,1.010000,0.970000,1.000000
90540220-4800-41b5-9385-a3435f811346,SPY   260320C00682000,2026-03-16T17:00:00Z,0.990000,1.120000,0.960000,1.010000
90540220-4800-41b5-9385-a3435f811346,SPY   260320C00682000,2026-03-16T18:00:00Z,1.030000,1.060000,0.990000,1.020000
90540220-4800-41b5-9385-a3435f811346,SPY   260320C00682000,2026-03-16T19:00:00Z,1.140000,1.150000,1.010000,1.090000
90540220-4800-41b5-9385-a3435f811346,SPY   260320C00682000,2026-03-17T14:00:00Z,1.340000,1.340000,0.900000,1.000000
90540220-4800-41b5-9385-a3435f811346,SPY   260320C00682000,2026-03-17T15:00:00Z,0.860000,0.930000,0.700000,0.710000
90540220-4800-41b5-9385-a3435f811346,SPY   260320C00682000,2026-03-17T16:00:00Z,0.690000,0.720000,0.630000,0.630000
90540220-4800-41b5-9385-a3435f811346,SPY   260320C00682000,2026-03-17T17:00:00Z,0.690000,0.750000,0.690000,0.710000
90540220-4800-41b5-9385-a3435f811346,SPY   260320C00682000,2026-03-17T18:00:00Z,0.630000,0.640000,0.560000,0.590000
90540220-4800-41b5-9385-a3435f811346,SPY   260320C00682000,2026-03-17T19:00:00Z,0.550000,0.630000,0.530000,0.560000
90540220-4800-41b5-9385-a3435f811346,SPY   260320C00682000,2026-03-18T14:00:00Z,0.330000,0.330000,0.220000,0.220000
90540220-4800-41b5-9385-a3435f811346,SPY   260320C00682000,2026-03-18T15:00:00Z,0.200000,0.210000,0.190000,0.200000
90540220-4800-41b5-9385-a3435f811346,SPY   260320C00682000,2026-03-18T16:00:00Z,0.170000,0.170000,0.170000,0.170000
90540220-4800-41b5-9385-a3435f811346,SPY   260320C00682000,2026-03-18T17:00:00Z,0.160000,0.160000,0.150000,0.160000
90540220-4800-41b5-9385-a3435f811346,SPY   260320C00682000,2026-03-18T18:00:00Z,0.160000,0.160000,0.120000,0.120000
90540220-4800-41b5-9385-a3435f811346,SPY   260320C00682000,2026-03-18T19:00:00Z,0.090000,0.090000,0.070000,0.070000
90540220-4800-41b5-9385-a3435f811346,SPY   260320C00682000,2026-03-19T14:00:00Z,0.030000,0.030000,0.030000,0.030000
90540220-4800-41b5-9385-a3435f811346,SPY   260320C00682000,2026-03-19T15:00:00Z,0.030000,0.030000,0.030000,0.030000
90540220-4800-41b5-9385-a3435f811346,SPY   260320C00682000,2026-03-19T16:00:00Z,0.030000,0.030000,0.030000,0.030000
90540220-4800-41b5-9385-a3435f811346,SPY   260320C00682000,2026-03-19T17:00:00Z,0.030000,0.030000,0.020000,0.020000
90540220-4800-41b5-9385-a3435f811346,SPY   260320C00682000,2026-03-19T18:00:00Z,0.020000,0.020000,0.020000,0.020000
90540220-4800-41b5-9385-a3435f811346,SPY   260320C00682000,2026-03-19T19:00:00Z,0.020000,0.030000,0.020000,0.030000
90540220-4800-41b5-9385-a3435f811346,SPY   260320C00682000,2026-03-20T14:00:00Z,0.010000,0.010000,0.010000,0.010000
90540220-4800-41b5-9385-a3435f811346,SPY   260320C00682000,2026-03-20T15:00:00Z,0.010000,0.010000,0.010000,0.010000
90540220-4800-41b5-9385-a3435f811346,SPY   260320C00682000,2026-03-20T16:00:00Z,0.010000,0.010000,0.010000,0.010000
90540220-4800-41b5-9385-a3435f811346,SPY   260320C00682000,2026-03-20T17:00:00Z,0.010000,0.010000,0.010000,0.010000
90540220-4800-41b5-9385-a3435f811346,SPY   260320C00682000,2026-03-20T18:00:00Z,0.010000,0.010000,0.010000,0.010000
90540220-4800-41b5-9385-a3435f811346,SPY   260320C00682000,2026-03-20T19:00:00Z,0.010000,0.010000,0.010000,0.010000
95693ac3-910d-413f-b200-5d7b62382ae4,SPY   251226P00673000,2025-12-16T15:00:00Z,3.480000,5.340000,3.400000,4.050000
95693ac3-910d-413f-b200-5d7b62382ae4,SPY   251226P00673000,2025-12-16T16:00:00Z,4.050000,5.010000,3.940000,4.150000
95693ac3-910d-413f-b200-5d7b62382ae4,SPY   251226P00673000,2025-12-16T17:00:00Z,4.220000,4.860000,3.870000,4.840000
95693ac3-910d-413f-b200-5d7b62382ae4,SPY   251226P00673000,2025-12-16T18:00:00Z,5.410000,5.670000,5.220000,5.480000
95693ac3-910d-413f-b200-5d7b62382ae4,SPY   251226P00673000,2025-12-16T19:00:00Z,4.260000,5.180000,3.930000,4.140000
95693ac3-910d-413f-b200-5d7b62382ae4,SPY   251226P00673000,2025-12-16T20:00:00Z,3.340000,3.410000,3.200000,3.400000
95693ac3-910d-413f-b200-5d7b62382ae4,SPY   251226P00673000,2025-12-17T15:00:00Z,3.490000,6.090000,3.330000,5.770000
95693ac3-910d-413f-b200-5d7b62382ae4,SPY   251226P00673000,2025-12-17T16:00:00Z,5.310000,6.040000,5.200000,5.980000
95693ac3-910d-413f-b200-5d7b62382ae4,SPY   251226P00673000,2025-12-17T17:00:00Z,6.290000,6.520000,5.380000,6.030000
95693ac3-910d-413f-b200-5d7b62382ae4,SPY   251226P00673000,2025-12-17T18:00:00Z,5.660000,6.900000,5.560000,6.710000
95693ac3-910d-413f-b200-5d7b62382ae4,SPY   251226P00673000,2025-12-17T19:00:00Z,6.670000,6.980000,6.200000,6.270000
95693ac3-910d-413f-b200-5d7b62382ae4,SPY   251226P00673000,2025-12-17T20:00:00Z,6.160000,7.110000,5.840000,7.030000
95693ac3-910d-413f-b200-5d7b62382ae4,SPY   251226P00673000,2025-12-18T15:00:00Z,3.620000,4.430000,2.550000,2.700000
95693ac3-910d-413f-b200-5d7b62382ae4,SPY   251226P00673000,2025-12-18T16:00:00Z,2.650000,2.710000,2.540000,2.640000
95693ac3-910d-413f-b200-5d7b62382ae4,SPY   251226P00673000,2025-12-18T17:00:00Z,2.800000,5.030000,2.790000,3.220000
95693ac3-910d-413f-b200-5d7b62382ae4,SPY   251226P00673000,2025-12-18T18:00:00Z,3.250000,3.280000,3.230000,3.260000
95693ac3-910d-413f-b200-5d7b62382ae4,SPY   251226P00673000,2025-12-18T19:00:00Z,3.980000,4.180000,3.580000,4.110000
95693ac3-910d-413f-b200-5d7b62382ae4,SPY   251226P00673000,2025-12-18T20:00:00Z,3.680000,3.920000,3.380000,3.380000
95693ac3-910d-413f-b200-5d7b62382ae4,SPY   251226P00673000,2025-12-19T15:00:00Z,1.690000,2.060000,1.550000,1.830000
95693ac3-910d-413f-b200-5d7b62382ae4,SPY   251226P00673000,2025-12-19T16:00:00Z,1.830000,1.950000,1.460000,1.590000
95693ac3-910d-413f-b200-5d7b62382ae4,SPY   251226P00673000,2025-12-19T17:00:00Z,1.540000,1.550000,1.230000,1.310000
95693ac3-910d-413f-b200-5d7b62382ae4,SPY   251226P00673000,2025-12-19T18:00:00Z,1.310000,1.410000,1.210000,1.350000
95693ac3-910d-413f-b200-5d7b62382ae4,SPY   251226P00673000,2025-12-19T19:00:00Z,1.360000,1.360000,1.090000,1.140000
95693ac3-910d-413f-b200-5d7b62382ae4,SPY   251226P00673000,2025-12-19T20:00:00Z,1.090000,1.220000,1.060000,1.200000
95693ac3-910d-413f-b200-5d7b62382ae4,SPY   251226P00673000,2025-12-22T15:00:00Z,0.390000,0.480000,0.360000,0.390000
95693ac3-910d-413f-b200-5d7b62382ae4,SPY   251226P00673000,2025-12-22T16:00:00Z,0.320000,0.320000,0.320000,0.320000
95693ac3-910d-413f-b200-5d7b62382ae4,SPY   251226P00673000,2025-12-22T17:00:00Z,0.300000,0.330000,0.270000,0.270000
95693ac3-910d-413f-b200-5d7b62382ae4,SPY   251226P00673000,2025-12-22T18:00:00Z,0.270000,0.320000,0.270000,0.300000
95693ac3-910d-413f-b200-5d7b62382ae4,SPY   251226P00673000,2025-12-22T19:00:00Z,0.300000,0.310000,0.230000,0.230000
95693ac3-910d-413f-b200-5d7b62382ae4,SPY   251226P00673000,2025-12-22T20:00:00Z,0.230000,0.240000,0.220000,0.240000
95693ac3-910d-413f-b200-5d7b62382ae4,SPY   251226P00673000,2025-12-23T15:00:00Z,0.130000,0.130000,0.130000,0.130000
95693ac3-910d-413f-b200-5d7b62382ae4,SPY   251226P00673000,2025-12-23T16:00:00Z,0.120000,0.120000,0.110000,0.120000
95693ac3-910d-413f-b200-5d7b62382ae4,SPY   251226P00673000,2025-12-23T17:00:00Z,0.120000,0.120000,0.110000,0.110000
95693ac3-910d-413f-b200-5d7b62382ae4,SPY   251226P00673000,2025-12-23T18:00:00Z,0.110000,0.110000,0.110000,0.110000
95693ac3-910d-413f-b200-5d7b62382ae4,SPY   251226P00673000,2025-12-23T19:00:00Z,0.110000,0.110000,0.100000,0.100000
95693ac3-910d-413f-b200-5d7b62382ae4,SPY   251226P00673000,2025-12-23T20:00:00Z,0.100000,0.100000,0.100000,0.100000
95693ac3-910d-413f-b200-5d7b62382ae4,SPY   251226P00673000,2025-12-24T15:00:00Z,0.060000,0.060000,0.040000,0.040000
95693ac3-910d-413f-b200-5d7b62382ae4,SPY   251226P00673000,2025-12-24T16:00:00Z,0.040000,0.040000,0.040000,0.040000
95693ac3-910d-413f-b200-5d7b62382ae4,SPY   251226P00673000,2025-12-24T17:00:00Z,0.040000,0.040000,0.040000,0.040000
95693ac3-910d-413f-b200-5d7b62382ae4,SPY   251226P00673000,2025-12-26T15:00:00Z,0.020000,0.020000,0.020000,0.020000
95693ac3-910d-413f-b200-5d7b62382ae4,SPY   251226P00673000,2025-12-26T16:00:00Z,0.020000,0.020000,0.020000,0.020000
95693ac3-910d-413f-b200-5d7b62382ae4,SPY   251226P00673000,2025-12-26T17:00:00Z,0.020000,0.020000,0.010000,0.010000
95693ac3-910d-413f-b200-5d7b62382ae4,SPY   251226P00673000,2025-12-26T18:00:00Z,0.010000,0.010000,0.010000,0.010000
95693ac3-910d-413f-b200-5d7b62382ae4,SPY   251226P00673000,2025-12-26T19:00:00Z,0.010000,0.010000,0.010000,0.010000
95693ac3-910d-413f-b200-5d7b62382ae4,SPY   251226P00673000,2025-12-26T20:00:00Z,0.010000,0.010000,0.010000,0.010000
95a61068-95c5-4772-a7ec-14e795e93607,SPY   260227P00676000,2026-02-23T15:00:00Z,2.840000,4.300000,2.630000,4.270000
95a61068-95c5-4772-a7ec-14e795e93607,SPY   260227P00676000,2026-02-23T16:00:00Z,4.240000,5.080000,3.780000,4.190000
95a61068-95c5-4772-a7ec-14e795e93607,SPY   260227P00676000,2026-02-23T17:00:00Z,4.190000,4.810000,3.950000,4.050000
95a61068-95c5-4772-a7ec-14e795e93607,SPY   260227P00676000,2026-02-23T18:00:00Z,4.050000,4.080000,3.220000,3.420000
95a61068-95c5-4772-a7ec-14e795e93607,SPY   260227P00676000,2026-02-23T19:00:00Z,3.960000,4.630000,3.850000,4.400000
95a61068-95c5-4772-a7ec-14e795e93607,SPY   260227P00676000,2026-02-23T20:00:00Z,4.410000,4.630000,3.820000,4.310000
95a61068-95c5-4772-a7ec-14e795e93607,SPY   260227P00676000,2026-02-24T15:00:00Z,3.330000,3.440000,2.000000,2.020000
95a61068-95c5-4772-a7ec-14e795e93607,SPY   260227P00676000,2026-02-24T16:00:00Z,1.790000,2.070000,1.780000,2.010000
95a61068-95c5-4772-a7ec-14e795e93607,SPY   260227P00676000,2026-02-24T17:00:00Z,1.660000,1.740000,1.570000,1.610000
95a61068-95c5-4772-a7ec-14e795e93607,SPY   260227P00676000,2026-02-24T18:00:00Z,1.510000,1.730000,1.450000,1.550000
95a61068-95c5-4772-a7ec-14e795e93607,SPY   260227P00676000,2026-02-24T19:00:00Z,1.510000,1.740000,1.510000,1.640000
95a61068-95c5-4772-a7ec-14e795e93607,SPY   260227P00676000,2026-02-24T20:00:00Z,1.560000,1.740000,1.350000,1.510000
95a61068-95c5-4772-a7ec-14e795e93607,SPY   260227P00676000,2026-02-25T15:00:00Z,0.760000,0.760000,0.730000,0.740000
95a61068-95c5-4772-a7ec-14e795e93607,SPY   260227P00676000,2026-02-25T16:00:00Z,0.680000,0.740000,0.670000,0.740000
95a61068-95c5-4772-a7ec-14e795e93607,SPY   260227P00676000,2026-02-25T17:00:00Z,0.590000,0.630000,0.550000,0.560000
95a61068-95c5-4772-a7ec-14e795e93607,SPY   260227P00676000,2026-02-25T18:00:00Z,0.540000,0.590000,0.540000,0.570000
95a61068-95c5-4772-a7ec-14e795e93607,SPY   260227P00676000,2026-02-25T19:00:00Z,0.490000,0.500000,0.490000,0.490000
95a61068-95c5-4772-a7ec-14e795e93607,SPY   260227P00676000,2026-02-25T20:00:00Z,0.470000,0.500000,0.440000,0.460000
95a61068-95c5-4772-a7ec-14e795e93607,SPY   260227P00676000,2026-02-26T15:00:00Z,0.970000,1.140000,0.970000,1.140000
95a61068-95c5-4772-a7ec-14e795e93607,SPY   260227P00676000,2026-02-26T16:00:00Z,0.390000,0.400000,0.380000,0.390000
95a61068-95c5-4772-a7ec-14e795e93607,SPY   260227P00676000,2026-02-26T17:00:00Z,0.620000,0.640000,0.470000,0.490000
95a61068-95c5-4772-a7ec-14e795e93607,SPY   260227P00676000,2026-02-26T18:00:00Z,0.690000,0.740000,0.260000,0.290000
95a61068-95c5-4772-a7ec-14e795e93607,SPY   260227P00676000,2026-02-26T19:00:00Z,0.200000,0.220000,0.200000,0.220000
95a61068-95c5-4772-a7ec-14e795e93607,SPY   260227P00676000,2026-02-26T20:00:00Z,0.220000,0.240000,0.170000,0.190000
95a61068-95c5-4772-a7ec-14e795e93607,SPY   260227P00676000,2026-02-27T15:00:00Z,0.110000,0.110000,0.110000,0.110000
95a61068-95c5-4772-a7ec-14e795e93607,SPY   260227P00676000,2026-02-27T16:00:00Z,0.080000,0.090000,0.080000,0.090000
95a61068-95c5-4772-a7ec-14e795e93607,SPY   260227P00676000,2026-02-27T17:00:00Z,0.080000,0.080000,0.050000,0.070000
95a61068-95c5-4772-a7ec-14e795e93607,SPY   260227P00676000,2026-02-27T18:00:00Z,0.070000,0.090000,0.040000,0.040000
95a61068-95c5-4772-a7ec-14e795e93607,SPY   260227P00676000,2026-02-27T19:00:00Z,0.040000,0.040000,0.030000,0.030000
95a61068-95c5-4772-a7ec-14e795e93607,SPY   260227P00676000,2026-02-27T20:00:00Z,0.030000,0.030000,0.020000,0.020000
98e86b61-efd7-4e4e-a42f-149a330dd0d4,SPY   251114P00659000,2025-11-04T15:00:00Z,1.840000,2.020000,1.600000,1.920000
98e86b61-efd7-4e4e-a42f-149a330dd0d4,SPY   251114P00659000,2025-11-04T16:00:00Z,1.950000,1.980000,1.950000,1.980000
98e86b61-efd7-4e4e-a42f-149a330dd0d4,SPY   251114P00659000,2025-11-04T17:00:00Z,1.840000,2.450000,1.830000,2.370000
98e86b61-efd7-4e4e-a42f-149a330dd0d4,SPY   251114P00659000,2025-11-04T18:00:00Z,2.450000,2.610000,2.350000,2.590000
98e86b61-efd7-4e4e-a42f-149a330dd0d4,SPY   251114P00659000,2025-11-04T19:00:00Z,2.330000,2.590000,2.100000,2.430000
98e86b61-efd7-4e4e-a42f-149a330dd0d4,SPY   251114P00659000,2025-11-04T20:00:00Z,2.560000,2.560000,2.560000,2.560000
98e86b61-efd7-4e4e-a42f-149a330dd0d4,SPY   251114P00659000,2025-11-05T15:00:00Z,1.790000,1.940000,1.590000,1.600000
98e86b61-efd7-4e4e-a42f-149a330dd0d4,SPY   251114P00659000,2025-11-05T16:00:00Z,1.720000,1.750000,1.720000,1.720000
98e86b61-efd7-4e4e-a42f-149a330dd0d4,SPY   251114P00659000,2025-11-05T17:00:00Z,1.280000,1.290000,1.220000,1.220000
98e86b61-efd7-4e4e-a42f-149a330dd0d4,SPY   251114P00659000,2025-11-05T18:00:00Z,1.180000,1.190000,1.080000,1.110000
98e86b61-efd7-4e4e-a42f-149a330dd0d4,SPY   251114P00659000,2025-11-05T19:00:00Z,1.110000,1.210000,1.030000,1.060000
98e86b61-efd7-4e4e-a42f-149a330dd0d4,SPY   251114P00659000,2025-11-05T20:00:00Z,1.060000,1.350000,1.020000,1.350000
98e86b61-efd7-4e4e-a42f-149a330dd0d4,SPY   251114P00659000,2025-11-06T15:00:00Z,2.070000,2.950000,1.770000,2.920000
98e86b61-efd7-4e4e-a42f-149a330dd0d4,SPY   251114P00659000,2025-11-06T16:00:00Z,2.920000,3.490000,2.550000,3.440000
98e86b61-efd7-4e4e-a42f-149a330dd0d4,SPY   251114P00659000,2025-11-06T17:00:00Z,3.440000,3.440000,2.760000,3.350000
98e86b61-efd7-4e4e-a42f-149a330dd0d4,SPY   251114P00659000,2025-11-06T18:00:00Z,2.720000,3.290000,2.370000,2.540000
98e86b61-efd7-4e4e-a42f-149a330dd0d4,SPY   251114P00659000,2025-11-06T19:00:00Z,2.550000,2.590000,1.930000,2.110000
98e86b61-efd7-4e4e-a42f-149a330dd0d4,SPY   251114P00659000,2025-11-06T20:00:00Z,2.480000,2.770000,2.470000,2.740000
98e86b61-efd7-4e4e-a42f-149a330dd0d4,SPY   251114P00659000,2025-11-07T15:00:00Z,4.340000,4.860000,4.110000,4.840000
98e86b61-efd7-4e4e-a42f-149a330dd0d4,SPY   251114P00659000,2025-11-07T16:00:00Z,5.430000,5.580000,5.250000,5.540000
98e86b61-efd7-4e4e-a42f-149a330dd0d4,SPY   251114P00659000,2025-11-07T17:00:00Z,5.960000,6.400000,4.800000,4.930000
98e86b61-efd7-4e4e-a42f-149a330dd0d4,SPY   251114P00659000,2025-11-07T18:00:00Z,4.840000,5.050000,3.780000,3.800000
98e86b61-efd7-4e4e-a42f-149a330dd0d4,SPY   251114P00659000,2025-11-07T19:00:00Z,3.910000,4.060000,2.610000,2.620000
98e86b61-efd7-4e4e-a42f-149a330dd0d4,SPY   251114P00659000,2025-11-07T20:00:00Z,2.380000,2.380000,2.380000,2.380000
98e86b61-efd7-4e4e-a42f-149a330dd0d4,SPY   251114P00659000,2025-11-10T15:00:00Z,0.570000,0.800000,0.530000,0.790000
98e86b61-efd7-4e4e-a42f-149a330dd0d4,SPY   251114P00659000,2025-11-10T16:00:00Z,0.790000,0.810000,0.720000,0.770000
98e86b61-efd7-4e4e-a42f-149a330dd0d4,SPY   251114P00659000,2025-11-10T17:00:00Z,0.650000,0.660000,0.430000,0.440000
98e86b61-efd7-4e4e-a42f-149a330dd0d4,SPY   251114P00659000,2025-11-10T18:00:00Z,0.440000,0.470000,0.430000,0.450000
98e86b61-efd7-4e4e-a42f-149a330dd0d4,SPY   251114P00659000,2025-11-10T19:00:00Z,0.440000,0.440000,0.370000,0.390000
98e86b61-efd7-4e4e-a42f-149a330dd0d4,SPY   251114P00659000,2025-11-10T20:00:00Z,0.410000,0.430000,0.390000,0.400000
98e86b61-efd7-4e4e-a42f-149a330dd0d4,SPY   251114P00659000,2025-11-11T15:00:00Z,0.250000,0.330000,0.250000,0.300000
98e86b61-efd7-4e4e-a42f-149a330dd0d4,SPY   251114P00659000,2025-11-11T16:00:00Z,0.330000,0.330000,0.240000,0.260000
98e86b61-efd7-4e4e-a42f-149a330dd0d4,SPY   251114P00659000,2025-11-11T17:00:00Z,0.260000,0.260000,0.210000,0.220000
98e86b61-efd7-4e4e-a42f-149a330dd0d4,SPY   251114P00659000,2025-11-11T18:00:00Z,0.170000,0.170000,0.170000,0.170000
98e86b61-efd7-4e4e-a42f-149a330dd0d4,SPY   251114P00659000,2025-11-11T19:00:00Z,0.170000,0.180000,0.170000,0.170000
98e86b61-efd7-4e4e-a42f-149a330dd0d4,SPY   251114P00659000,2025-11-11T20:00:00Z,0.170000,0.180000,0.170000,0.170000
98e86b61-efd7-4e4e-a42f-149a330dd0d4,SPY   251114P00659000,2025-11-12T15:00:00Z,0.110000,0.150000,0.100000,0.130000
98e86b61-efd7-4e4e-a42f-149a330dd0d4,SPY   251114P00659000,2025-11-12T16:00:00Z,0.140000,0.150000,0.140000,0.140000
98e86b61-efd7-4e4e-a42f-149a330dd0d4,SPY   251114P00659000,2025-11-12T17:00:00Z,0.150000,0.150000,0.100000,0.100000
98e86b61-efd7-4e4e-a42f-149a330dd0d4,SPY   251114P00659000,2025-11-12T18:00:00Z,0.100000,0.110000,0.090000,0.100000
98e86b61-efd7-4e4e-a42f-149a330dd0d4,SPY   251114P00659000,2025-11-12T19:00:00Z,0.100000,0.110000,0.090000,0.100000
98e86b61-efd7-4e4e-a42f-149a330dd0d4,SPY   251114P00659000,2025-11-12T20:00:00Z,0.100000,0.120000,0.090000,0.090000
98e86b61-efd7-4e4e-a42f-149a330dd0d4,SPY   251114P00659000,2025-11-13T15:00:00Z,0.110000,0.190000,0.080000,0.140000
98e86b61-efd7-4e4e-a42f-149a330dd0d4,SPY   251114P00659000,2025-11-13T16:00:00Z,0.170000,0.270000,0.140000,0.250000
98e86b61-efd7-4e4e-a42f-149a330dd0d4,SPY   251114P00659000,2025-11-13T17:00:00Z,0.200000,0.250000,0.140000,0.230000
98e86b61-efd7-4e4e-a42f-149a330dd0d4,SPY   251114P00659000,2025-11-13T18:00:00Z,0.230000,0.330000,0.220000,0.330000
98e86b61-efd7-4e4e-a42f-149a330dd0d4,SPY   251114P00659000,2025-11-13T19:00:00Z,0.360000,0.520000,0.250000,0.400000
98e86b61-efd7-4e4e-a42f-149a330dd0d4,SPY   251114P00659000,2025-11-13T20:00:00Z,0.420000,0.480000,0.370000,0.400000
98e86b61-efd7-4e4e-a42f-149a330dd0d4,SPY   251114P00659000,2025-11-14T15:00:00Z,0.320000,0.430000,0.240000,0.270000
98e86b61-efd7-4e4e-a42f-149a330dd0d4,SPY   251114P00659000,2025-11-14T16:00:00Z,0.100000,0.130000,0.100000,0.100000
98e86b61-efd7-4e4e-a42f-149a330dd0d4,SPY   251114P00659000,2025-11-14T17:00:00Z,0.050000,0.080000,0.040000,0.060000
98e86b61-efd7-4e4e-a42f-149a330dd0d4,SPY   251114P00659000,2025-11-14T18:00:00Z,0.070000,0.070000,0.030000,0.030000
98e86b61-efd7-4e4e-a42f-149a330dd0d4,SPY   251114P00659000,2025-11-14T19:00:00Z,0.030000,0.030000,0.020000,0.020000
98e86b61-efd7-4e4e-a42f-149a330dd0d4,SPY   251114P00659000,2025-11-14T20:00:00Z,0.020000,0.020000,0.020000,0.020000
9a3f0b76-b76d-48af-8465-240db4b0d872,SPY   260821P00761000,2026-08-10T14:00:00Z,2.120000,2.150000,1.860000,2.110000
9a3f0b76-b76d-48af-8465-240db4b0d872,SPY   260821P00761000,2026-08-10T15:00:00Z,2.100000,2.190000,1.950000,1.960000
9a3f0b76-b76d-48af-8465-240db4b0d872,SPY   260821P00761000,2026-08-10T16:00:00Z,1.960000,2.490000,1.940000,2.280000
9a3f0b76-b76d-48af-8465-240db4b0d872,SPY   260821P00761000,2026-08-10T17:00:00Z,2.280000,2.380000,2.210000,2.320000
9a3f0b76-b76d-48af-8465-240db4b0d872,SPY   260821P00761000,2026-08-10T18:00:00Z,2.320000,2.430000,2.190000,2.210000
9a3f0b76-b76d-48af-8465-240db4b0d872,SPY   260821P00761000,2026-08-10T19:00:00Z,2.210000,2.380000,2.170000,2.380000
9a3f0b76-b76d-48af-8465-240db4b0d872,SPY   260821P00761000,2026-08-11T14:00:00Z,2.050000,2.060000,1.810000,1.870000
9a3f0b76-b76d-48af-8465-240db4b0d872,SPY   260821P00761000,2026-08-11T15:00:00Z,1.860000,2.270000,1.830000,2.200000
9a3f0b76-b76d-48af-8465-240db4b0d872,SPY   260821P00761000,2026-08-11T16:00:00Z,2.200000,2.460000,2.120000,2.430000
9a3f0b76-b76d-48af-8465-240db4b0d872,SPY   260821P00761000,2026-08-11T17:00:00Z,2.430000,2.600000,2.260000,2.280000
9a3f0b76-b76d-48af-8465-240db4b0d872,SPY   260821P00761000,2026-08-11T18:00:00Z,2.280000,2.750000,2.280000,2.540000
9a3f0b76-b76d-48af-8465-240db4b0d872,SPY   260821P00761000,2026-08-11T19:00:00Z,2.540000,2.620000,2.300000,2.540000
9a3f0b76-b76d-48af-8465-240db4b0d872,SPY   260821P00761000,2026-08-12T14:00:00Z,1.590000,1.850000,1.480000,1.680000
9a3f0b76-b76d-48af-8465-240db4b0d872,SPY   260821P00761000,2026-08-12T15:00:00Z,1.700000,1.770000,1.600000,1.680000
9a3f0b76-b76d-48af-8465-240db4b0d872,SPY   260821P00761000,2026-08-12T16:00:00Z,1.680000,1.690000,1.480000,1.540000
9a3f0b76-b76d-48af-8465-240db4b0d872,SPY   260821P00761000,2026-08-12T17:00:00Z,1.540000,1.560000,1.460000,1.480000
9a3f0b76-b76d-48af-8465-240db4b0d872,SPY   260821P00761000,2026-08-12T18:00:00Z,1.480000,1.490000,1.340000,1.440000
9a3f0b76-b76d-48af-8465-240db4b0d872,SPY   260821P00761000,2026-08-12T19:00:00Z,1.440000,1.490000,1.360000,1.480000
9a3f0b76-b76d-48af-8465-240db4b0d872,SPY   260821P00761000,2026-08-13T14:00:00Z,0.820000,0.820000,0.750000,0.760000
9a3f0b76-b76d-48af-8465-240db4b0d872,SPY   260821P00761000,2026-08-13T15:00:00Z,0.750000,0.980000,0.720000,0.950000
9a3f0b76-b76d-48af-8465-240db4b0d872,SPY   260821P00761000,2026-08-13T16:00:00Z,0.940000,0.960000,0.830000,0.830000
9a3f0b76-b76d-48af-8465-240db4b0d872,SPY   260821P00761000,2026-08-13T17:00:00Z,0.830000,0.840000,0.780000,0.830000
9a3f0b76-b76d-48af-8465-240db4b0d872,SPY   260821P00761000,2026-08-13T18:00:00Z,0.830000,0.850000,0.740000,0.770000
9a3f0b76-b76d-48af-8465-240db4b0d872,SPY   260821P00761000,2026-08-13T19:00:00Z,0.770000,0.790000,0.740000,0.740000
9a3f0b76-b76d-48af-8465-240db4b0d872,SPY   260821P00761000,2026-08-14T14:00:00Z,0.600000,0.620000,0.490000,0.600000
9a3f0b76-b76d-48af-8465-240db4b0d872,SPY   260821P00761000,2026-08-14T15:00:00Z,0.590000,0.750000,0.560000,0.680000
9a3f0b76-b76d-48af-8465-240db4b0d872,SPY   260821P00761000,2026-08-14T16:00:00Z,0.670000,0.700000,0.620000,0.690000
9a3f0b76-b76d-48af-8465-240db4b0d872,SPY   260821P00761000,2026-08-14T17:00:00Z,0.690000,0.690000,0.680000,0.680000
9a3f0b76-b76d-48af-8465-240db4b0d872,SPY   260821P00761000,2026-08-14T18:00:00Z,0.640000,0.640000,0.580000,0.600000
9a3f0b76-b76d-48af-8465-240db4b0d872,SPY   260821P00761000,2026-08-14T19:00:00Z,0.600000,0.630000,0.480000,0.530000
9a3f0b76-b76d-48af-8465-240db4b0d872,SPY   260821P00761000,2026-08-17T14:00:00Z,0.420000,0.460000,0.380000,0.390000
9a3f0b76-b76d-48af-8465-240db4b0d872,SPY   260821P00761000,2026-08-17T15:00:00Z,0.390000,0.430000,0.350000,0.380000
9a3f0b76-b76d-48af-8465-240db4b0d872,SPY   260821P00761000,2026-08-17T16:00:00Z,0.380000,0.440000,0.370000,0.430000
9a3f0b76-b76d-48af-8465-240db4b0d872,SPY   260821P00761000,2026-08-17T17:00:00Z,0.590000,0.590000,0.580000,0.580000
9a3f0b76-b76d-48af-8465-240db4b0d872,SPY   260821P00761000,2026-08-17T18:00:00Z,0.610000,0.630000,0.530000,0.550000
9a3f0b76-b76d-48af-8465-240db4b0d872,SPY   260821P00761000,2026-08-17T19:00:00Z,0.550000,0.660000,0.540000,0.610000
9a3f0b76-b76d-48af-8465-240db4b0d872,SPY   260821P00761000,2026-08-18T14:00:00Z,1.150000,1.340000,0.960000,1.260000
9a3f0b76-b76d-48af-8465-240db4b0d872,SPY   260821P00761000,2026-08-18T15:00:00Z,1.260000,1.390000,1.050000,1.100000
9a3f0b76-b76d-48af-8465-240db4b0d872,SPY   260821P00761000,2026-08-18T16:00:00Z,1.100000,1.160000,1.000000,1.040000
9a3f0b76-b76d-48af-8465-240db4b0d872,SPY   260821P00761000,2026-08-18T17:00:00Z,1.040000,1.200000,1.010000,1.200000
9a3f0b76-b76d-48af-8465-240db4b0d872,SPY   260821P00761000,2026-08-18T18:00:00Z,1.200000,1.240000,0.990000,1.130000
9a3f0b76-b76d-48af-8465-240db4b0d872,SPY   260821P00761000,2026-08-18T19:00:00Z,1.140000,1.160000,1.010000,1.090000
9a3f0b76-b76d-48af-8465-240db4b0d872,SPY   260821P00761000,2026-08-19T14:00:00Z,0.600000,0.760000,0.370000,0.370000
9a3f0b76-b76d-48af-8465-240db4b0d872,SPY   260821P00761000,2026-08-19T15:00:00Z,0.370000,0.520000,0.350000,0.440000
9a3f0b76-b76d-48af-8465-240db4b0d872,SPY   260821P00761000,2026-08-19T16:00:00Z,0.440000,0.570000,0.360000,0.540000
9a3f0b76-b76d-48af-8465-240db4b0d872,SPY   260821P00761000,2026-08-19T17:00:00Z,0.550000,0.640000,0.480000,0.540000
9a3f0b76-b76d-48af-8465-240db4b0d872,SPY   260821P00761000,2026-08-19T18:00:00Z,0.540000,0.640000,0.430000,0.520000
9a3f0b76-b76d-48af-8465-240db4b0d872,SPY   260821P00761000,2026-08-19T19:00:00Z,0.520000,0.610000,0.430000,0.510000
9a3f0b76-b76d-48af-8465-240db4b0d872,SPY   260821P00761000,2026-08-20T14:00:00Z,0.770000,1.020000,0.610000,0.620000
9a3f0b76-b76d-48af-8465-240db4b0d872,SPY   260821P00761000,2026-08-20T15:00:00Z,0.690000,0.870000,0.610000,0.860000
9a3f0b76-b76d-48af-8465-240db4b0d872,SPY   260821P00761000,2026-08-20T16:00:00Z,0.770000,0.840000,0.590000,0.600000
9a3f0b76-b76d-48af-8465-240db4b0d872,SPY   260821P00761000,2026-08-20T17:00:00Z,0.600000,1.080000,0.600000,0.960000
9a3f0b76-b76d-48af-8465-240db4b0d872,SPY   260821P00761000,2026-08-20T18:00:00Z,0.980000,1.150000,0.980000,1.110000
9a3f0b76-b76d-48af-8465-240db4b0d872,SPY   260821P00761000,2026-08-20T19:00:00Z,1.440000,1.630000,1.150000,1.590000
9a3f0b76-b76d-48af-8465-240db4b0d872,SPY   260821P00761000,2026-08-21T14:00:00Z,0.220000,0.240000,0.170000,0.180000
9a3f0b76-b76d-48af-8465-240db4b0d872,SPY   260821P00761000,2026-08-21T15:00:00Z,0.090000,0.090000,0.040000,0.040000
9a3f0b76-b76d-48af-8465-240db4b0d872,SPY   260821P00761000,2026-08-21T16:00:00Z,0.040000,0.070000,0.040000,0.040000
9a3f0b76-b76d-48af-8465-240db4b0d872,SPY   260821P00761000,2026-08-21T17:00:00Z,0.040000,0.040000,0.040000,0.040000
9a3f0b76-b76d-48af-8465-240db4b0d872,SPY   260821P00761000,2026-08-21T18:00:00Z,0.040000,0.040000,0.020000,0.020000
9a3f0b76-b76d-48af-8465-240db4b0d872,SPY   260821P00761000,2026-08-21T19:00:00Z,0.020000,0.020000,0.010000,0.010000
9b05d1e3-e380-4c4f-b580-2ef12eacc6c4,SPY   260918P00743000,2026-09-08T14:00:00Z,1.370000,1.590000,1.270000,1.310000
9b05d1e3-e380-4c4f-b580-2ef12eacc6c4,SPY   260918P00743000,2026-09-08T15:00:00Z,1.310000,1.360000,1.220000,1.270000
9b05d1e3-e380-4c4f-b580-2ef12eacc6c4,SPY   260918P00743000,2026-09-08T16:00:00Z,1.270000,1.350000,1.210000,1.290000
9b05d1e3-e380-4c4f-b580-2ef12eacc6c4,SPY   260918P00743000,2026-09-08T17:00:00Z,1.290000,1.290000,1.170000,1.250000
9b05d1e3-e380-4c4f-b580-2ef12eacc6c4,SPY   260918P00743000,2026-09-08T18:00:00Z,1.250000,1.270000,1.200000,1.250000
9b05d1e3-e380-4c4f-b580-2ef12eacc6c4,SPY   260918P00743000,2026-09-08T19:00:00Z,1.410000,1.500000,1.340000,1.500000
9b05d1e3-e380-4c4f-b580-2ef12eacc6c4,SPY   260918P00743000,2026-09-09T14:00:00Z,1.740000,1.980000,1.690000,1.970000
9b05d1e3-e380-4c4f-b580-2ef12eacc6c4,SPY   260918P00743000,2026-09-09T15:00:00Z,2.240000,2.270000,2.200000,2.220000
9b05d1e3-e380-4c4f-b580-2ef12eacc6c4,SPY   260918P00743000,2026-09-09T16:00:00Z,2.070000,2.300000,1.920000,1.980000
9b05d1e3-e380-4c4f-b580-2ef12eacc6c4,SPY   260918P00743000,2026-09-09T17:00:00Z,1.980000,2.030000,1.830000,1.870000
9b05d1e3-e380-4c4f-b580-2ef12eacc6c4,SPY   260918P00743000,2026-09-09T18:00:00Z,1.870000,1.930000,1.840000,1.920000
9b05d1e3-e380-4c4f-b580-2ef12eacc6c4,SPY   260918P00743000,2026-09-09T19:00:00Z,1.860000,2.040000,1.820000,1.980000
9b05d1e3-e380-4c4f-b580-2ef12eacc6c4,SPY   260918P00743000,2026-09-10T14:00:00Z,3.450000,3.450000,2.590000,2.740000
9b05d1e3-e380-4c4f-b580-2ef12eacc6c4,SPY   260918P00743000,2026-09-10T15:00:00Z,2.540000,2.770000,2.530000,2.670000
9b05d1e3-e380-4c4f-b580-2ef12eacc6c4,SPY   260918P00743000,2026-09-10T16:00:00Z,2.860000,3.210000,2.560000,2.590000
9b05d1e3-e380-4c4f-b580-2ef12eacc6c4,SPY   260918P00743000,2026-09-10T17:00:00Z,2.600000,2.910000,2.410000,2.820000
9b05d1e3-e380-4c4f-b580-2ef12eacc6c4,SPY   260918P00743000,2026-09-10T18:00:00Z,2.820000,3.190000,2.740000,3.070000
9b05d1e3-e380-4c4f-b580-2ef12eacc6c4,SPY   260918P00743000,2026-09-10T19:00:00Z,3.080000,3.330000,2.950000,3.120000
9b05d1e3-e380-4c4f-b580-2ef12eacc6c4,SPY   260918P00743000,2026-09-11T14:00:00Z,1.090000,1.250000,1.070000,1.160000
9b05d1e3-e380-4c4f-b580-2ef12eacc6c4,SPY   260918P00743000,2026-09-11T15:00:00Z,1.120000,1.180000,0.990000,1.020000
9b05d1e3-e380-4c4f-b580-2ef12eacc6c4,SPY   260918P00743000,2026-09-11T16:00:00Z,1.020000,1.110000,0.960000,1.000000
9b05d1e3-e380-4c4f-b580-2ef12eacc6c4,SPY   260918P00743000,2026-09-11T17:00:00Z,1.000000,1.000000,0.910000,0.940000
9b05d1e3-e380-4c4f-b580-2ef12eacc6c4,SPY   260918P00743000,2026-09-11T18:00:00Z,0.940000,1.050000,0.910000,1.040000
9b05d1e3-e380-4c4f-b580-2ef12eacc6c4,SPY   260918P00743000,2026-09-11T19:00:00Z,1.040000,1.120000,1.010000,1.110000
9b05d1e3-e380-4c4f-b580-2ef12eacc6c4,SPY   260918P00743000,2026-09-14T14:00:00Z,1.510000,1.880000,1.330000,1.730000
9b05d1e3-e380-4c4f-b580-2ef12eacc6c4,SPY   260918P00743000,2026-09-14T15:00:00Z,1.720000,1.810000,1.110000,1.140000
9b05d1e3-e380-4c4f-b580-2ef12eacc6c4,SPY   260918P00743000,2026-09-14T16:00:00Z,1.140000,1.200000,0.950000,1.040000
9b05d1e3-e380-4c4f-b580-2ef12eacc6c4,SPY   260918P00743000,2026-09-14T17:00:00Z,1.040000,1.160000,1.010000,1.080000
9b05d1e3-e380-4c4f-b580-2ef12eacc6c4,SPY   260918P00743000,2026-09-14T18:00:00Z,1.080000,1.160000,1.040000,1.160000
9b05d1e3-e380-4c4f-b580-2ef12eacc6c4,SPY   260918P00743000,2026-09-14T19:00:00Z,1.150000,1.230000,1.150000,1.200000
9b05d1e3-e380-4c4f-b580-2ef12eacc6c4,SPY   260918P00743000,2026-09-15T14:00:00Z,1.210000,1.950000,1.210000,1.870000
9b05d1e3-e380-4c4f-b580-2ef12eacc6c4,SPY   260918P00743000,2026-09-15T15:00:00Z,1.870000,1.870000,1.710000,1.810000
9b05d1e3-e380-4c4f-b580-2ef12eacc6c4,SPY   260918P00743000,2026-09-15T16:00:00Z,1.680000,1.800000,1.450000,1.500000
9b05d1e3-e380-4c4f-b580-2ef12eacc6c4,SPY   260918P00743000,2026-09-15T17:00:00Z,1.500000,1.780000,1.490000,1.580000
9b05d1e3-e380-4c4f-b580-2ef12eacc6c4,SPY   260918P00743000,2026-09-15T18:00:00Z,1.580000,1.710000,1.420000,1.540000
9b05d1e3-e380-4c4f-b580-2ef12eacc6c4,SPY   260918P00743000,2026-09-15T19:00:00Z,1.540000,1.720000,1.510000,1.600000
9b05d1e3-e380-4c4f-b580-2ef12eacc6c4,SPY   260918P00743000,2026-09-16T14:00:00Z,0.860000,1.000000,0.840000,0.850000
9b05d1e3-e380-4c4f-b580-2ef12eacc6c4,SPY   260918P00743000,2026-09-16T15:00:00Z,0.850000,0.890000,0.760000,0.850000
9b05d1e3-e380-4c4f-b580-2ef12eacc6c4,SPY   260918P00743000,2026-09-16T16:00:00Z,0.850000,0.930000,0.840000,0.920000
9b05d1e3-e380-4c4f-b580-2ef12eacc6c4,SPY   260918P00743000,2026-09-16T17:00:00Z,0.880000,0.950000,0.820000,0.890000
9b05d1e3-e380-4c4f-b580-2ef12eacc6c4,SPY   260918P00743000,2026-09-16T18:00:00Z,0.930000,0.980000,0.670000,0.670000
9b05d1e3-e380-4c4f-b580-2ef12eacc6c4,SPY   260918P00743000,2026-09-16T19:00:00Z,1.360000,1.360000,1.350000,1.350000
9b05d1e3-e380-4c4f-b580-2ef12eacc6c4,SPY   260918P00743000,2026-09-17T14:00:00Z,0.210000,0.220000,0.190000,0.190000
9b05d1e3-e380-4c4f-b580-2ef12eacc6c4,SPY   260918P00743000,2026-09-17T15:00:00Z,0.230000,0.250000,0.160000,0.160000
9b05d1e3-e380-4c4f-b580-2ef12eacc6c4,SPY   260918P00743000,2026-09-17T16:00:00Z,0.160000,0.170000,0.150000,0.150000
9b05d1e3-e380-4c4f-b580-2ef12eacc6c4,SPY   260918P00743000,2026-09-17T17:00:00Z,0.150000,0.160000,0.130000,0.130000
9b05d1e3-e380-4c4f-b580-2ef12eacc6c4,SPY   260918P00743000,2026-09-17T18:00:00Z,0.130000,0.130000,0.130000,0.130000
9b05d1e3-e380-4c4f-b580-2ef12eacc6c4,SPY   260918P00743000,2026-09-17T19:00:00Z,0.130000,0.140000,0.090000,0.090000
9b05d1e3-e380-4c4f-b580-2ef12eacc6c4,SPY   260918P00743000,2026-09-18T14:00:00Z,0.020000,0.030000,0.020000,0.030000
9b05d1e3-e380-4c4f-b580-2ef12eacc6c4,SPY   260918P00743000,2026-09-18T15:00:00Z,0.030000,0.030000,0.020000,0.020000
9b05d1e3-e380-4c4f-b580-2ef12eacc6c4,SPY   260918P00743000,2026-09-18T16:00:00Z,0.020000,0.020000,0.020000,0.020000
9b05d1e3-e380-4c4f-b580-2ef12eacc6c4,SPY   260918P00743000,2026-09-18T17:00:00Z,0.020000,0.020000,0.020000,0.020000
9b05d1e3-e380-4c4f-b580-2ef12eacc6c4,SPY   260918P00743000,2026-09-18T18:00:00Z,0.020000,0.020000,0.020000,0.020000
9b05d1e3-e380-4c4f-b580-2ef12eacc6c4,SPY   260918P00743000,2026-09-18T19:00:00Z,0.020000,0.020000,0.010000,0.010000
9b9e6b17-8790-47dc-a971-71aef18947a5,SPY   260904P00755000,2026-08-24T14:00:00Z,3.630000,3.870000,3.400000,3.480000
9b9e6b17-8790-47dc-a971-71aef18947a5,SPY   260904P00755000,2026-08-24T15:00:00Z,3.470000,3.850000,3.420000,3.580000
9b9e6b17-8790-47dc-a971-71aef18947a5,SPY   260904P00755000,2026-08-24T16:00:00Z,3.240000,3.310000,3.080000,3.280000
9b9e6b17-8790-47dc-a971-71aef18947a5,SPY   260904P00755000,2026-08-24T17:00:00Z,3.290000,3.320000,3.290000,3.320000
9b9e6b17-8790-47dc-a971-71aef18947a5,SPY   260904P00755000,2026-08-24T18:00:00Z,3.510000,3.510000,3.050000,3.350000
9b9e6b17-8790-47dc-a971-71aef18947a5,SPY   260904P00755000,2026-08-24T19:00:00Z,3.350000,3.500000,3.270000,3.380000
9b9e6b17-8790-47dc-a971-71aef18947a5,SPY   260904P00755000,2026-08-25T14:00:00Z,2.940000,2.940000,2.890000,2.900000
9b9e6b17-8790-47dc-a971-71aef18947a5,SPY   260904P00755000,2026-08-25T15:00:00Z,2.960000,3.060000,2.920000,2.920000
9b9e6b17-8790-47dc-a971-71aef18947a5,SPY   260904P00755000,2026-08-25T16:00:00Z,2.670000,2.710000,2.540000,2.570000
9b9e6b17-8790-47dc-a971-71aef18947a5,SPY   260904P00755000,2026-08-25T17:00:00Z,2.720000,2.730000,2.710000,2.710000
9b9e6b17-8790-47dc-a971-71aef18947a5,SPY   260904P00755000,2026-08-25T18:00:00Z,2.740000,2.810000,2.530000,2.590000
9b9e6b17-8790-47dc-a971-71aef18947a5,SPY   260904P00755000,2026-08-25T19:00:00Z,2.590000,2.750000,2.460000,2.550000
9b9e6b17-8790-47dc-a971-71aef18947a5,SPY   260904P00755000,2026-08-26T14:00:00Z,2.260000,2.480000,2.240000,2.440000
9b9e6b17-8790-47dc-a971-71aef18947a5,SPY   260904P00755000,2026-08-26T15:00:00Z,2.400000,2.600000,2.300000,2.570000
9b9e6b17-8790-47dc-a971-71aef18947a5,SPY   260904P00755000,2026-08-26T16:00:00Z,2.570000,3.000000,2.560000,2.740000
9b9e6b17-8790-47dc-a971-71aef18947a5,SPY   260904P00755000,2026-08-26T17:00:00Z,2.740000,2.780000,2.390000,2.440000
9b9e6b17-8790-47dc-a971-71aef18947a5,SPY   260904P00755000,2026-08-26T18:00:00Z,2.440000,2.500000,2.230000,2.250000
9b9e6b17-8790-47dc-a971-71aef18947a5,SPY   260904P00755000,2026-08-26T19:00:00Z,2.250000,2.260000,2.100000,2.160000
9b9e6b17-8790-47dc-a971-71aef18947a5,SPY   260904P00755000,2026-08-27T14:00:00Z,1.520000,1.540000,1.110000,1.110000
9b9e6b17-8790-47dc-a971-71aef18947a5,SPY   260904P00755000,2026-08-27T15:00:00Z,1.040000,1.080000,1.030000,1.070000
9b9e6b17-8790-47dc-a971-71aef18947a5,SPY   260904P00755000,2026-08-27T16:00:00Z,1.100000,1.130000,0.960000,0.970000
9b9e6b17-8790-47dc-a971-71aef18947a5,SPY   260904P00755000,2026-08-27T17:00:00Z,0.960000,1.040000,0.930000,1.040000
9b9e6b17-8790-47dc-a971-71aef18947a5,SPY   260904P00755000,2026-08-27T18:00:00Z,1.040000,1.300000,1.020000,1.220000
9b9e6b17-8790-47dc-a971-71aef18947a5,SPY   260904P00755000,2026-08-27T19:00:00Z,1.210000,1.230000,1.040000,1.080000
9b9e6b17-8790-47dc-a971-71aef18947a5,SPY   260904P00755000,2026-08-28T14:00:00Z,0.830000,1.400000,0.490000,0.490000
9b9e6b17-8790-47dc-a971-71aef18947a5,SPY   260904P00755000,2026-08-28T15:00:00Z,0.490000,0.500000,0.480000,0.500000
9b9e6b17-8790-47dc-a971-71aef18947a5,SPY   260904P00755000,2026-08-28T16:00:00Z,0.800000,1.080000,0.690000,0.870000
9b9e6b17-8790-47dc-a971-71aef18947a5,SPY   260904P00755000,2026-08-28T17:00:00Z,0.870000,1.200000,0.840000,0.880000
9b9e6b17-8790-47dc-a971-71aef18947a5,SPY   260904P00755000,2026-08-28T18:00:00Z,0.880000,1.030000,0.830000,0.960000
9b9e6b17-8790-47dc-a971-71aef18947a5,SPY   260904P00755000,2026-08-28T19:00:00Z,0.960000,0.970000,0.760000,0.800000
9b9e6b17-8790-47dc-a971-71aef18947a5,SPY   260904P00755000,2026-08-31T14:00:00Z,0.930000,1.160000,0.860000,0.910000
9b9e6b17-8790-47dc-a971-71aef18947a5,SPY   260904P00755000,2026-08-31T15:00:00Z,0.920000,0.980000,0.820000,0.970000
9b9e6b17-8790-47dc-a971-71aef18947a5,SPY   260904P00755000,2026-08-31T16:00:00Z,0.970000,1.030000,0.860000,0.880000
9b9e6b17-8790-47dc-a971-71aef18947a5,SPY   260904P00755000,2026-08-31T17:00:00Z,0.880000,0.970000,0.750000,0.780000
9b9e6b17-8790-47dc-a971-71aef18947a5,SPY   260904P00755000,2026-08-31T18:00:00Z,0.780000,0.960000,0.750000,0.860000
9b9e6b17-8790-47dc-a971-71aef18947a5,SPY   260904P00755000,2026-08-31T19:00:00Z,0.860000,0.860000,0.640000,0.680000
9b9e6b17-8790-47dc-a971-71aef18947a5,SPY   260904P00755000,2026-09-01T14:00:00Z,1.360000,1.450000,0.860000,1.040000
9b9e6b17-8790-47dc-a971-71aef18947a5,SPY   260904P00755000,2026-09-01T15:00:00Z,1.160000,1.170000,0.830000,0.890000
9b9e6b17-8790-47dc-a971-71aef18947a5,SPY   260904P00755000,2026-09-01T16:00:00Z,0.890000,1.600000,0.880000,1.350000
9b9e6b17-8790-47dc-a971-71aef18947a5,SPY   260904P00755000,2026-09-01T17:00:00Z,1.360000,1.700000,1.350000,1.480000
9b9e6b17-8790-47dc-a971-71aef18947a5,SPY   260904P00755000,2026-09-01T18:00:00Z,1.490000,2.420000,1.440000,1.930000
9b9e6b17-8790-47dc-a971-71aef18947a5,SPY   260904P00755000,2026-09-01T19:00:00Z,1.930000,1.950000,1.550000,1.550000
9b9e6b17-8790-47dc-a971-71aef18947a5,SPY   260904P00755000,2026-09-02T14:00:00Z,0.870000,0.900000,0.680000,0.680000
9b9e6b17-8790-47dc-a971-71aef18947a5,SPY   260904P00755000,2026-09-02T15:00:00Z,0.490000,0.490000,0.480000,0.490000
9b9e6b17-8790-47dc-a971-71aef18947a5,SPY   260904P00755000,2026-09-02T16:00:00Z,0.460000,0.560000,0.460000,0.500000
9b9e6b17-8790-47dc-a971-71aef18947a5,SPY   260904P00755000,2026-09-02T17:00:00Z,0.500000,0.550000,0.420000,0.420000
9b9e6b17-8790-47dc-a971-71aef18947a5,SPY   260904P00755000,2026-09-02T18:00:00Z,0.420000,0.470000,0.350000,0.390000
9b9e6b17-8790-47dc-a971-71aef18947a5,SPY   260904P00755000,2026-09-02T19:00:00Z,0.430000,0.440000,0.370000,0.420000
9b9e6b17-8790-47dc-a971-71aef18947a5,SPY   260904P00755000,2026-09-03T14:00:00Z,0.130000,0.150000,0.090000,0.090000
9b9e6b17-8790-47dc-a971-71aef18947a5,SPY   260904P00755000,2026-09-03T15:00:00Z,0.090000,0.090000,0.060000,0.060000
9b9e6b17-8790-47dc-a971-71aef18947a5,SPY   260904P00755000,2026-09-03T16:00:00Z,0.070000,0.070000,0.060000,0.060000
9b9e6b17-8790-47dc-a971-71aef18947a5,SPY   260904P00755000,2026-09-03T17:00:00Z,0.060000,0.060000,0.050000,0.050000
9b9e6b17-8790-47dc-a971-71aef18947a5,SPY   260904P00755000,2026-09-03T18:00:00Z,0.050000,0.050000,0.040000,0.050000
9b9e6b17-8790-47dc-a971-71aef18947a5,SPY   260904P00755000,2026-09-03T19:00:00Z,0.050000,0.050000,0.040000,0.040000
9b9e6b17-8790-47dc-a971-71aef18947a5,SPY   260904P00755000,2026-09-04T14:00:00Z,0.020000,0.020000,0.020000,0.020000
9b9e6b17-8790-47dc-a971-71aef18947a5,SPY   260904P00755000,2026-09-04T15:00:00Z,0.020000,0.020000,0.020000,0.020000
9b9e6b17-8790-47dc-a971-71aef18947a5,SPY   260904P00755000,2026-09-04T16:00:00Z,0.020000,0.020000,0.020000,0.020000
9b9e6b17-8790-47dc-a971-71aef18947a5,SPY   260904P00755000,2026-09-04T17:00:00Z,0.020000,0.020000,0.020000,0.020000
9b9e6b17-8790-47dc-a971-71aef18947a5,SPY   260904P00755000,2026-09-04T18:00:00Z,0.020000,0.020000,0.020000,0.020000
9b9e6b17-8790-47dc-a971-71aef18947a5,SPY   260904P00755000,2026-09-04T19:00:00Z,0.010000,0.010000,0.010000,0.010000
9c6e262b-3e28-4dfc-bdde-c6df657dccb4,SPY   260102P00673000,2025-12-29T15:00:00Z,0.340000,0.380000,0.260000,0.300000
9c6e262b-3e28-4dfc-bdde-c6df657dccb4,SPY   260102P00673000,2025-12-29T16:00:00Z,0.290000,0.310000,0.290000,0.300000
9c6e262b-3e28-4dfc-bdde-c6df657dccb4,SPY   260102P00673000,2025-12-29T17:00:00Z,0.280000,0.360000,0.280000,0.350000
9c6e262b-3e28-4dfc-bdde-c6df657dccb4,SPY   260102P00673000,2025-12-29T18:00:00Z,0.260000,0.290000,0.230000,0.240000
9c6e262b-3e28-4dfc-bdde-c6df657dccb4,SPY   260102P00673000,2025-12-29T19:00:00Z,0.240000,0.250000,0.190000,0.190000
9c6e262b-3e28-4dfc-bdde-c6df657dccb4,SPY   260102P00673000,2025-12-29T20:00:00Z,0.170000,0.170000,0.170000,0.170000
9c6e262b-3e28-4dfc-bdde-c6df657dccb4,SPY   260102P00673000,2025-12-30T15:00:00Z,0.150000,0.190000,0.130000,0.130000
9c6e262b-3e28-4dfc-bdde-c6df657dccb4,SPY   260102P00673000,2025-12-30T16:00:00Z,0.130000,0.130000,0.120000,0.120000
9c6e262b-3e28-4dfc-bdde-c6df657dccb4,SPY   260102P00673000,2025-12-30T17:00:00Z,0.140000,0.150000,0.140000,0.150000
9c6e262b-3e28-4dfc-bdde-c6df657dccb4,SPY   260102P00673000,2025-12-30T18:00:00Z,0.120000,0.130000,0.120000,0.130000
9c6e262b-3e28-4dfc-bdde-c6df657dccb4,SPY   260102P00673000,2025-12-30T19:00:00Z,0.130000,0.130000,0.110000,0.120000
9c6e262b-3e28-4dfc-bdde-c6df657dccb4,SPY   260102P00673000,2025-12-30T20:00:00Z,0.120000,0.120000,0.100000,0.100000
9c6e262b-3e28-4dfc-bdde-c6df657dccb4,SPY   260102P00673000,2025-12-31T15:00:00Z,0.090000,0.130000,0.090000,0.130000
9c6e262b-3e28-4dfc-bdde-c6df657dccb4,SPY   260102P00673000,2025-12-31T16:00:00Z,0.130000,0.130000,0.090000,0.090000
9c6e262b-3e28-4dfc-bdde-c6df657dccb4,SPY   260102P00673000,2025-12-31T17:00:00Z,0.090000,0.100000,0.080000,0.080000
9c6e262b-3e28-4dfc-bdde-c6df657dccb4,SPY   260102P00673000,2025-12-31T18:00:00Z,0.080000,0.080000,0.060000,0.060000
9c6e262b-3e28-4dfc-bdde-c6df657dccb4,SPY   260102P00673000,2025-12-31T19:00:00Z,0.060000,0.060000,0.060000,0.060000
9c6e262b-3e28-4dfc-bdde-c6df657dccb4,SPY   260102P00673000,2025-12-31T20:00:00Z,0.090000,0.090000,0.090000,0.090000
9c6e262b-3e28-4dfc-bdde-c6df657dccb4,SPY   260102P00673000,2026-01-02T15:00:00Z,0.020000,0.120000,0.020000,0.110000
9c6e262b-3e28-4dfc-bdde-c6df657dccb4,SPY   260102P00673000,2026-01-02T16:00:00Z,0.040000,0.050000,0.040000,0.040000
9c6e262b-3e28-4dfc-bdde-c6df657dccb4,SPY   260102P00673000,2026-01-02T17:00:00Z,0.030000,0.040000,0.020000,0.020000
9c6e262b-3e28-4dfc-bdde-c6df657dccb4,SPY   260102P00673000,2026-01-02T18:00:00Z,0.030000,0.030000,0.020000,0.020000
9c6e262b-3e28-4dfc-bdde-c6df657dccb4,SPY   260102P00673000,2026-01-02T19:00:00Z,0.020000,0.020000,0.010000,0.010000
9c6e262b-3e28-4dfc-bdde-c6df657dccb4,SPY   260102P00673000,2026-01-02T20:00:00Z,0.010000,0.010000,0.010000,0.010000
9ce98dcf-a883-48bf-a25a-67f4dc366568,SPY   260522P00728000,2026-05-18T14:00:00Z,1.760000,2.710000,1.630000,2.170000
9ce98dcf-a883-48bf-a25a-67f4dc366568,SPY   260522P00728000,2026-05-18T15:00:00Z,2.150000,2.660000,2.000000,2.410000
9ce98dcf-a883-48bf-a25a-67f4dc366568,SPY   260522P00728000,2026-05-18T16:00:00Z,2.620000,3.250000,2.130000,2.530000
9ce98dcf-a883-48bf-a25a-67f4dc366568,SPY   260522P00728000,2026-05-18T17:00:00Z,2.540000,2.690000,2.150000,2.210000
9ce98dcf-a883-48bf-a25a-67f4dc366568,SPY   260522P00728000,2026-05-18T18:00:00Z,2.220000,3.400000,2.180000,3.300000
9ce98dcf-a883-48bf-a25a-67f4dc366568,SPY   260522P00728000,2026-05-18T19:00:00Z,2.710000,2.710000,1.890000,1.910000
9ce98dcf-a883-48bf-a25a-67f4dc366568,SPY   260522P00728000,2026-05-19T14:00:00Z,2.460000,3.600000,2.460000,2.890000
9ce98dcf-a883-48bf-a25a-67f4dc366568,SPY   260522P00728000,2026-05-19T15:00:00Z,2.900000,3.390000,2.540000,2.850000
9ce98dcf-a883-48bf-a25a-67f4dc366568,SPY   260522P00728000,2026-05-19T16:00:00Z,2.810000,3.070000,1.840000,1.890000
9ce98dcf-a883-48bf-a25a-67f4dc366568,SPY   260522P00728000,2026-05-19T17:00:00Z,1.900000,1.970000,1.670000,1.820000
9ce98dcf-a883-48bf-a25a-67f4dc366568,SPY   260522P00728000,2026-05-19T18:00:00Z,1.710000,1.720000,1.700000,1.710000
9ce98dcf-a883-48bf-a25a-67f4dc366568,SPY   260522P00728000,2026-05-19T19:00:00Z,2.370000,2.630000,1.840000,2.630000
9ce98dcf-a883-48bf-a25a-67f4dc366568,SPY   260522P00728000,2026-05-20T14:00:00Z,1.570000,2.180000,1.060000,1.090000
9ce98dcf-a883-48bf-a25a-67f4dc366568,SPY   260522P00728000,2026-05-20T15:00:00Z,1.020000,1.020000,0.900000,0.970000
9ce98dcf-a883-48bf-a25a-67f4dc366568,SPY   260522P00728000,2026-05-20T16:00:00Z,0.910000,1.180000,0.880000,0.960000
9ce98dcf-a883-48bf-a25a-67f4dc366568,SPY   260522P00728000,2026-05-20T17:00:00Z,0.890000,0.920000,0.870000,0.890000
9ce98dcf-a883-48bf-a25a-67f4dc366568,SPY   260522P00728000,2026-05-20T18:00:00Z,0.830000,0.910000,0.700000,0.710000
9ce98dcf-a883-48bf-a25a-67f4dc366568,SPY   260522P00728000,2026-05-20T19:00:00Z,0.700000,0.750000,0.600000,0.660000
9ce98dcf-a883-48bf-a25a-67f4dc366568,SPY   260522P00728000,2026-05-21T14:00:00Z,0.440000,0.700000,0.360000,0.440000
9ce98dcf-a883-48bf-a25a-67f4dc366568,SPY   260522P00728000,2026-05-21T15:00:00Z,0.420000,0.450000,0.410000,0.440000
9ce98dcf-a883-48bf-a25a-67f4dc366568,SPY   260522P00728000,2026-05-21T16:00:00Z,0.380000,0.440000,0.310000,0.320000
9ce98dcf-a883-48bf-a25a-67f4dc366568,SPY   260522P00728000,2026-05-21T17:00:00Z,0.320000,0.320000,0.140000,0.150000
9ce98dcf-a883-48bf-a25a-67f4dc366568,SPY   260522P00728000,2026-05-21T18:00:00Z,0.150000,0.340000,0.130000,0.250000
9ce98dcf-a883-48bf-a25a-67f4dc366568,SPY   260522P00728000,2026-05-21T19:00:00Z,0.250000,0.250000,0.090000,0.110000
9ce98dcf-a883-48bf-a25a-67f4dc366568,SPY   260522P00728000,2026-05-22T14:00:00Z,0.040000,0.040000,0.030000,0.030000
9ce98dcf-a883-48bf-a25a-67f4dc366568,SPY   260522P00728000,2026-05-22T15:00:00Z,0.030000,0.030000,0.030000,0.030000
9ce98dcf-a883-48bf-a25a-67f4dc366568,SPY   260522P00728000,2026-05-22T16:00:00Z,0.030000,0.030000,0.020000,0.020000
9ce98dcf-a883-48bf-a25a-67f4dc366568,SPY   260522P00728000,2026-05-22T17:00:00Z,0.020000,0.020000,0.020000,0.020000
9ce98dcf-a883-48bf-a25a-67f4dc366568,SPY   260522P00728000,2026-05-22T18:00:00Z,0.020000,0.030000,0.020000,0.020000
9ce98dcf-a883-48bf-a25a-67f4dc366568,SPY   260522P00728000,2026-05-22T19:00:00Z,0.020000,0.020000,0.020000,0.020000
9cf28add-9e9c-43c0-b328-3e211a02e230,SPY   260605C00763000,2026-06-01T14:00:00Z,1.380000,1.620000,1.260000,1.330000
9cf28add-9e9c-43c0-b328-3e211a02e230,SPY   260605C00763000,2026-06-01T15:00:00Z,1.570000,1.710000,1.570000,1.650000
9cf28add-9e9c-43c0-b328-3e211a02e230,SPY   260605C00763000,2026-06-01T16:00:00Z,1.510000,1.840000,1.310000,1.800000
9cf28add-9e9c-43c0-b328-3e211a02e230,SPY   260605C00763000,2026-06-01T17:00:00Z,2.370000,2.520000,2.340000,2.390000
9cf28add-9e9c-43c0-b328-3e211a02e230,SPY   260605C00763000,2026-06-01T18:00:00Z,2.310000,2.490000,2.260000,2.290000
9cf28add-9e9c-43c0-b328-3e211a02e230,SPY   260605C00763000,2026-06-01T19:00:00Z,2.290000,2.460000,1.890000,1.910000
9cf28add-9e9c-43c0-b328-3e211a02e230,SPY   260605C00763000,2026-06-02T14:00:00Z,1.560000,1.950000,1.420000,1.920000
9cf28add-9e9c-43c0-b328-3e211a02e230,SPY   260605C00763000,2026-06-02T15:00:00Z,2.140000,2.410000,2.010000,2.110000
9cf28add-9e9c-43c0-b328-3e211a02e230,SPY   260605C00763000,2026-06-02T16:00:00Z,2.120000,2.210000,1.900000,2.100000
9cf28add-9e9c-43c0-b328-3e211a02e230,SPY   260605C00763000,2026-06-02T17:00:00Z,2.100000,2.130000,1.670000,1.690000
9cf28add-9e9c-43c0-b328-3e211a02e230,SPY   260605C00763000,2026-06-02T18:00:00Z,1.650000,1.720000,1.640000,1.710000
9cf28add-9e9c-43c0-b328-3e211a02e230,SPY   260605C00763000,2026-06-02T19:00:00Z,1.660000,1.860000,1.660000,1.790000
9cf28add-9e9c-43c0-b328-3e211a02e230,SPY   260605C00763000,2026-06-03T14:00:00Z,0.800000,0.820000,0.800000,0.820000
9cf28add-9e9c-43c0-b328-3e211a02e230,SPY   260605C00763000,2026-06-03T15:00:00Z,0.690000,0.750000,0.660000,0.660000
9cf28add-9e9c-43c0-b328-3e211a02e230,SPY   260605C00763000,2026-06-03T16:00:00Z,0.520000,0.540000,0.350000,0.500000
9cf28add-9e9c-43c0-b328-3e211a02e230,SPY   260605C00763000,2026-06-03T17:00:00Z,0.470000,0.470000,0.470000,0.470000
9cf28add-9e9c-43c0-b328-3e211a02e230,SPY   260605C00763000,2026-06-03T18:00:00Z,0.500000,0.540000,0.410000,0.460000
9cf28add-9e9c-43c0-b328-3e211a02e230,SPY   260605C00763000,2026-06-03T19:00:00Z,0.460000,0.460000,0.340000,0.350000
9cf28add-9e9c-43c0-b328-3e211a02e230,SPY   260605C00763000,2026-06-04T14:00:00Z,0.120000,0.120000,0.110000,0.110000
9cf28add-9e9c-43c0-b328-3e211a02e230,SPY   260605C00763000,2026-06-04T15:00:00Z,0.130000,0.130000,0.120000,0.120000
9cf28add-9e9c-43c0-b328-3e211a02e230,SPY   260605C00763000,2026-06-04T16:00:00Z,0.150000,0.230000,0.140000,0.230000
9cf28add-9e9c-43c0-b328-3e211a02e230,SPY   260605C00763000,2026-06-04T17:00:00Z,0.210000,0.290000,0.200000,0.280000
9cf28add-9e9c-43c0-b328-3e211a02e230,SPY   260605C00763000,2026-06-04T18:00:00Z,0.280000,0.320000,0.270000,0.270000
9cf28add-9e9c-43c0-b328-3e211a02e230,SPY   260605C00763000,2026-06-04T19:00:00Z,0.270000,0.320000,0.190000,0.190000
9cf28add-9e9c-43c0-b328-3e211a02e230,SPY   260605C00763000,2026-06-05T14:00:00Z,0.040000,0.040000,0.030000,0.030000
9cf28add-9e9c-43c0-b328-3e211a02e230,SPY   260605C00763000,2026-06-05T15:00:00Z,0.030000,0.030000,0.020000,0.030000
9cf28add-9e9c-43c0-b328-3e211a02e230,SPY   260605C00763000,2026-06-05T16:00:00Z,0.030000,0.030000,0.020000,0.020000
9cf28add-9e9c-43c0-b328-3e211a02e230,SPY   260605C00763000,2026-06-05T17:00:00Z,0.020000,0.020000,0.020000,0.020000
9cf28add-9e9c-43c0-b328-3e211a02e230,SPY   260605C00763000,2026-06-05T18:00:00Z,0.020000,0.020000,0.020000,0.020000
9cf28add-9e9c-43c0-b328-3e211a02e230,SPY   260605C00763000,2026-06-05T19:00:00Z,0.020000,0.020000,0.010000,0.010000
9e093307-577a-4aca-aed1-ecee4e3dd7bb,SPY   260402P00627000,2026-03-23T14:00:00Z,2.370000,2.580000,2.090000,2.220000
9e093307-577a-4aca-aed1-ecee4e3dd7bb,SPY   260402P00627000,2026-03-23T15:00:00Z,2.840000,2.840000,2.820000,2.820000
9e093307-577a-4aca-aed1-ecee4e3dd7bb,SPY   260402P00627000,2026-03-23T16:00:00Z,3.150000,3.410000,3.000000,3.330000
9e093307-577a-4aca-aed1-ecee4e3dd7bb,SPY   260402P00627000,2026-03-23T17:00:00Z,3.420000,3.480000,2.760000,2.890000
9e093307-577a-4aca-aed1-ecee4e3dd7bb,SPY   260402P00627000,2026-03-23T18:00:00Z,2.820000,2.890000,2.550000,2.650000
9e093307-577a-4aca-aed1-ecee4e3dd7bb,SPY   260402P00627000,2026-03-23T19:00:00Z,2.660000,2.890000,2.640000,2.860000
9e093307-577a-4aca-aed1-ecee4e3dd7bb,SPY   260402P00627000,2026-03-24T14:00:00Z,2.950000,3.150000,2.880000,3.050000
9e093307-577a-4aca-aed1-ecee4e3dd7bb,SPY   260402P00627000,2026-03-24T15:00:00Z,2.770000,2.830000,2.620000,2.660000
9e093307-577a-4aca-aed1-ecee4e3dd7bb,SPY   260402P00627000,2026-03-24T16:00:00Z,2.760000,3.090000,2.760000,2.860000
9e093307-577a-4aca-aed1-ecee4e3dd7bb,SPY   260402P00627000,2026-03-24T17:00:00Z,3.530000,3.530000,3.420000,3.430000
9e093307-577a-4aca-aed1-ecee4e3dd7bb,SPY   260402P00627000,2026-03-24T18:00:00Z,3.000000,3.170000,2.690000,2.780000
9e093307-577a-4aca-aed1-ecee4e3dd7bb,SPY   260402P00627000,2026-03-24T19:00:00Z,2.910000,3.140000,2.870000,3.020000
9e093307-577a-4aca-aed1-ecee4e3dd7bb,SPY   260402P00627000,2026-03-25T14:00:00Z,2.520000,2.710000,1.920000,1.970000
9e093307-577a-4aca-aed1-ecee4e3dd7bb,SPY   260402P00627000,2026-03-25T15:00:00Z,1.970000,2.830000,1.920000,2.240000
9e093307-577a-4aca-aed1-ecee4e3dd7bb,SPY   260402P00627000,2026-03-25T16:00:00Z,2.200000,2.240000,2.100000,2.150000
9e093307-577a-4aca-aed1-ecee4e3dd7bb,SPY   260402P00627000,2026-03-25T17:00:00Z,1.980000,2.130000,1.810000,1.920000
9e093307-577a-4aca-aed1-ecee4e3dd7bb,SPY   260402P00627000,2026-03-25T18:00:00Z,1.920000,1.960000,1.850000,1.920000
9e093307-577a-4aca-aed1-ecee4e3dd7bb,SPY   260402P00627000,2026-03-25T19:00:00Z,2.130000,2.150000,1.910000,1.940000
9e093307-577a-4aca-aed1-ecee4e3dd7bb,SPY   260402P00627000,2026-03-26T14:00:00Z,2.160000,2.590000,1.940000,2.340000
9e093307-577a-4aca-aed1-ecee4e3dd7bb,SPY   260402P00627000,2026-03-26T15:00:00Z,2.330000,2.500000,2.140000,2.260000
9e093307-577a-4aca-aed1-ecee4e3dd7bb,SPY   260402P00627000,2026-03-26T16:00:00Z,2.730000,2.860000,2.650000,2.710000
9e093307-577a-4aca-aed1-ecee4e3dd7bb,SPY   260402P00627000,2026-03-26T17:00:00Z,2.880000,2.880000,2.810000,2.820000
9e093307-577a-4aca-aed1-ecee4e3dd7bb,SPY   260402P00627000,2026-03-26T18:00:00Z,3.370000,3.370000,3.100000,3.160000
9e093307-577a-4aca-aed1-ecee4e3dd7bb,SPY   260402P00627000,2026-03-26T19:00:00Z,3.520000,3.520000,3.510000,3.510000
9e093307-577a-4aca-aed1-ecee4e3dd7bb,SPY   260402P00627000,2026-03-27T14:00:00Z,4.570000,4.800000,3.820000,3.900000
9e093307-577a-4aca-aed1-ecee4e3dd7bb,SPY   260402P00627000,2026-03-27T15:00:00Z,3.820000,3.820000,3.340000,3.390000
9e093307-577a-4aca-aed1-ecee4e3dd7bb,SPY   260402P00627000,2026-03-27T16:00:00Z,4.120000,4.120000,4.110000,4.110000
9e093307-577a-4aca-aed1-ecee4e3dd7bb,SPY   260402P00627000,2026-03-27T17:00:00Z,4.120000,4.260000,4.090000,4.240000
9e093307-577a-4aca-aed1-ecee4e3dd7bb,SPY   260402P00627000,2026-03-27T18:00:00Z,5.300000,5.450000,5.240000,5.410000
9e093307-577a-4aca-aed1-ecee4e3dd7bb,SPY   260402P00627000,2026-03-27T19:00:00Z,5.580000,6.320000,5.430000,5.890000
9e093307-577a-4aca-aed1-ecee4e3dd7bb,SPY   260402P00627000,2026-03-30T14:00:00Z,4.000000,4.020000,2.930000,2.950000
9e093307-577a-4aca-aed1-ecee4e3dd7bb,SPY   260402P00627000,2026-03-30T15:00:00Z,2.940000,3.290000,2.620000,2.840000
9e093307-577a-4aca-aed1-ecee4e3dd7bb,SPY   260402P00627000,2026-03-30T16:00:00Z,2.840000,3.420000,2.810000,3.240000
9e093307-577a-4aca-aed1-ecee4e3dd7bb,SPY   260402P00627000,2026-03-30T17:00:00Z,3.690000,3.770000,3.640000,3.750000
9e093307-577a-4aca-aed1-ecee4e3dd7bb,SPY   260402P00627000,2026-03-30T18:00:00Z,3.700000,4.310000,3.620000,4.120000
9e093307-577a-4aca-aed1-ecee4e3dd7bb,SPY   260402P00627000,2026-03-30T19:00:00Z,4.110000,5.290000,3.820000,3.910000
9e093307-577a-4aca-aed1-ecee4e3dd7bb,SPY   260402P00627000,2026-03-31T14:00:00Z,1.050000,1.570000,0.990000,1.400000
9e093307-577a-4aca-aed1-ecee4e3dd7bb,SPY   260402P00627000,2026-03-31T15:00:00Z,1.400000,1.400000,0.970000,1.210000
9e093307-577a-4aca-aed1-ecee4e3dd7bb,SPY   260402P00627000,2026-03-31T16:00:00Z,0.980000,1.010000,0.690000,0.760000
9e093307-577a-4aca-aed1-ecee4e3dd7bb,SPY   260402P00627000,2026-03-31T17:00:00Z,0.600000,0.610000,0.460000,0.560000
9e093307-577a-4aca-aed1-ecee4e3dd7bb,SPY   260402P00627000,2026-03-31T18:00:00Z,0.440000,0.450000,0.440000,0.440000
9e093307-577a-4aca-aed1-ecee4e3dd7bb,SPY   260402P00627000,2026-03-31T19:00:00Z,0.310000,0.330000,0.310000,0.330000
9e093307-577a-4aca-aed1-ecee4e3dd7bb,SPY   260402P00627000,2026-04-01T14:00:00Z,0.150000,0.170000,0.140000,0.150000
9e093307-577a-4aca-aed1-ecee4e3dd7bb,SPY   260402P00627000,2026-04-01T15:00:00Z,0.120000,0.130000,0.120000,0.130000
9e093307-577a-4aca-aed1-ecee4e3dd7bb,SPY   260402P00627000,2026-04-01T16:00:00Z,0.110000,0.120000,0.100000,0.100000
9e093307-577a-4aca-aed1-ecee4e3dd7bb,SPY   260402P00627000,2026-04-01T17:00:00Z,0.100000,0.120000,0.100000,0.120000
9e093307-577a-4aca-aed1-ecee4e3dd7bb,SPY   260402P00627000,2026-04-01T18:00:00Z,0.120000,0.160000,0.120000,0.160000
9e093307-577a-4aca-aed1-ecee4e3dd7bb,SPY   260402P00627000,2026-04-01T19:00:00Z,0.090000,0.100000,0.080000,0.080000
9e093307-577a-4aca-aed1-ecee4e3dd7bb,SPY   260402P00627000,2026-04-02T14:00:00Z,0.050000,0.050000,0.040000,0.040000
9e093307-577a-4aca-aed1-ecee4e3dd7bb,SPY   260402P00627000,2026-04-02T15:00:00Z,0.030000,0.040000,0.030000,0.040000
9e093307-577a-4aca-aed1-ecee4e3dd7bb,SPY   260402P00627000,2026-04-02T16:00:00Z,0.030000,0.030000,0.020000,0.020000
9e093307-577a-4aca-aed1-ecee4e3dd7bb,SPY   260402P00627000,2026-04-02T17:00:00Z,0.020000,0.020000,0.020000,0.020000
9e093307-577a-4aca-aed1-ecee4e3dd7bb,SPY   260402P00627000,2026-04-02T18:00:00Z,0.020000,0.020000,0.020000,0.020000
9e093307-577a-4aca-aed1-ecee4e3dd7bb,SPY   260402P00627000,2026-04-02T19:00:00Z,0.020000,0.020000,0.010000,0.010000
a1aa1bce-5c3f-4d4c-9edc-be96dfb220fe,SPY   251219P00673000,2025-12-15T15:00:00Z,2.130000,3.260000,2.110000,2.490000
a1aa1bce-5c3f-4d4c-9edc-be96dfb220fe,SPY   251219P00673000,2025-12-15T16:00:00Z,2.460000,2.660000,2.270000,2.350000
a1aa1bce-5c3f-4d4c-9edc-be96dfb220fe,SPY   251219P00673000,2025-12-15T17:00:00Z,2.330000,2.680000,2.050000,2.550000
a1aa1bce-5c3f-4d4c-9edc-be96dfb220fe,SPY   251219P00673000,2025-12-15T18:00:00Z,2.360000,2.460000,2.340000,2.450000
a1aa1bce-5c3f-4d4c-9edc-be96dfb220fe,SPY   251219P00673000,2025-12-15T19:00:00Z,2.150000,2.340000,1.940000,1.970000
a1aa1bce-5c3f-4d4c-9edc-be96dfb220fe,SPY   251219P00673000,2025-12-15T20:00:00Z,1.970000,2.330000,1.960000,2.150000
a1aa1bce-5c3f-4d4c-9edc-be96dfb220fe,SPY   251219P00673000,2025-12-16T15:00:00Z,2.080000,3.750000,2.030000,2.540000
a1aa1bce-5c3f-4d4c-9edc-be96dfb220fe,SPY   251219P00673000,2025-12-16T16:00:00Z,2.540000,3.400000,2.450000,2.580000
a1aa1bce-5c3f-4d4c-9edc-be96dfb220fe,SPY   251219P00673000,2025-12-16T17:00:00Z,2.820000,3.800000,2.330000,3.620000
a1aa1bce-5c3f-4d4c-9edc-be96dfb220fe,SPY   251219P00673000,2025-12-16T18:00:00Z,3.760000,4.100000,2.380000,2.630000
a1aa1bce-5c3f-4d4c-9edc-be96dfb220fe,SPY   251219P00673000,2025-12-16T19:00:00Z,2.820000,2.860000,2.610000,2.650000
a1aa1bce-5c3f-4d4c-9edc-be96dfb220fe,SPY   251219P00673000,2025-12-16T20:00:00Z,2.540000,2.580000,1.680000,1.800000
a1aa1bce-5c3f-4d4c-9edc-be96dfb220fe,SPY   251219P00673000,2025-12-17T15:00:00Z,1.960000,4.330000,1.860000,3.990000
a1aa1bce-5c3f-4d4c-9edc-be96dfb220fe,SPY   251219P00673000,2025-12-17T16:00:00Z,4.310000,4.520000,3.710000,3.770000
a1aa1bce-5c3f-4d4c-9edc-be96dfb220fe,SPY   251219P00673000,2025-12-17T17:00:00Z,4.070000,4.700000,3.590000,4.160000
a1aa1bce-5c3f-4d4c-9edc-be96dfb220fe,SPY   251219P00673000,2025-12-17T18:00:00Z,3.830000,3.920000,3.610000,3.850000
a1aa1bce-5c3f-4d4c-9edc-be96dfb220fe,SPY   251219P00673000,2025-12-17T19:00:00Z,4.900000,5.070000,4.340000,4.430000
a1aa1bce-5c3f-4d4c-9edc-be96dfb220fe,SPY   251219P00673000,2025-12-17T20:00:00Z,4.430000,4.980000,4.300000,4.950000
a1aa1bce-5c3f-4d4c-9edc-be96dfb220fe,SPY   251219P00673000,2025-12-18T15:00:00Z,1.820000,2.450000,0.950000,1.010000
a1aa1bce-5c3f-4d4c-9edc-be96dfb220fe,SPY   251219P00673000,2025-12-18T16:00:00Z,0.960000,1.000000,0.890000,0.950000
a1aa1bce-5c3f-4d4c-9edc-be96dfb220fe,SPY   251219P00673000,2025-12-18T17:00:00Z,0.990000,2.970000,0.990000,1.450000
a1aa1bce-5c3f-4d4c-9edc-be96dfb220fe,SPY   251219P00673000,2025-12-18T18:00:00Z,1.300000,1.420000,0.870000,1.230000
a1aa1bce-5c3f-4d4c-9edc-be96dfb220fe,SPY   251219P00673000,2025-12-18T19:00:00Z,1.790000,2.470000,1.540000,2.220000
a1aa1bce-5c3f-4d4c-9edc-be96dfb220fe,SPY   251219P00673000,2025-12-18T20:00:00Z,1.670000,1.680000,1.310000,1.310000
a1aa1bce-5c3f-4d4c-9edc-be96dfb220fe,SPY   251219P00673000,2025-12-19T15:00:00Z,0.250000,0.310000,0.160000,0.200000
a1aa1bce-5c3f-4d4c-9edc-be96dfb220fe,SPY   251219P00673000,2025-12-19T16:00:00Z,0.130000,0.130000,0.080000,0.080000
a1aa1bce-5c3f-4d4c-9edc-be96dfb220fe,SPY   251219P00673000,2025-12-19T17:00:00Z,0.110000,0.110000,0.060000,0.060000
a1aa1bce-5c3f-4d4c-9edc-be96dfb220fe,SPY   251219P00673000,2025-12-19T18:00:00Z,0.060000,0.080000,0.060000,0.060000
a1aa1bce-5c3f-4d4c-9edc-be96dfb220fe,SPY   251219P00673000,2025-12-19T19:00:00Z,0.060000,0.060000,0.030000,0.030000
a1aa1bce-5c3f-4d4c-9edc-be96dfb220fe,SPY   251219P00673000,2025-12-19T20:00:00Z,0.020000,0.020000,0.020000,0.020000
a30d970e-4833-4dc8-ba00-f74d4718e031,SPY   260410C00669000,2026-04-06T14:00:00Z,1.780000,1.990000,1.520000,1.580000
a30d970e-4833-4dc8-ba00-f74d4718e031,SPY   260410C00669000,2026-04-06T15:00:00Z,1.620000,1.650000,1.520000,1.570000
a30d970e-4833-4dc8-ba00-f74d4718e031,SPY   260410C00669000,2026-04-06T16:00:00Z,1.580000,1.730000,1.470000,1.640000
a30d970e-4833-4dc8-ba00-f74d4718e031,SPY   260410C00669000,2026-04-06T17:00:00Z,1.400000,1.480000,1.320000,1.450000
a30d970e-4833-4dc8-ba00-f74d4718e031,SPY   260410C00669000,2026-04-06T18:00:00Z,1.480000,1.630000,1.440000,1.620000
a30d970e-4833-4dc8-ba00-f74d4718e031,SPY   260410C00669000,2026-04-06T19:00:00Z,1.670000,1.710000,1.610000,1.640000
a30d970e-4833-4dc8-ba00-f74d4718e031,SPY   260410C00669000,2026-04-07T14:00:00Z,1.310000,1.650000,1.270000,1.320000
a30d970e-4833-4dc8-ba00-f74d4718e031,SPY   260410C00669000,2026-04-07T15:00:00Z,1.280000,1.540000,1.160000,1.530000
a30d970e-4833-4dc8-ba00-f74d4718e031,SPY   260410C00669000,2026-04-07T16:00:00Z,1.990000,2.110000,1.960000,2.030000
a30d970e-4833-4dc8-ba00-f74d4718e031,SPY   260410C00669000,2026-04-07T17:00:00Z,1.980000,2.530000,1.930000,2.380000
a30d970e-4833-4dc8-ba00-f74d4718e031,SPY   260410C00669000,2026-04-07T18:00:00Z,2.180000,2.180000,1.690000,1.750000
a30d970e-4833-4dc8-ba00-f74d4718e031,SPY   260410C00669000,2026-04-07T19:00:00Z,1.790000,2.910000,1.630000,2.800000
a30d970e-4833-4dc8-ba00-f74d4718e031,SPY   260410C00669000,2026-04-08T14:00:00Z,6.770000,6.770000,6.660000,6.660000
a30d970e-4833-4dc8-ba00-f74d4718e031,SPY   260410C00669000,2026-04-08T15:00:00Z,6.920000,8.320000,6.890000,8.190000
a30d970e-4833-4dc8-ba00-f74d4718e031,SPY   260410C00669000,2026-04-08T16:00:00Z,8.180000,8.740000,7.950000,8.150000
a30d970e-4833-4dc8-ba00-f74d4718e031,SPY   260410C00669000,2026-04-08T17:00:00Z,8.990000,9.230000,8.290000,8.600000
a30d970e-4833-4dc8-ba00-f74d4718e031,SPY   260410C00669000,2026-04-08T18:00:00Z,8.230000,8.500000,8.010000,8.500000
a30d970e-4833-4dc8-ba00-f74d4718e031,SPY   260410C00669000,2026-04-08T19:00:00Z,7.230000,8.150000,7.090000,8.060000
a30d970e-4833-4dc8-ba00-f74d4718e031,SPY   260410C00669000,2026-04-09T14:00:00Z,7.400000,7.690000,6.220000,7.300000
a30d970e-4833-4dc8-ba00-f74d4718e031,SPY   260410C00669000,2026-04-09T15:00:00Z,7.910000,9.450000,7.650000,9.380000
a30d970e-4833-4dc8-ba00-f74d4718e031,SPY   260410C00669000,2026-04-09T16:00:00Z,10.570000,11.950000,10.570000,11.400000
a30d970e-4833-4dc8-ba00-f74d4718e031,SPY   260410C00669000,2026-04-09T17:00:00Z,11.450000,11.550000,11.310000,11.310000
a30d970e-4833-4dc8-ba00-f74d4718e031,SPY   260410C00669000,2026-04-09T18:00:00Z,10.340000,10.820000,10.220000,10.810000
a30d970e-4833-4dc8-ba00-f74d4718e031,SPY   260410C00669000,2026-04-09T19:00:00Z,10.660000,11.650000,10.470000,11.400000
a30d970e-4833-4dc8-ba00-f74d4718e031,SPY   260410C00669000,2026-04-10T14:00:00Z,11.250000,11.300000,11.250000,11.290000
a30d970e-4833-4dc8-ba00-f74d4718e031,SPY   260410C00669000,2026-04-10T15:00:00Z,12.810000,12.860000,12.770000,12.840000
a30d970e-4833-4dc8-ba00-f74d4718e031,SPY   260410C00669000,2026-04-10T16:00:00Z,10.610000,11.140000,10.200000,10.250000
a30d970e-4833-4dc8-ba00-f74d4718e031,SPY   260410C00669000,2026-04-10T17:00:00Z,10.010000,10.200000,9.990000,9.990000
a30d970e-4833-4dc8-ba00-f74d4718e031,SPY   260410C00669000,2026-04-10T18:00:00Z,10.450000,10.500000,9.910000,10.340000
a30d970e-4833-4dc8-ba00-f74d4718e031,SPY   260410C00669000,2026-04-10T19:00:00Z,10.350000,10.970000,9.450000,10.080000
a5024ea9-89cf-4906-bdbb-a3694b321fa5,SPY   260731C00754000,2026-07-27T14:00:00Z,1.010000,1.060000,0.950000,1.020000
a5024ea9-89cf-4906-bdbb-a3694b321fa5,SPY   260731C00754000,2026-07-27T15:00:00Z,0.750000,0.800000,0.510000,0.560000
a5024ea9-89cf-4906-bdbb-a3694b321fa5,SPY   260731C00754000,2026-07-27T16:00:00Z,0.560000,0.720000,0.500000,0.520000
a5024ea9-89cf-4906-bdbb-a3694b321fa5,SPY   260731C00754000,2026-07-27T17:00:00Z,0.520000,0.550000,0.450000,0.540000
a5024ea9-89cf-4906-bdbb-a3694b321fa5,SPY   260731C00754000,2026-07-27T18:00:00Z,0.550000,0.590000,0.460000,0.580000
a5024ea9-89cf-4906-bdbb-a3694b321fa5,SPY   260731C00754000,2026-07-27T19:00:00Z,0.620000,0.680000,0.540000,0.550000
a5024ea9-89cf-4906-bdbb-a3694b321fa5,SPY   260731C00754000,2026-07-28T14:00:00Z,0.350000,0.480000,0.310000,0.420000
a5024ea9-89cf-4906-bdbb-a3694b321fa5,SPY   260731C00754000,2026-07-28T15:00:00Z,0.500000,0.500000,0.490000,0.500000
a5024ea9-89cf-4906-bdbb-a3694b321fa5,SPY   260731C00754000,2026-07-28T16:00:00Z,0.720000,0.830000,0.600000,0.790000
a5024ea9-89cf-4906-bdbb-a3694b321fa5,SPY   260731C00754000,2026-07-28T17:00:00Z,0.790000,0.830000,0.530000,0.580000
a5024ea9-89cf-4906-bdbb-a3694b321fa5,SPY   260731C00754000,2026-07-28T18:00:00Z,0.580000,0.620000,0.500000,0.590000
a5024ea9-89cf-4906-bdbb-a3694b321fa5,SPY   260731C00754000,2026-07-28T19:00:00Z,0.580000,0.660000,0.510000,0.520000
a5024ea9-89cf-4906-bdbb-a3694b321fa5,SPY   260731C00754000,2026-07-29T14:00:00Z,0.300000,0.340000,0.220000,0.230000
a5024ea9-89cf-4906-bdbb-a3694b321fa5,SPY   260731C00754000,2026-07-29T15:00:00Z,0.200000,0.200000,0.200000,0.200000
a5024ea9-89cf-4906-bdbb-a3694b321fa5,SPY   260731C00754000,2026-07-29T16:00:00Z,0.210000,0.210000,0.180000,0.180000
a5024ea9-89cf-4906-bdbb-a3694b321fa5,SPY   260731C00754000,2026-07-29T17:00:00Z,0.200000,0.280000,0.190000,0.260000
a5024ea9-89cf-4906-bdbb-a3694b321fa5,SPY   260731C00754000,2026-07-29T18:00:00Z,0.240000,0.360000,0.150000,0.280000
a5024ea9-89cf-4906-bdbb-a3694b321fa5,SPY   260731C00754000,2026-07-29T19:00:00Z,0.280000,0.330000,0.060000,0.070000
a5024ea9-89cf-4906-bdbb-a3694b321fa5,SPY   260731C00754000,2026-07-30T14:00:00Z,0.040000,0.040000,0.040000,0.040000
a5024ea9-89cf-4906-bdbb-a3694b321fa5,SPY   260731C00754000,2026-07-30T15:00:00Z,0.040000,0.040000,0.030000,0.030000
a5024ea9-89cf-4906-bdbb-a3694b321fa5,SPY   260731C00754000,2026-07-30T16:00:00Z,0.030000,0.040000,0.030000,0.040000
a5024ea9-89cf-4906-bdbb-a3694b321fa5,SPY   260731C00754000,2026-07-30T17:00:00Z,0.040000,0.040000,0.040000,0.040000
a5024ea9-89cf-4906-bdbb-a3694b321fa5,SPY   260731C00754000,2026-07-30T18:00:00Z,0.040000,0.040000,0.040000,0.040000
a5024ea9-89cf-4906-bdbb-a3694b321fa5,SPY   260731C00754000,2026-07-30T19:00:00Z,0.040000,0.050000,0.040000,0.040000
a5024ea9-89cf-4906-bdbb-a3694b321fa5,SPY   260731C00754000,2026-07-31T14:00:00Z,0.020000,0.020000,0.020000,0.020000
a5024ea9-89cf-4906-bdbb-a3694b321fa5,SPY   260731C00754000,2026-07-31T15:00:00Z,0.020000,0.020000,0.020000,0.020000
a5024ea9-89cf-4906-bdbb-a3694b321fa5,SPY   260731C00754000,2026-07-31T16:00:00Z,0.020000,0.020000,0.020000,0.020000
a5024ea9-89cf-4906-bdbb-a3694b321fa5,SPY   260731C00754000,2026-07-31T17:00:00Z,0.020000,0.020000,0.020000,0.020000
a5024ea9-89cf-4906-bdbb-a3694b321fa5,SPY   260731C00754000,2026-07-31T18:00:00Z,0.020000,0.020000,0.020000,0.020000
a5024ea9-89cf-4906-bdbb-a3694b321fa5,SPY   260731C00754000,2026-07-31T19:00:00Z,0.020000,0.020000,0.010000,0.010000
a6e31ee7-b501-4e1b-9308-fbb02845f047,SPY   250926C00674000,2025-09-22T14:00:00Z,0.250000,0.260000,0.250000,0.260000
a6e31ee7-b501-4e1b-9308-fbb02845f047,SPY   250926C00674000,2025-09-22T15:00:00Z,0.310000,0.330000,0.290000,0.300000
a6e31ee7-b501-4e1b-9308-fbb02845f047,SPY   250926C00674000,2025-09-22T16:00:00Z,0.270000,0.490000,0.270000,0.480000
a6e31ee7-b501-4e1b-9308-fbb02845f047,SPY   250926C00674000,2025-09-22T17:00:00Z,0.480000,0.490000,0.440000,0.470000
a6e31ee7-b501-4e1b-9308-fbb02845f047,SPY   250926C00674000,2025-09-22T18:00:00Z,0.490000,0.520000,0.440000,0.520000
a6e31ee7-b501-4e1b-9308-fbb02845f047,SPY   250926C00674000,2025-09-22T19:00:00Z,0.520000,0.630000,0.520000,0.600000
a6e31ee7-b501-4e1b-9308-fbb02845f047,SPY   250926C00674000,2025-09-23T14:00:00Z,0.390000,0.390000,0.370000,0.380000
a6e31ee7-b501-4e1b-9308-fbb02845f047,SPY   250926C00674000,2025-09-23T15:00:00Z,0.340000,0.350000,0.280000,0.280000
a6e31ee7-b501-4e1b-9308-fbb02845f047,SPY   250926C00674000,2025-09-23T16:00:00Z,0.280000,0.280000,0.220000,0.220000
a6e31ee7-b501-4e1b-9308-fbb02845f047,SPY   250926C00674000,2025-09-23T17:00:00Z,0.220000,0.220000,0.190000,0.190000
a6e31ee7-b501-4e1b-9308-fbb02845f047,SPY   250926C00674000,2025-09-23T18:00:00Z,0.160000,0.170000,0.160000,0.160000
a6e31ee7-b501-4e1b-9308-fbb02845f047,SPY   250926C00674000,2025-09-23T19:00:00Z,0.120000,0.130000,0.120000,0.130000
a6e31ee7-b501-4e1b-9308-fbb02845f047,SPY   250926C00674000,2025-09-24T14:00:00Z,0.060000,0.060000,0.060000,0.060000
a6e31ee7-b501-4e1b-9308-fbb02845f047,SPY   250926C00674000,2025-09-24T15:00:00Z,0.060000,0.060000,0.050000,0.050000
a6e31ee7-b501-4e1b-9308-fbb02845f047,SPY   250926C00674000,2025-09-24T16:00:00Z,0.040000,0.040000,0.040000,0.040000
a6e31ee7-b501-4e1b-9308-fbb02845f047,SPY   250926C00674000,2025-09-24T17:00:00Z,0.040000,0.040000,0.040000,0.040000
a6e31ee7-b501-4e1b-9308-fbb02845f047,SPY   250926C00674000,2025-09-24T18:00:00Z,0.040000,0.040000,0.040000,0.040000
a6e31ee7-b501-4e1b-9308-fbb02845f047,SPY   250926C00674000,2025-09-24T19:00:00Z,0.030000,0.030000,0.030000,0.030000
a6e31ee7-b501-4e1b-9308-fbb02845f047,SPY   250926C00674000,2025-09-25T14:00:00Z,0.020000,0.020000,0.020000,0.020000
a6e31ee7-b501-4e1b-9308-fbb02845f047,SPY   250926C00674000,2025-09-25T15:00:00Z,0.020000,0.020000,0.020000,0.020000
a6e31ee7-b501-4e1b-9308-fbb02845f047,SPY   250926C00674000,2025-09-25T16:00:00Z,0.020000,0.020000,0.020000,0.020000
a6e31ee7-b501-4e1b-9308-fbb02845f047,SPY   250926C00674000,2025-09-25T17:00:00Z,0.020000,0.020000,0.020000,0.020000
a6e31ee7-b501-4e1b-9308-fbb02845f047,SPY   250926C00674000,2025-09-25T18:00:00Z,0.020000,0.020000,0.020000,0.020000
a6e31ee7-b501-4e1b-9308-fbb02845f047,SPY   250926C00674000,2025-09-25T19:00:00Z,0.020000,0.020000,0.020000,0.020000
a6e31ee7-b501-4e1b-9308-fbb02845f047,SPY   250926C00674000,2025-09-26T14:00:00Z,0.010000,0.010000,0.010000,0.010000
a6e31ee7-b501-4e1b-9308-fbb02845f047,SPY   250926C00674000,2025-09-26T15:00:00Z,0.010000,0.010000,0.010000,0.010000
a6e31ee7-b501-4e1b-9308-fbb02845f047,SPY   250926C00674000,2025-09-26T16:00:00Z,0.010000,0.010000,0.010000,0.010000
a6e31ee7-b501-4e1b-9308-fbb02845f047,SPY   250926C00674000,2025-09-26T17:00:00Z,0.010000,0.010000,0.010000,0.010000
a6e31ee7-b501-4e1b-9308-fbb02845f047,SPY   250926C00674000,2025-09-26T18:00:00Z,0.010000,0.010000,0.010000,0.010000
a6e31ee7-b501-4e1b-9308-fbb02845f047,SPY   250926C00674000,2025-09-26T19:00:00Z,0.010000,0.010000,0.010000,0.010000
ad575ad7-d3a9-4915-8b43-aae6474c0438,SPY   260724P00728000,2026-07-13T14:00:00Z,1.030000,1.430000,0.990000,1.100000
ad575ad7-d3a9-4915-8b43-aae6474c0438,SPY   260724P00728000,2026-07-13T15:00:00Z,1.080000,1.270000,1.060000,1.250000
ad575ad7-d3a9-4915-8b43-aae6474c0438,SPY   260724P00728000,2026-07-13T16:00:00Z,1.250000,1.800000,1.150000,1.610000
ad575ad7-d3a9-4915-8b43-aae6474c0438,SPY   260724P00728000,2026-07-13T17:00:00Z,1.610000,1.780000,1.470000,1.770000
ad575ad7-d3a9-4915-8b43-aae6474c0438,SPY   260724P00728000,2026-07-13T18:00:00Z,1.770000,1.940000,1.650000,1.760000
ad575ad7-d3a9-4915-8b43-aae6474c0438,SPY   260724P00728000,2026-07-13T19:00:00Z,1.750000,2.080000,1.690000,1.780000
ad575ad7-d3a9-4915-8b43-aae6474c0438,SPY   260724P00728000,2026-07-14T14:00:00Z,1.180000,1.640000,1.020000,1.140000
ad575ad7-d3a9-4915-8b43-aae6474c0438,SPY   260724P00728000,2026-07-14T15:00:00Z,1.060000,1.300000,1.010000,1.250000
ad575ad7-d3a9-4915-8b43-aae6474c0438,SPY   260724P00728000,2026-07-14T16:00:00Z,1.240000,1.370000,1.240000,1.370000
ad575ad7-d3a9-4915-8b43-aae6474c0438,SPY   260724P00728000,2026-07-14T17:00:00Z,1.100000,1.170000,1.060000,1.090000
ad575ad7-d3a9-4915-8b43-aae6474c0438,SPY   260724P00728000,2026-07-14T18:00:00Z,1.090000,1.120000,1.000000,1.060000
ad575ad7-d3a9-4915-8b43-aae6474c0438,SPY   260724P00728000,2026-07-14T19:00:00Z,1.060000,1.120000,1.000000,1.050000
ad575ad7-d3a9-4915-8b43-aae6474c0438,SPY   260724P00728000,2026-07-15T14:00:00Z,0.700000,0.890000,0.620000,0.800000
ad575ad7-d3a9-4915-8b43-aae6474c0438,SPY   260724P00728000,2026-07-15T15:00:00Z,0.800000,0.870000,0.770000,0.870000
ad575ad7-d3a9-4915-8b43-aae6474c0438,SPY   260724P00728000,2026-07-15T16:00:00Z,0.770000,1.050000,0.750000,0.840000
ad575ad7-d3a9-4915-8b43-aae6474c0438,SPY   260724P00728000,2026-07-15T17:00:00Z,0.840000,0.850000,0.590000,0.630000
ad575ad7-d3a9-4915-8b43-aae6474c0438,SPY   260724P00728000,2026-07-15T18:00:00Z,0.630000,0.650000,0.550000,0.640000
ad575ad7-d3a9-4915-8b43-aae6474c0438,SPY   260724P00728000,2026-07-15T19:00:00Z,0.590000,0.600000,0.570000,0.570000
ad575ad7-d3a9-4915-8b43-aae6474c0438,SPY   260724P00728000,2026-07-16T14:00:00Z,0.520000,0.530000,0.520000,0.530000
ad575ad7-d3a9-4915-8b43-aae6474c0438,SPY   260724P00728000,2026-07-16T15:00:00Z,0.500000,0.570000,0.490000,0.550000
ad575ad7-d3a9-4915-8b43-aae6474c0438,SPY   260724P00728000,2026-07-16T16:00:00Z,0.550000,0.790000,0.550000,0.610000
ad575ad7-d3a9-4915-8b43-aae6474c0438,SPY   260724P00728000,2026-07-16T17:00:00Z,0.610000,0.830000,0.610000,0.790000
ad575ad7-d3a9-4915-8b43-aae6474c0438,SPY   260724P00728000,2026-07-16T18:00:00Z,0.790000,0.930000,0.730000,0.900000
ad575ad7-d3a9-4915-8b43-aae6474c0438,SPY   260724P00728000,2026-07-16T19:00:00Z,0.910000,1.260000,0.800000,0.810000
ad575ad7-d3a9-4915-8b43-aae6474c0438,SPY   260724P00728000,2026-07-17T14:00:00Z,1.780000,1.810000,1.370000,1.710000
ad575ad7-d3a9-4915-8b43-aae6474c0438,SPY   260724P00728000,2026-07-17T15:00:00Z,1.720000,1.910000,1.220000,1.250000
ad575ad7-d3a9-4915-8b43-aae6474c0438,SPY   260724P00728000,2026-07-17T16:00:00Z,1.250000,1.660000,1.220000,1.480000
ad575ad7-d3a9-4915-8b43-aae6474c0438,SPY   260724P00728000,2026-07-17T17:00:00Z,1.300000,1.720000,1.220000,1.700000
ad575ad7-d3a9-4915-8b43-aae6474c0438,SPY   260724P00728000,2026-07-17T18:00:00Z,1.750000,1.930000,1.710000,1.840000
ad575ad7-d3a9-4915-8b43-aae6474c0438,SPY   260724P00728000,2026-07-17T19:00:00Z,1.690000,2.280000,1.680000,1.720000
ad575ad7-d3a9-4915-8b43-aae6474c0438,SPY   260724P00728000,2026-07-20T14:00:00Z,1.010000,1.250000,0.900000,1.190000
ad575ad7-d3a9-4915-8b43-aae6474c0438,SPY   260724P00728000,2026-07-20T15:00:00Z,1.190000,1.250000,0.960000,0.980000
ad575ad7-d3a9-4915-8b43-aae6474c0438,SPY   260724P00728000,2026-07-20T16:00:00Z,0.780000,0.980000,0.660000,0.930000
ad575ad7-d3a9-4915-8b43-aae6474c0438,SPY   260724P00728000,2026-07-20T17:00:00Z,0.920000,1.190000,0.900000,0.930000
ad575ad7-d3a9-4915-8b43-aae6474c0438,SPY   260724P00728000,2026-07-20T18:00:00Z,0.930000,1.260000,0.790000,1.200000
ad575ad7-d3a9-4915-8b43-aae6474c0438,SPY   260724P00728000,2026-07-20T19:00:00Z,1.190000,1.420000,1.090000,1.290000
ad575ad7-d3a9-4915-8b43-aae6474c0438,SPY   260724P00728000,2026-07-21T14:00:00Z,0.680000,0.750000,0.490000,0.520000
ad575ad7-d3a9-4915-8b43-aae6474c0438,SPY   260724P00728000,2026-07-21T15:00:00Z,0.520000,0.610000,0.490000,0.500000
ad575ad7-d3a9-4915-8b43-aae6474c0438,SPY   260724P00728000,2026-07-21T16:00:00Z,0.450000,0.450000,0.370000,0.380000
ad575ad7-d3a9-4915-8b43-aae6474c0438,SPY   260724P00728000,2026-07-21T17:00:00Z,0.350000,0.380000,0.330000,0.340000
ad575ad7-d3a9-4915-8b43-aae6474c0438,SPY   260724P00728000,2026-07-21T18:00:00Z,0.340000,0.350000,0.340000,0.350000
ad575ad7-d3a9-4915-8b43-aae6474c0438,SPY   260724P00728000,2026-07-21T19:00:00Z,0.370000,0.380000,0.310000,0.330000
ad575ad7-d3a9-4915-8b43-aae6474c0438,SPY   260724P00728000,2026-07-22T14:00:00Z,0.250000,0.320000,0.230000,0.310000
ad575ad7-d3a9-4915-8b43-aae6474c0438,SPY   260724P00728000,2026-07-22T15:00:00Z,0.250000,0.250000,0.180000,0.180000
ad575ad7-d3a9-4915-8b43-aae6474c0438,SPY   260724P00728000,2026-07-22T16:00:00Z,0.180000,0.200000,0.170000,0.170000
ad575ad7-d3a9-4915-8b43-aae6474c0438,SPY   260724P00728000,2026-07-22T17:00:00Z,0.170000,0.210000,0.170000,0.200000
ad575ad7-d3a9-4915-8b43-aae6474c0438,SPY   260724P00728000,2026-07-22T18:00:00Z,0.200000,0.210000,0.160000,0.160000
ad575ad7-d3a9-4915-8b43-aae6474c0438,SPY   260724P00728000,2026-07-22T19:00:00Z,0.160000,0.180000,0.150000,0.170000
ad575ad7-d3a9-4915-8b43-aae6474c0438,SPY   260724P00728000,2026-07-23T14:00:00Z,0.560000,0.640000,0.370000,0.600000
ad575ad7-d3a9-4915-8b43-aae6474c0438,SPY   260724P00728000,2026-07-23T15:00:00Z,0.610000,1.210000,0.580000,0.630000
ad575ad7-d3a9-4915-8b43-aae6474c0438,SPY   260724P00728000,2026-07-23T16:00:00Z,0.620000,0.690000,0.370000,0.500000
ad575ad7-d3a9-4915-8b43-aae6474c0438,SPY   260724P00728000,2026-07-23T17:00:00Z,0.560000,0.580000,0.560000,0.560000
ad575ad7-d3a9-4915-8b43-aae6474c0438,SPY   260724P00728000,2026-07-23T18:00:00Z,0.620000,0.680000,0.500000,0.590000
ad575ad7-d3a9-4915-8b43-aae6474c0438,SPY   260724P00728000,2026-07-23T19:00:00Z,0.570000,0.670000,0.450000,0.570000
ad575ad7-d3a9-4915-8b43-aae6474c0438,SPY   260724P00728000,2026-07-24T14:00:00Z,0.100000,0.100000,0.050000,0.050000
ad575ad7-d3a9-4915-8b43-aae6474c0438,SPY   260724P00728000,2026-07-24T15:00:00Z,0.030000,0.030000,0.030000,0.030000
ad575ad7-d3a9-4915-8b43-aae6474c0438,SPY   260724P00728000,2026-07-24T16:00:00Z,0.020000,0.020000,0.020000,0.020000
ad575ad7-d3a9-4915-8b43-aae6474c0438,SPY   260724P00728000,2026-07-24T17:00:00Z,0.030000,0.030000,0.020000,0.020000
ad575ad7-d3a9-4915-8b43-aae6474c0438,SPY   260724P00728000,2026-07-24T18:00:00Z,0.020000,0.030000,0.020000,0.020000
ad575ad7-d3a9-4915-8b43-aae6474c0438,SPY   260724P00728000,2026-07-24T19:00:00Z,0.010000,0.010000,0.010000,0.010000
ad7195ae-618b-4379-8cbb-36faf68e5728,SPY   260306C00694000,2026-02-24T15:00:00Z,3.200000,3.240000,3.200000,3.230000
ad7195ae-618b-4379-8cbb-36faf68e5728,SPY   260306C00694000,2026-02-24T16:00:00Z,3.810000,3.870000,3.800000,3.870000
ad7195ae-618b-4379-8cbb-36faf68e5728,SPY   260306C00694000,2026-02-24T17:00:00Z,4.020000,4.460000,4.000000,4.300000
ad7195ae-618b-4379-8cbb-36faf68e5728,SPY   260306C00694000,2026-02-24T18:00:00Z,4.260000,4.510000,4.260000,4.500000
ad7195ae-618b-4379-8cbb-36faf68e5728,SPY   260306C00694000,2026-02-24T19:00:00Z,4.240000,4.270000,3.980000,4.090000
ad7195ae-618b-4379-8cbb-36faf68e5728,SPY   260306C00694000,2026-02-24T20:00:00Z,4.090000,4.500000,3.930000,4.330000
ad7195ae-618b-4379-8cbb-36faf68e5728,SPY   260306C00694000,2026-02-25T15:00:00Z,5.190000,5.290000,5.190000,5.250000
ad7195ae-618b-4379-8cbb-36faf68e5728,SPY   260306C00694000,2026-02-25T16:00:00Z,5.200000,5.930000,5.160000,5.740000
ad7195ae-618b-4379-8cbb-36faf68e5728,SPY   260306C00694000,2026-02-25T17:00:00Z,5.870000,6.020000,5.670000,6.000000
ad7195ae-618b-4379-8cbb-36faf68e5728,SPY   260306C00694000,2026-02-25T18:00:00Z,5.830000,5.860000,5.830000,5.860000
ad7195ae-618b-4379-8cbb-36faf68e5728,SPY   260306C00694000,2026-02-25T19:00:00Z,6.110000,6.140000,6.100000,6.140000
ad7195ae-618b-4379-8cbb-36faf68e5728,SPY   260306C00694000,2026-02-25T20:00:00Z,6.150000,6.270000,6.120000,6.180000
ad7195ae-618b-4379-8cbb-36faf68e5728,SPY   260306C00694000,2026-02-26T15:00:00Z,4.670000,4.790000,3.260000,3.690000
ad7195ae-618b-4379-8cbb-36faf68e5728,SPY   260306C00694000,2026-02-26T16:00:00Z,3.130000,3.130000,3.070000,3.090000
ad7195ae-618b-4379-8cbb-36faf68e5728,SPY   260306C00694000,2026-02-26T17:00:00Z,3.040000,3.190000,2.710000,2.800000
ad7195ae-618b-4379-8cbb-36faf68e5728,SPY   260306C00694000,2026-02-26T18:00:00Z,2.810000,3.260000,2.650000,3.240000
ad7195ae-618b-4379-8cbb-36faf68e5728,SPY   260306C00694000,2026-02-26T19:00:00Z,3.220000,3.920000,3.220000,3.880000
ad7195ae-618b-4379-8cbb-36faf68e5728,SPY   260306C00694000,2026-02-26T20:00:00Z,3.660000,3.900000,3.500000,3.520000
ad7195ae-618b-4379-8cbb-36faf68e5728,SPY   260306C00694000,2026-02-27T15:00:00Z,1.990000,2.510000,1.960000,2.250000
ad7195ae-618b-4379-8cbb-36faf68e5728,SPY   260306C00694000,2026-02-27T16:00:00Z,2.230000,2.400000,2.180000,2.380000
ad7195ae-618b-4379-8cbb-36faf68e5728,SPY   260306C00694000,2026-02-27T17:00:00Z,2.010000,2.160000,2.000000,2.020000
ad7195ae-618b-4379-8cbb-36faf68e5728,SPY   260306C00694000,2026-02-27T18:00:00Z,2.030000,2.080000,1.820000,1.980000
ad7195ae-618b-4379-8cbb-36faf68e5728,SPY   260306C00694000,2026-02-27T19:00:00Z,1.970000,2.210000,1.760000,1.790000
ad7195ae-618b-4379-8cbb-36faf68e5728,SPY   260306C00694000,2026-02-27T20:00:00Z,1.790000,2.400000,1.790000,2.110000
ad7195ae-618b-4379-8cbb-36faf68e5728,SPY   260306C00694000,2026-03-02T15:00:00Z,1.380000,1.790000,1.240000,1.410000
ad7195ae-618b-4379-8cbb-36faf68e5728,SPY   260306C00694000,2026-03-02T16:00:00Z,1.410000,1.810000,1.210000,1.790000
ad7195ae-618b-4379-8cbb-36faf68e5728,SPY   260306C00694000,2026-03-02T17:00:00Z,1.870000,1.920000,1.670000,1.760000
ad7195ae-618b-4379-8cbb-36faf68e5728,SPY   260306C00694000,2026-03-02T18:00:00Z,1.560000,1.580000,1.540000,1.570000
ad7195ae-618b-4379-8cbb-36faf68e5728,SPY   260306C00694000,2026-03-02T19:00:00Z,1.780000,2.290000,1.760000,2.250000
ad7195ae-618b-4379-8cbb-36faf68e5728,SPY   260306C00694000,2026-03-02T20:00:00Z,2.120000,2.180000,1.510000,1.840000
ad7195ae-618b-4379-8cbb-36faf68e5728,SPY   260306C00694000,2026-03-03T15:00:00Z,0.230000,0.280000,0.200000,0.230000
ad7195ae-618b-4379-8cbb-36faf68e5728,SPY   260306C00694000,2026-03-03T16:00:00Z,0.220000,0.250000,0.220000,0.230000
ad7195ae-618b-4379-8cbb-36faf68e5728,SPY   260306C00694000,2026-03-03T17:00:00Z,0.280000,0.330000,0.250000,0.270000
ad7195ae-618b-4379-8cbb-36faf68e5728,SPY   260306C00694000,2026-03-03T18:00:00Z,0.470000,0.480000,0.410000,0.450000
ad7195ae-618b-4379-8cbb-36faf68e5728,SPY   260306C00694000,2026-03-03T19:00:00Z,0.490000,0.490000,0.480000,0.480000
ad7195ae-618b-4379-8cbb-36faf68e5728,SPY   260306C00694000,2026-03-03T20:00:00Z,0.480000,0.570000,0.370000,0.370000
ad7195ae-618b-4379-8cbb-36faf68e5728,SPY   260306C00694000,2026-03-04T15:00:00Z,0.780000,0.800000,0.630000,0.640000
ad7195ae-618b-4379-8cbb-36faf68e5728,SPY   260306C00694000,2026-03-04T16:00:00Z,0.560000,0.600000,0.520000,0.590000
ad7195ae-618b-4379-8cbb-36faf68e5728,SPY   260306C00694000,2026-03-04T17:00:00Z,0.640000,0.690000,0.500000,0.660000
ad7195ae-618b-4379-8cbb-36faf68e5728,SPY   260306C00694000,2026-03-04T18:00:00Z,0.660000,0.700000,0.540000,0.600000
ad7195ae-618b-4379-8cbb-36faf68e5728,SPY   260306C00694000,2026-03-04T19:00:00Z,0.600000,0.680000,0.580000,0.620000
ad7195ae-618b-4379-8cbb-36faf68e5728,SPY   260306C00694000,2026-03-04T20:00:00Z,0.620000,0.670000,0.470000,0.520000
ad7195ae-618b-4379-8cbb-36faf68e5728,SPY   260306C00694000,2026-03-05T15:00:00Z,0.300000,0.330000,0.110000,0.150000
ad7195ae-618b-4379-8cbb-36faf68e5728,SPY   260306C00694000,2026-03-05T16:00:00Z,0.110000,0.110000,0.100000,0.100000
ad7195ae-618b-4379-8cbb-36faf68e5728,SPY   260306C00694000,2026-03-05T17:00:00Z,0.100000,0.100000,0.070000,0.070000
ad7195ae-618b-4379-8cbb-36faf68e5728,SPY   260306C00694000,2026-03-05T18:00:00Z,0.060000,0.070000,0.060000,0.060000
ad7195ae-618b-4379-8cbb-36faf68e5728,SPY   260306C00694000,2026-03-05T19:00:00Z,0.060000,0.060000,0.040000,0.040000
ad7195ae-618b-4379-8cbb-36faf68e5728,SPY   260306C00694000,2026-03-05T20:00:00Z,0.040000,0.050000,0.040000,0.040000
ad7195ae-618b-4379-8cbb-36faf68e5728,SPY   260306C00694000,2026-03-06T15:00:00Z,0.010000,0.010000,0.010000,0.010000
ad7195ae-618b-4379-8cbb-36faf68e5728,SPY   260306C00694000,2026-03-06T16:00:00Z,0.010000,0.010000,0.010000,0.010000
ad7195ae-618b-4379-8cbb-36faf68e5728,SPY   260306C00694000,2026-03-06T17:00:00Z,0.010000,0.010000,0.010000,0.010000
ad7195ae-618b-4379-8cbb-36faf68e5728,SPY   260306C00694000,2026-03-06T18:00:00Z,0.010000,0.010000,0.010000,0.010000
ad7195ae-618b-4379-8cbb-36faf68e5728,SPY   260306C00694000,2026-03-06T19:00:00Z,0.010000,0.010000,0.010000,0.010000
ad7195ae-618b-4379-8cbb-36faf68e5728,SPY   260306C00694000,2026-03-06T20:00:00Z,0.010000,0.010000,0.010000,0.010000
adb7642a-1a56-4f8c-84f8-363a75bd3304,SPY   260918C00766000,2026-09-08T14:00:00Z,7.270000,7.420000,6.550000,7.280000
adb7642a-1a56-4f8c-84f8-363a75bd3304,SPY   260918C00766000,2026-09-08T15:00:00Z,7.310000,7.710000,7.030000,7.050000
adb7642a-1a56-4f8c-84f8-363a75bd3304,SPY   260918C00766000,2026-09-08T16:00:00Z,7.050000,7.270000,6.610000,6.770000
adb7642a-1a56-4f8c-84f8-363a75bd3304,SPY   260918C00766000,2026-09-08T17:00:00Z,6.770000,7.450000,6.760000,7.060000
adb7642a-1a56-4f8c-84f8-363a75bd3304,SPY   260918C00766000,2026-09-08T18:00:00Z,7.070000,7.290000,6.960000,7.020000
adb7642a-1a56-4f8c-84f8-363a75bd3304,SPY   260918C00766000,2026-09-08T19:00:00Z,6.770000,6.940000,5.970000,6.380000
adb7642a-1a56-4f8c-84f8-363a75bd3304,SPY   260918C00766000,2026-09-09T14:00:00Z,5.240000,5.270000,4.670000,4.720000
adb7642a-1a56-4f8c-84f8-363a75bd3304,SPY   260918C00766000,2026-09-09T15:00:00Z,4.290000,4.370000,4.260000,4.260000
adb7642a-1a56-4f8c-84f8-363a75bd3304,SPY   260918C00766000,2026-09-09T16:00:00Z,4.420000,4.660000,4.160000,4.540000
adb7642a-1a56-4f8c-84f8-363a75bd3304,SPY   260918C00766000,2026-09-09T17:00:00Z,4.540000,4.870000,4.460000,4.750000
adb7642a-1a56-4f8c-84f8-363a75bd3304,SPY   260918C00766000,2026-09-09T18:00:00Z,4.740000,4.800000,4.590000,4.590000
adb7642a-1a56-4f8c-84f8-363a75bd3304,SPY   260918C00766000,2026-09-09T19:00:00Z,4.660000,4.880000,4.430000,4.450000
adb7642a-1a56-4f8c-84f8-363a75bd3304,SPY   260918C00766000,2026-09-10T14:00:00Z,2.620000,3.300000,2.570000,3.260000
adb7642a-1a56-4f8c-84f8-363a75bd3304,SPY   260918C00766000,2026-09-10T15:00:00Z,3.220000,3.240000,2.990000,3.100000
adb7642a-1a56-4f8c-84f8-363a75bd3304,SPY   260918C00766000,2026-09-10T16:00:00Z,2.820000,2.950000,2.820000,2.940000
adb7642a-1a56-4f8c-84f8-363a75bd3304,SPY   260918C00766000,2026-09-10T17:00:00Z,3.150000,3.310000,2.870000,2.890000
adb7642a-1a56-4f8c-84f8-363a75bd3304,SPY   260918C00766000,2026-09-10T18:00:00Z,2.880000,2.950000,2.660000,2.800000
adb7642a-1a56-4f8c-84f8-363a75bd3304,SPY   260918C00766000,2026-09-10T19:00:00Z,2.790000,2.930000,2.730000,2.810000
adb7642a-1a56-4f8c-84f8-363a75bd3304,SPY   260918C00766000,2026-09-11T14:00:00Z,5.310000,5.310000,4.410000,4.930000
adb7642a-1a56-4f8c-84f8-363a75bd3304,SPY   260918C00766000,2026-09-11T15:00:00Z,4.460000,5.080000,4.370000,4.760000
adb7642a-1a56-4f8c-84f8-363a75bd3304,SPY   260918C00766000,2026-09-11T16:00:00Z,4.770000,5.010000,4.360000,4.680000
adb7642a-1a56-4f8c-84f8-363a75bd3304,SPY   260918C00766000,2026-09-11T17:00:00Z,4.690000,5.010000,4.580000,4.630000
adb7642a-1a56-4f8c-84f8-363a75bd3304,SPY   260918C00766000,2026-09-11T18:00:00Z,4.620000,4.740000,4.280000,4.300000
adb7642a-1a56-4f8c-84f8-363a75bd3304,SPY   260918C00766000,2026-09-11T19:00:00Z,4.310000,4.370000,4.030000,4.050000
adb7642a-1a56-4f8c-84f8-363a75bd3304,SPY   260918C00766000,2026-09-14T14:00:00Z,2.020000,2.360000,1.550000,1.570000
adb7642a-1a56-4f8c-84f8-363a75bd3304,SPY   260918C00766000,2026-09-14T15:00:00Z,1.600000,2.700000,1.500000,2.520000
adb7642a-1a56-4f8c-84f8-363a75bd3304,SPY   260918C00766000,2026-09-14T16:00:00Z,2.520000,3.220000,2.320000,2.920000
adb7642a-1a56-4f8c-84f8-363a75bd3304,SPY   260918C00766000,2026-09-14T17:00:00Z,2.920000,3.000000,2.560000,2.610000
adb7642a-1a56-4f8c-84f8-363a75bd3304,SPY   260918C00766000,2026-09-14T18:00:00Z,2.630000,2.800000,2.480000,2.610000
adb7642a-1a56-4f8c-84f8-363a75bd3304,SPY   260918C00766000,2026-09-14T19:00:00Z,2.610000,2.630000,2.350000,2.380000
adb7642a-1a56-4f8c-84f8-363a75bd3304,SPY   260918C00766000,2026-09-15T14:00:00Z,1.520000,1.520000,0.980000,1.010000
adb7642a-1a56-4f8c-84f8-363a75bd3304,SPY   260918C00766000,2026-09-15T15:00:00Z,1.010000,1.150000,1.010000,1.130000
adb7642a-1a56-4f8c-84f8-363a75bd3304,SPY   260918C00766000,2026-09-15T16:00:00Z,1.090000,1.270000,1.040000,1.200000
adb7642a-1a56-4f8c-84f8-363a75bd3304,SPY   260918C00766000,2026-09-15T17:00:00Z,1.200000,1.220000,1.000000,1.060000
adb7642a-1a56-4f8c-84f8-363a75bd3304,SPY   260918C00766000,2026-09-15T18:00:00Z,1.070000,1.160000,0.980000,1.080000
adb7642a-1a56-4f8c-84f8-363a75bd3304,SPY   260918C00766000,2026-09-15T19:00:00Z,1.080000,1.110000,0.930000,1.010000
adb7642a-1a56-4f8c-84f8-363a75bd3304,SPY   260918C00766000,2026-09-16T14:00:00Z,1.310000,1.390000,1.050000,1.380000
adb7642a-1a56-4f8c-84f8-363a75bd3304,SPY   260918C00766000,2026-09-16T15:00:00Z,1.520000,1.520000,1.490000,1.510000
adb7642a-1a56-4f8c-84f8-363a75bd3304,SPY   260918C00766000,2026-09-16T16:00:00Z,1.580000,1.590000,1.410000,1.440000
adb7642a-1a56-4f8c-84f8-363a75bd3304,SPY   260918C00766000,2026-09-16T17:00:00Z,1.300000,1.500000,1.200000,1.460000
adb7642a-1a56-4f8c-84f8-363a75bd3304,SPY   260918C00766000,2026-09-16T18:00:00Z,1.470000,1.570000,0.340000,0.340000
adb7642a-1a56-4f8c-84f8-363a75bd3304,SPY   260918C00766000,2026-09-16T19:00:00Z,0.340000,0.400000,0.120000,0.240000
adb7642a-1a56-4f8c-84f8-363a75bd3304,SPY   260918C00766000,2026-09-17T14:00:00Z,0.530000,0.540000,0.500000,0.500000
adb7642a-1a56-4f8c-84f8-363a75bd3304,SPY   260918C00766000,2026-09-17T15:00:00Z,0.380000,0.570000,0.380000,0.540000
adb7642a-1a56-4f8c-84f8-363a75bd3304,SPY   260918C00766000,2026-09-17T16:00:00Z,0.540000,0.550000,0.390000,0.490000
adb7642a-1a56-4f8c-84f8-363a75bd3304,SPY   260918C00766000,2026-09-17T17:00:00Z,0.480000,0.540000,0.400000,0.480000
adb7642a-1a56-4f8c-84f8-363a75bd3304,SPY   260918C00766000,2026-09-17T18:00:00Z,0.480000,0.520000,0.390000,0.420000
adb7642a-1a56-4f8c-84f8-363a75bd3304,SPY   260918C00766000,2026-09-17T19:00:00Z,0.420000,0.530000,0.410000,0.530000
adb7642a-1a56-4f8c-84f8-363a75bd3304,SPY   260918C00766000,2026-09-18T14:00:00Z,0.050000,0.050000,0.040000,0.050000
adb7642a-1a56-4f8c-84f8-363a75bd3304,SPY   260918C00766000,2026-09-18T15:00:00Z,0.040000,0.040000,0.030000,0.030000
adb7642a-1a56-4f8c-84f8-363a75bd3304,SPY   260918C00766000,2026-09-18T16:00:00Z,0.030000,0.030000,0.020000,0.020000
adb7642a-1a56-4f8c-84f8-363a75bd3304,SPY   260918C00766000,2026-09-18T17:00:00Z,0.020000,0.020000,0.020000,0.020000
adb7642a-1a56-4f8c-84f8-363a75bd3304,SPY   260918C00766000,2026-09-18T18:00:00Z,0.020000,0.020000,0.020000,0.020000
adb7642a-1a56-4f8c-84f8-363a75bd3304,SPY   260918C00766000,2026-09-18T19:00:00Z,0.020000,0.020000,0.010000,0.010000
b09a5a08-4564-4605-b2b5-455352e1ecac,SPY   260618C00762000,2026-06-15T14:00:00Z,1.040000,1.080000,1.030000,1.060000
b09a5a08-4564-4605-b2b5-455352e1ecac,SPY   260618C00762000,2026-06-15T15:00:00Z,1.060000,1.180000,1.060000,1.150000
b09a5a08-4564-4605-b2b5-455352e1ecac,SPY   260618C00762000,2026-06-15T16:00:00Z,1.510000,1.650000,1.220000,1.290000
b09a5a08-4564-4605-b2b5-455352e1ecac,SPY   260618C00762000,2026-06-15T17:00:00Z,1.290000,1.400000,1.130000,1.150000
b09a5a08-4564-4605-b2b5-455352e1ecac,SPY   260618C00762000,2026-06-15T18:00:00Z,1.150000,1.180000,0.980000,1.000000
b09a5a08-4564-4605-b2b5-455352e1ecac,SPY   260618C00762000,2026-06-15T19:00:00Z,1.000000,1.060000,0.790000,0.800000
b09a5a08-4564-4605-b2b5-455352e1ecac,SPY   260618C00762000,2026-06-16T14:00:00Z,0.640000,0.740000,0.450000,0.480000
b09a5a08-4564-4605-b2b5-455352e1ecac,SPY   260618C00762000,2026-06-16T15:00:00Z,0.480000,0.530000,0.390000,0.460000
b09a5a08-4564-4605-b2b5-455352e1ecac,SPY   260618C00762000,2026-06-16T16:00:00Z,0.460000,0.570000,0.400000,0.420000
b09a5a08-4564-4605-b2b5-455352e1ecac,SPY   260618C00762000,2026-06-16T17:00:00Z,0.420000,0.420000,0.380000,0.410000
b09a5a08-4564-4605-b2b5-455352e1ecac,SPY   260618C00762000,2026-06-16T18:00:00Z,0.360000,0.370000,0.310000,0.310000
b09a5a08-4564-4605-b2b5-455352e1ecac,SPY   260618C00762000,2026-06-16T19:00:00Z,0.310000,0.320000,0.270000,0.270000
b09a5a08-4564-4605-b2b5-455352e1ecac,SPY   260618C00762000,2026-06-17T14:00:00Z,0.230000,0.310000,0.230000,0.280000
b09a5a08-4564-4605-b2b5-455352e1ecac,SPY   260618C00762000,2026-06-17T15:00:00Z,0.190000,0.230000,0.180000,0.220000
b09a5a08-4564-4605-b2b5-455352e1ecac,SPY   260618C00762000,2026-06-17T16:00:00Z,0.230000,0.230000,0.230000,0.230000
b09a5a08-4564-4605-b2b5-455352e1ecac,SPY   260618C00762000,2026-06-17T17:00:00Z,0.210000,0.230000,0.180000,0.230000
b09a5a08-4564-4605-b2b5-455352e1ecac,SPY   260618C00762000,2026-06-17T18:00:00Z,0.130000,0.140000,0.120000,0.120000
b09a5a08-4564-4605-b2b5-455352e1ecac,SPY   260618C00762000,2026-06-17T19:00:00Z,0.060000,0.070000,0.040000,0.050000
b09a5a08-4564-4605-b2b5-455352e1ecac,SPY   260618C00762000,2026-06-18T14:00:00Z,0.020000,0.020000,0.020000,0.020000
b09a5a08-4564-4605-b2b5-455352e1ecac,SPY   260618C00762000,2026-06-18T15:00:00Z,0.020000,0.020000,0.010000,0.010000
b09a5a08-4564-4605-b2b5-455352e1ecac,SPY   260618C00762000,2026-06-18T16:00:00Z,0.010000,0.010000,0.010000,0.010000
b09a5a08-4564-4605-b2b5-455352e1ecac,SPY   260618C00762000,2026-06-18T17:00:00Z,0.010000,0.010000,0.010000,0.010000
b09a5a08-4564-4605-b2b5-455352e1ecac,SPY   260618C00762000,2026-06-18T18:00:00Z,0.010000,0.010000,0.010000,0.010000
b09a5a08-4564-4605-b2b5-455352e1ecac,SPY   260618C00762000,2026-06-18T19:00:00Z,0.010000,0.010000,0.010000,0.010000
b23278f5-a250-4744-9bc1-23a87805332b,SPY   251017P00643000,2025-10-07T14:00:00Z,0.680000,0.780000,0.670000,0.750000
b23278f5-a250-4744-9bc1-23a87805332b,SPY   251017P00643000,2025-10-07T15:00:00Z,0.750000,1.140000,0.740000,1.120000
b23278f5-a250-4744-9bc1-23a87805332b,SPY   251017P00643000,2025-10-07T16:00:00Z,1.180000,1.270000,1.010000,1.150000
b23278f5-a250-4744-9bc1-23a87805332b,SPY   251017P00643000,2025-10-07T17:00:00Z,1.100000,1.120000,1.060000,1.070000
b23278f5-a250-4744-9bc1-23a87805332b,SPY   251017P00643000,2025-10-07T18:00:00Z,1.100000,1.180000,1.020000,1.020000
b23278f5-a250-4744-9bc1-23a87805332b,SPY   251017P00643000,2025-10-07T19:00:00Z,1.020000,1.070000,0.940000,0.980000
b23278f5-a250-4744-9bc1-23a87805332b,SPY   251017P00643000,2025-10-08T14:00:00Z,0.730000,0.730000,0.700000,0.700000
b23278f5-a250-4744-9bc1-23a87805332b,SPY   251017P00643000,2025-10-08T15:00:00Z,0.620000,0.620000,0.610000,0.610000
b23278f5-a250-4744-9bc1-23a87805332b,SPY   251017P00643000,2025-10-08T16:00:00Z,0.620000,0.660000,0.610000,0.610000
b23278f5-a250-4744-9bc1-23a87805332b,SPY   251017P00643000,2025-10-08T17:00:00Z,0.610000,0.620000,0.610000,0.620000
b23278f5-a250-4744-9bc1-23a87805332b,SPY   251017P00643000,2025-10-08T18:00:00Z,0.610000,0.610000,0.580000,0.580000
b23278f5-a250-4744-9bc1-23a87805332b,SPY   251017P00643000,2025-10-08T19:00:00Z,0.600000,0.610000,0.550000,0.580000
b23278f5-a250-4744-9bc1-23a87805332b,SPY   251017P00643000,2025-10-09T14:00:00Z,0.630000,0.760000,0.600000,0.640000
b23278f5-a250-4744-9bc1-23a87805332b,SPY   251017P00643000,2025-10-09T15:00:00Z,0.640000,0.750000,0.620000,0.660000
b23278f5-a250-4744-9bc1-23a87805332b,SPY   251017P00643000,2025-10-09T16:00:00Z,0.660000,0.700000,0.640000,0.690000
b23278f5-a250-4744-9bc1-23a87805332b,SPY   251017P00643000,2025-10-09T17:00:00Z,0.750000,0.810000,0.740000,0.790000
b23278f5-a250-4744-9bc1-23a87805332b,SPY   251017P00643000,2025-10-09T18:00:00Z,0.770000,0.840000,0.700000,0.710000
b23278f5-a250-4744-9bc1-23a87805332b,SPY   251017P00643000,2025-10-09T19:00:00Z,0.710000,0.710000,0.620000,0.630000
b23278f5-a250-4744-9bc1-23a87805332b,SPY   251017P00643000,2025-10-10T14:00:00Z,0.430000,0.480000,0.430000,0.450000
b23278f5-a250-4744-9bc1-23a87805332b,SPY   251017P00643000,2025-10-10T15:00:00Z,1.250000,1.320000,1.210000,1.320000
b23278f5-a250-4744-9bc1-23a87805332b,SPY   251017P00643000,2025-10-10T16:00:00Z,2.010000,2.640000,1.640000,2.600000
b23278f5-a250-4744-9bc1-23a87805332b,SPY   251017P00643000,2025-10-10T17:00:00Z,2.380000,2.850000,2.320000,2.820000
b23278f5-a250-4744-9bc1-23a87805332b,SPY   251017P00643000,2025-10-10T18:00:00Z,2.560000,3.110000,2.080000,2.870000
b23278f5-a250-4744-9bc1-23a87805332b,SPY   251017P00643000,2025-10-10T19:00:00Z,2.880000,2.880000,2.480000,2.740000
b23278f5-a250-4744-9bc1-23a87805332b,SPY   251017P00643000,2025-10-13T14:00:00Z,1.050000,1.480000,1.000000,1.430000
b23278f5-a250-4744-9bc1-23a87805332b,SPY   251017P00643000,2025-10-13T15:00:00Z,1.090000,1.110000,1.020000,1.080000
b23278f5-a250-4744-9bc1-23a87805332b,SPY   251017P00643000,2025-10-13T16:00:00Z,0.890000,0.900000,0.830000,0.830000
b23278f5-a250-4744-9bc1-23a87805332b,SPY   251017P00643000,2025-10-13T17:00:00Z,0.730000,0.900000,0.690000,0.780000
b23278f5-a250-4744-9bc1-23a87805332b,SPY   251017P00643000,2025-10-13T18:00:00Z,0.790000,0.840000,0.590000,0.800000
b23278f5-a250-4744-9bc1-23a87805332b,SPY   251017P00643000,2025-10-13T19:00:00Z,0.790000,0.790000,0.780000,0.790000
b23278f5-a250-4744-9bc1-23a87805332b,SPY   251017P00643000,2025-10-14T14:00:00Z,1.750000,1.830000,1.100000,1.150000
b23278f5-a250-4744-9bc1-23a87805332b,SPY   251017P00643000,2025-10-14T15:00:00Z,1.130000,1.140000,0.710000,0.760000
b23278f5-a250-4744-9bc1-23a87805332b,SPY   251017P00643000,2025-10-14T16:00:00Z,0.750000,0.850000,0.540000,0.590000
b23278f5-a250-4744-9bc1-23a87805332b,SPY   251017P00643000,2025-10-14T17:00:00Z,0.600000,0.650000,0.510000,0.510000
b23278f5-a250-4744-9bc1-23a87805332b,SPY   251017P00643000,2025-10-14T18:00:00Z,0.480000,0.560000,0.470000,0.510000
b23278f5-a250-4744-9bc1-23a87805332b,SPY   251017P00643000,2025-10-14T19:00:00Z,0.870000,1.010000,0.770000,0.880000
b23278f5-a250-4744-9bc1-23a87805332b,SPY   251017P00643000,2025-10-15T14:00:00Z,0.290000,0.290000,0.230000,0.240000
b23278f5-a250-4744-9bc1-23a87805332b,SPY   251017P00643000,2025-10-15T15:00:00Z,0.270000,0.370000,0.260000,0.370000
b23278f5-a250-4744-9bc1-23a87805332b,SPY   251017P00643000,2025-10-15T16:00:00Z,0.420000,0.500000,0.320000,0.480000
b23278f5-a250-4744-9bc1-23a87805332b,SPY   251017P00643000,2025-10-15T17:00:00Z,0.600000,0.890000,0.580000,0.780000
b23278f5-a250-4744-9bc1-23a87805332b,SPY   251017P00643000,2025-10-15T18:00:00Z,0.450000,0.490000,0.290000,0.290000
b23278f5-a250-4744-9bc1-23a87805332b,SPY   251017P00643000,2025-10-15T19:00:00Z,0.320000,0.430000,0.320000,0.430000
b23278f5-a250-4744-9bc1-23a87805332b,SPY   251017P00643000,2025-10-16T14:00:00Z,0.200000,0.270000,0.190000,0.220000
b23278f5-a250-4744-9bc1-23a87805332b,SPY   251017P00643000,2025-10-16T15:00:00Z,0.260000,0.300000,0.250000,0.260000
b23278f5-a250-4744-9bc1-23a87805332b,SPY   251017P00643000,2025-10-16T16:00:00Z,0.610000,0.700000,0.610000,0.700000
b23278f5-a250-4744-9bc1-23a87805332b,SPY   251017P00643000,2025-10-16T17:00:00Z,0.330000,0.340000,0.330000,0.330000
b23278f5-a250-4744-9bc1-23a87805332b,SPY   251017P00643000,2025-10-16T18:00:00Z,0.390000,0.840000,0.380000,0.420000
b23278f5-a250-4744-9bc1-23a87805332b,SPY   251017P00643000,2025-10-16T19:00:00Z,0.500000,0.550000,0.350000,0.370000
b23278f5-a250-4744-9bc1-23a87805332b,SPY   251017P00643000,2025-10-17T14:00:00Z,0.140000,0.170000,0.080000,0.120000
b23278f5-a250-4744-9bc1-23a87805332b,SPY   251017P00643000,2025-10-17T15:00:00Z,0.090000,0.120000,0.090000,0.120000
b23278f5-a250-4744-9bc1-23a87805332b,SPY   251017P00643000,2025-10-17T16:00:00Z,0.060000,0.090000,0.050000,0.050000
b23278f5-a250-4744-9bc1-23a87805332b,SPY   251017P00643000,2025-10-17T17:00:00Z,0.040000,0.040000,0.020000,0.020000
b23278f5-a250-4744-9bc1-23a87805332b,SPY   251017P00643000,2025-10-17T18:00:00Z,0.020000,0.020000,0.020000,0.020000
b23278f5-a250-4744-9bc1-23a87805332b,SPY   251017P00643000,2025-10-17T19:00:00Z,0.020000,0.020000,0.010000,0.010000
b2c7f507-cb06-4556-b6d4-9ced97729d3b,SPY   260515P00719000,2026-05-05T14:00:00Z,5.060000,5.320000,4.600000,4.800000
b2c7f507-cb06-4556-b6d4-9ced97729d3b,SPY   260515P00719000,2026-05-05T15:00:00Z,4.800000,4.840000,4.610000,4.650000
b2c7f507-cb06-4556-b6d4-9ced97729d3b,SPY   260515P00719000,2026-05-05T16:00:00Z,4.570000,4.620000,4.570000,4.620000
b2c7f507-cb06-4556-b6d4-9ced97729d3b,SPY   260515P00719000,2026-05-05T17:00:00Z,4.610000,4.720000,4.260000,4.350000
b2c7f507-cb06-4556-b6d4-9ced97729d3b,SPY   260515P00719000,2026-05-05T18:00:00Z,4.310000,4.350000,4.160000,4.230000
b2c7f507-cb06-4556-b6d4-9ced97729d3b,SPY   260515P00719000,2026-05-05T19:00:00Z,4.230000,4.550000,4.040000,4.510000
b2c7f507-cb06-4556-b6d4-9ced97729d3b,SPY   260515P00719000,2026-05-06T14:00:00Z,2.580000,2.800000,2.150000,2.180000
b2c7f507-cb06-4556-b6d4-9ced97729d3b,SPY   260515P00719000,2026-05-06T15:00:00Z,2.160000,2.330000,2.120000,2.260000
b2c7f507-cb06-4556-b6d4-9ced97729d3b,SPY   260515P00719000,2026-05-06T16:00:00Z,2.270000,2.490000,2.200000,2.360000
b2c7f507-cb06-4556-b6d4-9ced97729d3b,SPY   260515P00719000,2026-05-06T17:00:00Z,2.350000,2.430000,2.180000,2.200000
b2c7f507-cb06-4556-b6d4-9ced97729d3b,SPY   260515P00719000,2026-05-06T18:00:00Z,2.050000,2.060000,2.020000,2.020000
b2c7f507-cb06-4556-b6d4-9ced97729d3b,SPY   260515P00719000,2026-05-06T19:00:00Z,2.020000,2.020000,1.810000,1.870000
b2c7f507-cb06-4556-b6d4-9ced97729d3b,SPY   260515P00719000,2026-05-07T14:00:00Z,1.680000,1.680000,1.330000,1.350000
b2c7f507-cb06-4556-b6d4-9ced97729d3b,SPY   260515P00719000,2026-05-07T15:00:00Z,1.350000,1.460000,1.340000,1.440000
b2c7f507-cb06-4556-b6d4-9ced97729d3b,SPY   260515P00719000,2026-05-07T16:00:00Z,1.650000,2.170000,1.650000,2.050000
b2c7f507-cb06-4556-b6d4-9ced97729d3b,SPY   260515P00719000,2026-05-07T17:00:00Z,2.150000,2.410000,2.090000,2.390000
b2c7f507-cb06-4556-b6d4-9ced97729d3b,SPY   260515P00719000,2026-05-07T18:00:00Z,1.950000,2.380000,1.810000,2.060000
b2c7f507-cb06-4556-b6d4-9ced97729d3b,SPY   260515P00719000,2026-05-07T19:00:00Z,2.060000,2.320000,1.850000,2.020000
b2c7f507-cb06-4556-b6d4-9ced97729d3b,SPY   260515P00719000,2026-05-08T14:00:00Z,1.280000,1.350000,1.160000,1.280000
b2c7f507-cb06-4556-b6d4-9ced97729d3b,SPY   260515P00719000,2026-05-08T15:00:00Z,1.180000,1.190000,1.180000,1.190000
b2c7f507-cb06-4556-b6d4-9ced97729d3b,SPY   260515P00719000,2026-05-08T16:00:00Z,1.190000,1.190000,1.070000,1.130000
b2c7f507-cb06-4556-b6d4-9ced97729d3b,SPY   260515P00719000,2026-05-08T17:00:00Z,1.150000,1.200000,1.070000,1.160000
b2c7f507-cb06-4556-b6d4-9ced97729d3b,SPY   260515P00719000,2026-05-08T18:00:00Z,1.090000,1.110000,1.090000,1.100000
b2c7f507-cb06-4556-b6d4-9ced97729d3b,SPY   260515P00719000,2026-05-08T19:00:00Z,1.130000,1.130000,0.860000,0.870000
b2c7f507-cb06-4556-b6d4-9ced97729d3b,SPY   260515P00719000,2026-05-11T14:00:00Z,0.670000,0.740000,0.570000,0.590000
b2c7f507-cb06-4556-b6d4-9ced97729d3b,SPY   260515P00719000,2026-05-11T15:00:00Z,0.620000,0.620000,0.610000,0.610000
b2c7f507-cb06-4556-b6d4-9ced97729d3b,SPY   260515P00719000,2026-05-11T16:00:00Z,0.550000,0.650000,0.540000,0.630000
b2c7f507-cb06-4556-b6d4-9ced97729d3b,SPY   260515P00719000,2026-05-11T17:00:00Z,0.620000,0.650000,0.560000,0.580000
b2c7f507-cb06-4556-b6d4-9ced97729d3b,SPY   260515P00719000,2026-05-11T18:00:00Z,0.580000,0.650000,0.560000,0.640000
b2c7f507-cb06-4556-b6d4-9ced97729d3b,SPY   260515P00719000,2026-05-11T19:00:00Z,0.640000,0.730000,0.610000,0.650000
b2c7f507-cb06-4556-b6d4-9ced97729d3b,SPY   260515P00719000,2026-05-12T14:00:00Z,0.850000,0.920000,0.680000,0.850000
b2c7f507-cb06-4556-b6d4-9ced97729d3b,SPY   260515P00719000,2026-05-12T15:00:00Z,0.920000,0.920000,0.910000,0.920000
b2c7f507-cb06-4556-b6d4-9ced97729d3b,SPY   260515P00719000,2026-05-12T16:00:00Z,0.960000,1.010000,0.800000,0.950000
b2c7f507-cb06-4556-b6d4-9ced97729d3b,SPY   260515P00719000,2026-05-12T17:00:00Z,0.930000,0.960000,0.580000,0.590000
b2c7f507-cb06-4556-b6d4-9ced97729d3b,SPY   260515P00719000,2026-05-12T18:00:00Z,0.570000,0.590000,0.480000,0.510000
b2c7f507-cb06-4556-b6d4-9ced97729d3b,SPY   260515P00719000,2026-05-12T19:00:00Z,0.490000,0.490000,0.360000,0.400000
b2c7f507-cb06-4556-b6d4-9ced97729d3b,SPY   260515P00719000,2026-05-13T14:00:00Z,0.340000,0.360000,0.250000,0.260000
b2c7f507-cb06-4556-b6d4-9ced97729d3b,SPY   260515P00719000,2026-05-13T15:00:00Z,0.260000,0.280000,0.240000,0.260000
b2c7f507-cb06-4556-b6d4-9ced97729d3b,SPY   260515P00719000,2026-05-13T16:00:00Z,0.260000,0.270000,0.210000,0.210000
b2c7f507-cb06-4556-b6d4-9ced97729d3b,SPY   260515P00719000,2026-05-13T17:00:00Z,0.210000,0.210000,0.190000,0.200000
b2c7f507-cb06-4556-b6d4-9ced97729d3b,SPY   260515P00719000,2026-05-13T18:00:00Z,0.200000,0.200000,0.180000,0.190000
b2c7f507-cb06-4556-b6d4-9ced97729d3b,SPY   260515P00719000,2026-05-13T19:00:00Z,0.190000,0.190000,0.150000,0.160000
b2c7f507-cb06-4556-b6d4-9ced97729d3b,SPY   260515P00719000,2026-05-14T14:00:00Z,0.080000,0.080000,0.080000,0.080000
b2c7f507-cb06-4556-b6d4-9ced97729d3b,SPY   260515P00719000,2026-05-14T15:00:00Z,0.080000,0.080000,0.080000,0.080000
b2c7f507-cb06-4556-b6d4-9ced97729d3b,SPY   260515P00719000,2026-05-14T16:00:00Z,0.080000,0.080000,0.070000,0.080000
b2c7f507-cb06-4556-b6d4-9ced97729d3b,SPY   260515P00719000,2026-05-14T17:00:00Z,0.050000,0.050000,0.050000,0.050000
b2c7f507-cb06-4556-b6d4-9ced97729d3b,SPY   260515P00719000,2026-05-14T18:00:00Z,0.050000,0.060000,0.050000,0.050000
b2c7f507-cb06-4556-b6d4-9ced97729d3b,SPY   260515P00719000,2026-05-14T19:00:00Z,0.050000,0.050000,0.040000,0.040000
b2c7f507-cb06-4556-b6d4-9ced97729d3b,SPY   260515P00719000,2026-05-15T14:00:00Z,0.020000,0.020000,0.020000,0.020000
b2c7f507-cb06-4556-b6d4-9ced97729d3b,SPY   260515P00719000,2026-05-15T15:00:00Z,0.020000,0.020000,0.020000,0.020000
b2c7f507-cb06-4556-b6d4-9ced97729d3b,SPY   260515P00719000,2026-05-15T16:00:00Z,0.020000,0.020000,0.020000,0.020000
b2c7f507-cb06-4556-b6d4-9ced97729d3b,SPY   260515P00719000,2026-05-15T17:00:00Z,0.020000,0.020000,0.020000,0.020000
b2c7f507-cb06-4556-b6d4-9ced97729d3b,SPY   260515P00719000,2026-05-15T18:00:00Z,0.020000,0.020000,0.010000,0.010000
b2c7f507-cb06-4556-b6d4-9ced97729d3b,SPY   260515P00719000,2026-05-15T19:00:00Z,0.010000,0.010000,0.010000,0.010000
b379bbe1-c681-459e-8914-ee660c61a59e,SPY   260501C00725000,2026-04-21T14:00:00Z,2.460000,2.460000,2.180000,2.200000
b379bbe1-c681-459e-8914-ee660c61a59e,SPY   260501C00725000,2026-04-21T15:00:00Z,1.690000,1.730000,1.400000,1.520000
b379bbe1-c681-459e-8914-ee660c61a59e,SPY   260501C00725000,2026-04-21T16:00:00Z,1.530000,1.700000,1.370000,1.370000
b379bbe1-c681-459e-8914-ee660c61a59e,SPY   260501C00725000,2026-04-21T17:00:00Z,1.370000,1.440000,1.160000,1.170000
b379bbe1-c681-459e-8914-ee660c61a59e,SPY   260501C00725000,2026-04-21T18:00:00Z,1.360000,1.440000,1.190000,1.260000
b379bbe1-c681-459e-8914-ee660c61a59e,SPY   260501C00725000,2026-04-21T19:00:00Z,1.340000,1.550000,1.080000,1.090000
b379bbe1-c681-459e-8914-ee660c61a59e,SPY   260501C00725000,2026-04-22T14:00:00Z,1.360000,1.640000,1.280000,1.470000
b379bbe1-c681-459e-8914-ee660c61a59e,SPY   260501C00725000,2026-04-22T15:00:00Z,1.470000,1.550000,1.370000,1.390000
b379bbe1-c681-459e-8914-ee660c61a59e,SPY   260501C00725000,2026-04-22T16:00:00Z,1.430000,1.450000,1.230000,1.250000
b379bbe1-c681-459e-8914-ee660c61a59e,SPY   260501C00725000,2026-04-22T17:00:00Z,1.250000,1.530000,1.250000,1.410000
b379bbe1-c681-459e-8914-ee660c61a59e,SPY   260501C00725000,2026-04-22T18:00:00Z,1.410000,1.430000,1.210000,1.230000
b379bbe1-c681-459e-8914-ee660c61a59e,SPY   260501C00725000,2026-04-22T19:00:00Z,1.230000,1.530000,1.180000,1.480000
b379bbe1-c681-459e-8914-ee660c61a59e,SPY   260501C00725000,2026-04-23T14:00:00Z,1.330000,1.550000,1.200000,1.500000
b379bbe1-c681-459e-8914-ee660c61a59e,SPY   260501C00725000,2026-04-23T15:00:00Z,1.500000,1.610000,1.380000,1.430000
b379bbe1-c681-459e-8914-ee660c61a59e,SPY   260501C00725000,2026-04-23T16:00:00Z,1.420000,1.440000,1.260000,1.310000
b379bbe1-c681-459e-8914-ee660c61a59e,SPY   260501C00725000,2026-04-23T17:00:00Z,1.310000,1.330000,0.620000,0.750000
b379bbe1-c681-459e-8914-ee660c61a59e,SPY   260501C00725000,2026-04-23T18:00:00Z,0.800000,1.080000,0.770000,0.840000
b379bbe1-c681-459e-8914-ee660c61a59e,SPY   260501C00725000,2026-04-23T19:00:00Z,0.820000,0.990000,0.810000,0.920000
b379bbe1-c681-459e-8914-ee660c61a59e,SPY   260501C00725000,2026-04-24T14:00:00Z,0.890000,1.050000,0.750000,1.040000
b379bbe1-c681-459e-8914-ee660c61a59e,SPY   260501C00725000,2026-04-24T15:00:00Z,1.130000,1.650000,1.060000,1.610000
b379bbe1-c681-459e-8914-ee660c61a59e,SPY   260501C00725000,2026-04-24T16:00:00Z,1.630000,1.690000,1.430000,1.590000
b379bbe1-c681-459e-8914-ee660c61a59e,SPY   260501C00725000,2026-04-24T17:00:00Z,1.590000,1.760000,1.370000,1.590000
b379bbe1-c681-459e-8914-ee660c61a59e,SPY   260501C00725000,2026-04-24T18:00:00Z,1.540000,1.550000,1.340000,1.410000
b379bbe1-c681-459e-8914-ee660c61a59e,SPY   260501C00725000,2026-04-24T19:00:00Z,1.410000,1.680000,1.410000,1.520000
b379bbe1-c681-459e-8914-ee660c61a59e,SPY   260501C00725000,2026-04-27T14:00:00Z,1.190000,1.230000,0.990000,1.030000
b379bbe1-c681-459e-8914-ee660c61a59e,SPY   260501C00725000,2026-04-27T15:00:00Z,1.040000,1.050000,0.850000,0.960000
b379bbe1-c681-459e-8914-ee660c61a59e,SPY   260501C00725000,2026-04-27T16:00:00Z,0.970000,1.120000,0.930000,1.090000
b379bbe1-c681-459e-8914-ee660c61a59e,SPY   260501C00725000,2026-04-27T17:00:00Z,1.170000,1.340000,1.170000,1.330000
b379bbe1-c681-459e-8914-ee660c61a59e,SPY   260501C00725000,2026-04-27T18:00:00Z,1.240000,1.320000,1.160000,1.160000
b379bbe1-c681-459e-8914-ee660c61a59e,SPY   260501C00725000,2026-04-27T19:00:00Z,1.160000,1.260000,1.140000,1.240000
b379bbe1-c681-459e-8914-ee660c61a59e,SPY   260501C00725000,2026-04-28T14:00:00Z,0.620000,0.680000,0.420000,0.490000
b379bbe1-c681-459e-8914-ee660c61a59e,SPY   260501C00725000,2026-04-28T15:00:00Z,0.410000,0.420000,0.400000,0.400000
b379bbe1-c681-459e-8914-ee660c61a59e,SPY   260501C00725000,2026-04-28T16:00:00Z,0.410000,0.440000,0.350000,0.380000
b379bbe1-c681-459e-8914-ee660c61a59e,SPY   260501C00725000,2026-04-28T17:00:00Z,0.380000,0.380000,0.320000,0.380000
b379bbe1-c681-459e-8914-ee660c61a59e,SPY   260501C00725000,2026-04-28T18:00:00Z,0.380000,0.410000,0.360000,0.380000
b379bbe1-c681-459e-8914-ee660c61a59e,SPY   260501C00725000,2026-04-28T19:00:00Z,0.380000,0.400000,0.330000,0.370000
b379bbe1-c681-459e-8914-ee660c61a59e,SPY   260501C00725000,2026-04-29T14:00:00Z,0.300000,0.440000,0.280000,0.380000
b379bbe1-c681-459e-8914-ee660c61a59e,SPY   260501C00725000,2026-04-29T15:00:00Z,0.380000,0.380000,0.250000,0.270000
b379bbe1-c681-459e-8914-ee660c61a59e,SPY   260501C00725000,2026-04-29T16:00:00Z,0.270000,0.320000,0.260000,0.270000
b379bbe1-c681-459e-8914-ee660c61a59e,SPY   260501C00725000,2026-04-29T17:00:00Z,0.270000,0.320000,0.260000,0.320000
b379bbe1-c681-459e-8914-ee660c61a59e,SPY   260501C00725000,2026-04-29T18:00:00Z,0.330000,0.330000,0.190000,0.200000
b379bbe1-c681-459e-8914-ee660c61a59e,SPY   260501C00725000,2026-04-29T19:00:00Z,0.200000,0.270000,0.170000,0.230000
b379bbe1-c681-459e-8914-ee660c61a59e,SPY   260501C00725000,2026-04-30T14:00:00Z,0.060000,0.070000,0.050000,0.070000
b379bbe1-c681-459e-8914-ee660c61a59e,SPY   260501C00725000,2026-04-30T15:00:00Z,0.070000,0.080000,0.070000,0.080000
b379bbe1-c681-459e-8914-ee660c61a59e,SPY   260501C00725000,2026-04-30T16:00:00Z,0.070000,0.090000,0.060000,0.070000
b379bbe1-c681-459e-8914-ee660c61a59e,SPY   260501C00725000,2026-04-30T17:00:00Z,0.110000,0.120000,0.110000,0.120000
b379bbe1-c681-459e-8914-ee660c61a59e,SPY   260501C00725000,2026-04-30T18:00:00Z,0.210000,0.220000,0.210000,0.220000
b379bbe1-c681-459e-8914-ee660c61a59e,SPY   260501C00725000,2026-04-30T19:00:00Z,0.200000,0.300000,0.190000,0.240000
b379bbe1-c681-459e-8914-ee660c61a59e,SPY   260501C00725000,2026-05-01T14:00:00Z,0.730000,0.960000,0.290000,0.290000
b379bbe1-c681-459e-8914-ee660c61a59e,SPY   260501C00725000,2026-05-01T15:00:00Z,0.480000,0.550000,0.470000,0.540000
b379bbe1-c681-459e-8914-ee660c61a59e,SPY   260501C00725000,2026-05-01T16:00:00Z,0.120000,0.120000,0.110000,0.110000
b379bbe1-c681-459e-8914-ee660c61a59e,SPY   260501C00725000,2026-05-01T17:00:00Z,0.080000,0.140000,0.080000,0.100000
b379bbe1-c681-459e-8914-ee660c61a59e,SPY   260501C00725000,2026-05-01T18:00:00Z,0.060000,0.060000,0.060000,0.060000
b379bbe1-c681-459e-8914-ee660c61a59e,SPY   260501C00725000,2026-05-01T19:00:00Z,0.030000,0.040000,0.010000,0.010000
b4d69d7f-358f-48f7-adfc-a114278622b5,SPY   260424C00729000,2026-04-20T14:00:00Z,0.160000,0.160000,0.100000,0.110000
b4d69d7f-358f-48f7-adfc-a114278622b5,SPY   260424C00729000,2026-04-20T15:00:00Z,0.110000,0.140000,0.110000,0.130000
b4d69d7f-358f-48f7-adfc-a114278622b5,SPY   260424C00729000,2026-04-20T16:00:00Z,0.110000,0.120000,0.090000,0.090000
b4d69d7f-358f-48f7-adfc-a114278622b5,SPY   260424C00729000,2026-04-20T17:00:00Z,0.090000,0.100000,0.090000,0.090000
b4d69d7f-358f-48f7-adfc-a114278622b5,SPY   260424C00729000,2026-04-20T18:00:00Z,0.090000,0.100000,0.090000,0.090000
b4d69d7f-358f-48f7-adfc-a114278622b5,SPY   260424C00729000,2026-04-20T19:00:00Z,0.090000,0.090000,0.070000,0.070000
b4d69d7f-358f-48f7-adfc-a114278622b5,SPY   260424C00729000,2026-04-21T14:00:00Z,0.150000,0.150000,0.110000,0.110000
b4d69d7f-358f-48f7-adfc-a114278622b5,SPY   260424C00729000,2026-04-21T15:00:00Z,0.080000,0.080000,0.060000,0.080000
b4d69d7f-358f-48f7-adfc-a114278622b5,SPY   260424C00729000,2026-04-21T16:00:00Z,0.080000,0.080000,0.080000,0.080000
b4d69d7f-358f-48f7-adfc-a114278622b5,SPY   260424C00729000,2026-04-21T17:00:00Z,0.070000,0.090000,0.060000,0.080000
b4d69d7f-358f-48f7-adfc-a114278622b5,SPY   260424C00729000,2026-04-21T18:00:00Z,0.070000,0.070000,0.060000,0.060000
b4d69d7f-358f-48f7-adfc-a114278622b5,SPY   260424C00729000,2026-04-21T19:00:00Z,0.050000,0.060000,0.050000,0.060000
b4d69d7f-358f-48f7-adfc-a114278622b5,SPY   260424C00729000,2026-04-22T14:00:00Z,0.030000,0.040000,0.030000,0.030000
b4d69d7f-358f-48f7-adfc-a114278622b5,SPY   260424C00729000,2026-04-22T15:00:00Z,0.030000,0.030000,0.030000,0.030000
b4d69d7f-358f-48f7-adfc-a114278622b5,SPY   260424C00729000,2026-04-22T16:00:00Z,0.030000,0.030000,0.030000,0.030000
b4d69d7f-358f-48f7-adfc-a114278622b5,SPY   260424C00729000,2026-04-22T17:00:00Z,0.030000,0.030000,0.030000,0.030000
b4d69d7f-358f-48f7-adfc-a114278622b5,SPY   260424C00729000,2026-04-22T18:00:00Z,0.030000,0.030000,0.020000,0.020000
b4d69d7f-358f-48f7-adfc-a114278622b5,SPY   260424C00729000,2026-04-22T19:00:00Z,0.020000,0.020000,0.020000,0.020000
b4d69d7f-358f-48f7-adfc-a114278622b5,SPY   260424C00729000,2026-04-23T14:00:00Z,0.020000,0.020000,0.020000,0.020000
b4d69d7f-358f-48f7-adfc-a114278622b5,SPY   260424C00729000,2026-04-23T15:00:00Z,0.020000,0.020000,0.020000,0.020000
b4d69d7f-358f-48f7-adfc-a114278622b5,SPY   260424C00729000,2026-04-23T16:00:00Z,0.020000,0.020000,0.020000,0.020000
b4d69d7f-358f-48f7-adfc-a114278622b5,SPY   260424C00729000,2026-04-23T17:00:00Z,0.020000,0.020000,0.010000,0.010000
b4d69d7f-358f-48f7-adfc-a114278622b5,SPY   260424C00729000,2026-04-23T18:00:00Z,0.010000,0.010000,0.010000,0.010000
b4d69d7f-358f-48f7-adfc-a114278622b5,SPY   260424C00729000,2026-04-23T19:00:00Z,0.010000,0.020000,0.010000,0.020000
b4d69d7f-358f-48f7-adfc-a114278622b5,SPY   260424C00729000,2026-04-24T14:00:00Z,0.010000,0.010000,0.010000,0.010000
b4d69d7f-358f-48f7-adfc-a114278622b5,SPY   260424C00729000,2026-04-24T15:00:00Z,0.010000,0.030000,0.010000,0.010000
b4d69d7f-358f-48f7-adfc-a114278622b5,SPY   260424C00729000,2026-04-24T16:00:00Z,0.010000,0.010000,0.010000,0.010000
b4d69d7f-358f-48f7-adfc-a114278622b5,SPY   260424C00729000,2026-04-24T17:00:00Z,0.010000,0.010000,0.010000,0.010000
b4d69d7f-358f-48f7-adfc-a114278622b5,SPY   260424C00729000,2026-04-24T18:00:00Z,0.010000,0.010000,0.010000,0.010000
b4d69d7f-358f-48f7-adfc-a114278622b5,SPY   260424C00729000,2026-04-24T19:00:00Z,0.010000,0.010000,0.010000,0.010000
b58885da-4e33-4a4c-8fff-0e0c57fc5dd3,SPY   260109C00693000,2025-12-30T15:00:00Z,2.590000,2.600000,2.110000,2.360000
b58885da-4e33-4a4c-8fff-0e0c57fc5dd3,SPY   260109C00693000,2025-12-30T16:00:00Z,2.400000,2.670000,2.290000,2.310000
b58885da-4e33-4a4c-8fff-0e0c57fc5dd3,SPY   260109C00693000,2025-12-30T17:00:00Z,2.190000,2.340000,2.120000,2.320000
b58885da-4e33-4a4c-8fff-0e0c57fc5dd3,SPY   260109C00693000,2025-12-30T18:00:00Z,2.320000,2.450000,2.210000,2.410000
b58885da-4e33-4a4c-8fff-0e0c57fc5dd3,SPY   260109C00693000,2025-12-30T19:00:00Z,2.350000,2.350000,2.330000,2.340000
b58885da-4e33-4a4c-8fff-0e0c57fc5dd3,SPY   260109C00693000,2025-12-30T20:00:00Z,2.270000,2.270000,2.260000,2.260000
b58885da-4e33-4a4c-8fff-0e0c57fc5dd3,SPY   260109C00693000,2025-12-31T15:00:00Z,1.720000,1.740000,1.320000,1.340000
b58885da-4e33-4a4c-8fff-0e0c57fc5dd3,SPY   260109C00693000,2025-12-31T16:00:00Z,1.340000,1.370000,1.340000,1.350000
b58885da-4e33-4a4c-8fff-0e0c57fc5dd3,SPY   260109C00693000,2025-12-31T17:00:00Z,1.450000,1.460000,1.300000,1.330000
b58885da-4e33-4a4c-8fff-0e0c57fc5dd3,SPY   260109C00693000,2025-12-31T18:00:00Z,1.330000,1.580000,1.320000,1.510000
b58885da-4e33-4a4c-8fff-0e0c57fc5dd3,SPY   260109C00693000,2025-12-31T19:00:00Z,1.530000,1.570000,1.130000,1.140000
b58885da-4e33-4a4c-8fff-0e0c57fc5dd3,SPY   260109C00693000,2025-12-31T20:00:00Z,1.130000,1.140000,0.890000,0.890000
b58885da-4e33-4a4c-8fff-0e0c57fc5dd3,SPY   260109C00693000,2026-01-02T15:00:00Z,1.280000,1.440000,0.550000,0.580000
b58885da-4e33-4a4c-8fff-0e0c57fc5dd3,SPY   260109C00693000,2026-01-02T16:00:00Z,0.580000,0.650000,0.430000,0.470000
b58885da-4e33-4a4c-8fff-0e0c57fc5dd3,SPY   260109C00693000,2026-01-02T17:00:00Z,0.470000,0.580000,0.400000,0.420000
b58885da-4e33-4a4c-8fff-0e0c57fc5dd3,SPY   260109C00693000,2026-01-02T18:00:00Z,0.400000,0.450000,0.320000,0.330000
b58885da-4e33-4a4c-8fff-0e0c57fc5dd3,SPY   260109C00693000,2026-01-02T19:00:00Z,0.520000,0.530000,0.480000,0.500000
b58885da-4e33-4a4c-8fff-0e0c57fc5dd3,SPY   260109C00693000,2026-01-02T20:00:00Z,0.580000,0.660000,0.490000,0.500000
b58885da-4e33-4a4c-8fff-0e0c57fc5dd3,SPY   260109C00693000,2026-01-05T15:00:00Z,1.340000,1.360000,1.340000,1.360000
b58885da-4e33-4a4c-8fff-0e0c57fc5dd3,SPY   260109C00693000,2026-01-05T16:00:00Z,1.570000,1.760000,1.490000,1.580000
b58885da-4e33-4a4c-8fff-0e0c57fc5dd3,SPY   260109C00693000,2026-01-05T17:00:00Z,1.590000,1.650000,1.360000,1.440000
b58885da-4e33-4a4c-8fff-0e0c57fc5dd3,SPY   260109C00693000,2026-01-05T18:00:00Z,1.430000,1.480000,1.180000,1.380000
b58885da-4e33-4a4c-8fff-0e0c57fc5dd3,SPY   260109C00693000,2026-01-05T19:00:00Z,1.380000,1.430000,1.060000,1.110000
b58885da-4e33-4a4c-8fff-0e0c57fc5dd3,SPY   260109C00693000,2026-01-05T20:00:00Z,1.110000,1.300000,1.090000,1.160000
b58885da-4e33-4a4c-8fff-0e0c57fc5dd3,SPY   260109C00693000,2026-01-06T15:00:00Z,1.600000,1.920000,1.350000,1.410000
b58885da-4e33-4a4c-8fff-0e0c57fc5dd3,SPY   260109C00693000,2026-01-06T16:00:00Z,1.340000,1.420000,1.300000,1.400000
b58885da-4e33-4a4c-8fff-0e0c57fc5dd3,SPY   260109C00693000,2026-01-06T17:00:00Z,1.450000,2.050000,1.360000,1.990000
b58885da-4e33-4a4c-8fff-0e0c57fc5dd3,SPY   260109C00693000,2026-01-06T18:00:00Z,2.000000,2.320000,1.810000,2.320000
b58885da-4e33-4a4c-8fff-0e0c57fc5dd3,SPY   260109C00693000,2026-01-06T19:00:00Z,2.320000,2.580000,2.310000,2.410000
b58885da-4e33-4a4c-8fff-0e0c57fc5dd3,SPY   260109C00693000,2026-01-06T20:00:00Z,2.410000,2.560000,2.350000,2.390000
b58885da-4e33-4a4c-8fff-0e0c57fc5dd3,SPY   260109C00693000,2026-01-07T15:00:00Z,2.550000,2.560000,1.770000,2.300000
b58885da-4e33-4a4c-8fff-0e0c57fc5dd3,SPY   260109C00693000,2026-01-07T16:00:00Z,2.310000,2.760000,2.060000,2.730000
b58885da-4e33-4a4c-8fff-0e0c57fc5dd3,SPY   260109C00693000,2026-01-07T17:00:00Z,2.740000,3.070000,2.380000,2.470000
b58885da-4e33-4a4c-8fff-0e0c57fc5dd3,SPY   260109C00693000,2026-01-07T18:00:00Z,2.470000,2.470000,2.020000,2.290000
b58885da-4e33-4a4c-8fff-0e0c57fc5dd3,SPY   260109C00693000,2026-01-07T19:00:00Z,2.300000,2.300000,1.720000,1.770000
b58885da-4e33-4a4c-8fff-0e0c57fc5dd3,SPY   260109C00693000,2026-01-07T20:00:00Z,1.760000,1.830000,1.300000,1.350000
b58885da-4e33-4a4c-8fff-0e0c57fc5dd3,SPY   260109C00693000,2026-01-08T15:00:00Z,0.780000,0.800000,0.760000,0.800000
b58885da-4e33-4a4c-8fff-0e0c57fc5dd3,SPY   260109C00693000,2026-01-08T16:00:00Z,0.740000,0.750000,0.740000,0.740000
b58885da-4e33-4a4c-8fff-0e0c57fc5dd3,SPY   260109C00693000,2026-01-08T17:00:00Z,0.950000,1.030000,0.760000,1.010000
b58885da-4e33-4a4c-8fff-0e0c57fc5dd3,SPY   260109C00693000,2026-01-08T18:00:00Z,0.870000,0.960000,0.870000,0.880000
b58885da-4e33-4a4c-8fff-0e0c57fc5dd3,SPY   260109C00693000,2026-01-08T19:00:00Z,0.780000,0.870000,0.660000,0.710000
b58885da-4e33-4a4c-8fff-0e0c57fc5dd3,SPY   260109C00693000,2026-01-08T20:00:00Z,0.700000,0.990000,0.670000,0.830000
b58885da-4e33-4a4c-8fff-0e0c57fc5dd3,SPY   260109C00693000,2026-01-09T15:00:00Z,1.080000,1.330000,0.220000,0.530000
b58885da-4e33-4a4c-8fff-0e0c57fc5dd3,SPY   260109C00693000,2026-01-09T16:00:00Z,1.050000,1.070000,1.050000,1.060000
b58885da-4e33-4a4c-8fff-0e0c57fc5dd3,SPY   260109C00693000,2026-01-09T17:00:00Z,1.340000,1.730000,1.220000,1.310000
b58885da-4e33-4a4c-8fff-0e0c57fc5dd3,SPY   260109C00693000,2026-01-09T18:00:00Z,1.220000,1.230000,1.020000,1.230000
b58885da-4e33-4a4c-8fff-0e0c57fc5dd3,SPY   260109C00693000,2026-01-09T19:00:00Z,1.660000,1.940000,1.490000,1.850000
b58885da-4e33-4a4c-8fff-0e0c57fc5dd3,SPY   260109C00693000,2026-01-09T20:00:00Z,1.910000,2.310000,0.980000,1.070000
b5de04f3-1170-4ce9-b1e7-a25b89d62be3,SPY   260605C00769000,2026-06-01T14:00:00Z,0.320000,0.390000,0.260000,0.290000
b5de04f3-1170-4ce9-b1e7-a25b89d62be3,SPY   260605C00769000,2026-06-01T15:00:00Z,0.290000,0.320000,0.270000,0.300000
b5de04f3-1170-4ce9-b1e7-a25b89d62be3,SPY   260605C00769000,2026-06-01T16:00:00Z,0.330000,0.330000,0.320000,0.330000
b5de04f3-1170-4ce9-b1e7-a25b89d62be3,SPY   260605C00769000,2026-06-01T17:00:00Z,0.410000,0.640000,0.380000,0.610000
b5de04f3-1170-4ce9-b1e7-a25b89d62be3,SPY   260605C00769000,2026-06-01T18:00:00Z,0.630000,0.630000,0.620000,0.630000
b5de04f3-1170-4ce9-b1e7-a25b89d62be3,SPY   260605C00769000,2026-06-01T19:00:00Z,0.540000,0.640000,0.440000,0.450000
b5de04f3-1170-4ce9-b1e7-a25b89d62be3,SPY   260605C00769000,2026-06-02T14:00:00Z,0.420000,0.480000,0.280000,0.480000
b5de04f3-1170-4ce9-b1e7-a25b89d62be3,SPY   260605C00769000,2026-06-02T15:00:00Z,0.480000,0.550000,0.440000,0.520000
b5de04f3-1170-4ce9-b1e7-a25b89d62be3,SPY   260605C00769000,2026-06-02T16:00:00Z,0.470000,0.490000,0.390000,0.450000
b5de04f3-1170-4ce9-b1e7-a25b89d62be3,SPY   260605C00769000,2026-06-02T17:00:00Z,0.450000,0.450000,0.290000,0.290000
b5de04f3-1170-4ce9-b1e7-a25b89d62be3,SPY   260605C00769000,2026-06-02T18:00:00Z,0.300000,0.310000,0.270000,0.270000
b5de04f3-1170-4ce9-b1e7-a25b89d62be3,SPY   260605C00769000,2026-06-02T19:00:00Z,0.270000,0.340000,0.270000,0.330000
b5de04f3-1170-4ce9-b1e7-a25b89d62be3,SPY   260605C00769000,2026-06-03T14:00:00Z,0.110000,0.110000,0.110000,0.110000
b5de04f3-1170-4ce9-b1e7-a25b89d62be3,SPY   260605C00769000,2026-06-03T15:00:00Z,0.090000,0.100000,0.090000,0.090000
b5de04f3-1170-4ce9-b1e7-a25b89d62be3,SPY   260605C00769000,2026-06-03T16:00:00Z,0.070000,0.070000,0.070000,0.070000
b5de04f3-1170-4ce9-b1e7-a25b89d62be3,SPY   260605C00769000,2026-06-03T17:00:00Z,0.070000,0.070000,0.050000,0.060000
b5de04f3-1170-4ce9-b1e7-a25b89d62be3,SPY   260605C00769000,2026-06-03T18:00:00Z,0.060000,0.060000,0.060000,0.060000
b5de04f3-1170-4ce9-b1e7-a25b89d62be3,SPY   260605C00769000,2026-06-03T19:00:00Z,0.050000,0.050000,0.040000,0.040000
b5de04f3-1170-4ce9-b1e7-a25b89d62be3,SPY   260605C00769000,2026-06-04T14:00:00Z,0.020000,0.020000,0.020000,0.020000
b5de04f3-1170-4ce9-b1e7-a25b89d62be3,SPY   260605C00769000,2026-06-04T15:00:00Z,0.020000,0.020000,0.020000,0.020000
b5de04f3-1170-4ce9-b1e7-a25b89d62be3,SPY   260605C00769000,2026-06-04T16:00:00Z,0.020000,0.020000,0.020000,0.020000
b5de04f3-1170-4ce9-b1e7-a25b89d62be3,SPY   260605C00769000,2026-06-04T17:00:00Z,0.020000,0.030000,0.020000,0.030000
b5de04f3-1170-4ce9-b1e7-a25b89d62be3,SPY   260605C00769000,2026-06-04T18:00:00Z,0.030000,0.030000,0.030000,0.030000
b5de04f3-1170-4ce9-b1e7-a25b89d62be3,SPY   260605C00769000,2026-06-04T19:00:00Z,0.030000,0.030000,0.030000,0.030000
b5de04f3-1170-4ce9-b1e7-a25b89d62be3,SPY   260605C00769000,2026-06-05T14:00:00Z,0.020000,0.020000,0.020000,0.020000
b5de04f3-1170-4ce9-b1e7-a25b89d62be3,SPY   260605C00769000,2026-06-05T15:00:00Z,0.020000,0.020000,0.020000,0.020000
b5de04f3-1170-4ce9-b1e7-a25b89d62be3,SPY   260605C00769000,2026-06-05T16:00:00Z,0.020000,0.020000,0.020000,0.020000
b5de04f3-1170-4ce9-b1e7-a25b89d62be3,SPY   260605C00769000,2026-06-05T17:00:00Z,0.020000,0.020000,0.020000,0.020000
b5de04f3-1170-4ce9-b1e7-a25b89d62be3,SPY   260605C00769000,2026-06-05T18:00:00Z,0.010000,0.010000,0.010000,0.010000
b5de04f3-1170-4ce9-b1e7-a25b89d62be3,SPY   260605C00769000,2026-06-05T19:00:00Z,0.010000,0.010000,0.010000,0.010000
b643ec4d-9bf4-441a-b649-c7f528c21b97,SPY   260807C00759000,2026-07-27T14:00:00Z,1.350000,1.400000,0.900000,1.080000
b643ec4d-9bf4-441a-b649-c7f528c21b97,SPY   260807C00759000,2026-07-27T15:00:00Z,1.090000,1.140000,0.830000,0.890000
b643ec4d-9bf4-441a-b649-c7f528c21b97,SPY   260807C00759000,2026-07-27T16:00:00Z,0.890000,1.090000,0.840000,0.860000
b643ec4d-9bf4-441a-b649-c7f528c21b97,SPY   260807C00759000,2026-07-27T17:00:00Z,0.860000,0.900000,0.770000,0.890000
b643ec4d-9bf4-441a-b649-c7f528c21b97,SPY   260807C00759000,2026-07-27T18:00:00Z,0.900000,1.010000,0.810000,1.000000
b643ec4d-9bf4-441a-b649-c7f528c21b97,SPY   260807C00759000,2026-07-27T19:00:00Z,1.000000,1.050000,0.900000,0.930000
b643ec4d-9bf4-441a-b649-c7f528c21b97,SPY   260807C00759000,2026-07-28T14:00:00Z,0.700000,0.860000,0.630000,0.790000
b643ec4d-9bf4-441a-b649-c7f528c21b97,SPY   260807C00759000,2026-07-28T15:00:00Z,0.790000,1.170000,0.750000,1.140000
b643ec4d-9bf4-441a-b649-c7f528c21b97,SPY   260807C00759000,2026-07-28T16:00:00Z,1.140000,1.260000,1.010000,1.220000
b643ec4d-9bf4-441a-b649-c7f528c21b97,SPY   260807C00759000,2026-07-28T17:00:00Z,1.220000,1.250000,0.960000,1.010000
b643ec4d-9bf4-441a-b649-c7f528c21b97,SPY   260807C00759000,2026-07-28T18:00:00Z,1.020000,1.060000,0.930000,1.030000
b643ec4d-9bf4-441a-b649-c7f528c21b97,SPY   260807C00759000,2026-07-28T19:00:00Z,1.030000,1.110000,0.910000,0.920000
b643ec4d-9bf4-441a-b649-c7f528c21b97,SPY   260807C00759000,2026-07-29T14:00:00Z,0.640000,0.700000,0.430000,0.480000
b643ec4d-9bf4-441a-b649-c7f528c21b97,SPY   260807C00759000,2026-07-29T15:00:00Z,0.480000,0.510000,0.400000,0.420000
b643ec4d-9bf4-441a-b649-c7f528c21b97,SPY   260807C00759000,2026-07-29T16:00:00Z,0.420000,0.430000,0.340000,0.410000
b643ec4d-9bf4-441a-b649-c7f528c21b97,SPY   260807C00759000,2026-07-29T17:00:00Z,0.410000,0.560000,0.400000,0.510000
b643ec4d-9bf4-441a-b649-c7f528c21b97,SPY   260807C00759000,2026-07-29T18:00:00Z,0.520000,0.780000,0.010000,0.670000
b643ec4d-9bf4-441a-b649-c7f528c21b97,SPY   260807C00759000,2026-07-29T19:00:00Z,0.670000,0.750000,0.200000,0.210000
b643ec4d-9bf4-441a-b649-c7f528c21b97,SPY   260807C00759000,2026-07-30T14:00:00Z,0.270000,0.320000,0.210000,0.210000
b643ec4d-9bf4-441a-b649-c7f528c21b97,SPY   260807C00759000,2026-07-30T15:00:00Z,0.210000,0.240000,0.180000,0.220000
b643ec4d-9bf4-441a-b649-c7f528c21b97,SPY   260807C00759000,2026-07-30T16:00:00Z,0.220000,0.300000,0.210000,0.290000
b643ec4d-9bf4-441a-b649-c7f528c21b97,SPY   260807C00759000,2026-07-30T17:00:00Z,0.290000,0.360000,0.290000,0.330000
b643ec4d-9bf4-441a-b649-c7f528c21b97,SPY   260807C00759000,2026-07-30T18:00:00Z,0.330000,0.350000,0.300000,0.310000
b643ec4d-9bf4-441a-b649-c7f528c21b97,SPY   260807C00759000,2026-07-30T19:00:00Z,0.310000,0.450000,0.310000,0.360000
b643ec4d-9bf4-441a-b649-c7f528c21b97,SPY   260807C00759000,2026-07-31T14:00:00Z,0.320000,0.350000,0.170000,0.320000
b643ec4d-9bf4-441a-b649-c7f528c21b97,SPY   260807C00759000,2026-07-31T15:00:00Z,0.320000,0.320000,0.180000,0.290000
b643ec4d-9bf4-441a-b649-c7f528c21b97,SPY   260807C00759000,2026-07-31T16:00:00Z,0.290000,0.370000,0.260000,0.340000
b643ec4d-9bf4-441a-b649-c7f528c21b97,SPY   260807C00759000,2026-07-31T17:00:00Z,0.340000,0.500000,0.330000,0.390000
b643ec4d-9bf4-441a-b649-c7f528c21b97,SPY   260807C00759000,2026-07-31T18:00:00Z,0.390000,0.470000,0.370000,0.370000
b643ec4d-9bf4-441a-b649-c7f528c21b97,SPY   260807C00759000,2026-07-31T19:00:00Z,0.370000,0.680000,0.360000,0.400000
b643ec4d-9bf4-441a-b649-c7f528c21b97,SPY   260807C00759000,2026-08-03T14:00:00Z,1.090000,1.870000,1.090000,1.870000
b643ec4d-9bf4-441a-b649-c7f528c21b97,SPY   260807C00759000,2026-08-03T15:00:00Z,1.860000,2.180000,1.680000,2.070000
b643ec4d-9bf4-441a-b649-c7f528c21b97,SPY   260807C00759000,2026-08-03T16:00:00Z,2.080000,2.280000,1.950000,2.100000
b643ec4d-9bf4-441a-b649-c7f528c21b97,SPY   260807C00759000,2026-08-03T17:00:00Z,2.110000,3.030000,2.000000,2.960000
b643ec4d-9bf4-441a-b649-c7f528c21b97,SPY   260807C00759000,2026-08-03T18:00:00Z,2.960000,3.370000,2.800000,3.060000
b643ec4d-9bf4-441a-b649-c7f528c21b97,SPY   260807C00759000,2026-08-03T19:00:00Z,3.070000,3.420000,2.810000,2.920000
b643ec4d-9bf4-441a-b649-c7f528c21b97,SPY   260807C00759000,2026-08-04T14:00:00Z,6.550000,8.680000,6.370000,8.680000
b643ec4d-9bf4-441a-b649-c7f528c21b97,SPY   260807C00759000,2026-08-04T15:00:00Z,8.680000,11.060000,8.680000,10.680000
b643ec4d-9bf4-441a-b649-c7f528c21b97,SPY   260807C00759000,2026-08-04T16:00:00Z,10.680000,12.310000,10.470000,12.270000
b643ec4d-9bf4-441a-b649-c7f528c21b97,SPY   260807C00759000,2026-08-04T17:00:00Z,12.280000,14.970000,12.240000,13.760000
b643ec4d-9bf4-441a-b649-c7f528c21b97,SPY   260807C00759000,2026-08-04T18:00:00Z,13.740000,14.610000,13.260000,13.970000
b643ec4d-9bf4-441a-b649-c7f528c21b97,SPY   260807C00759000,2026-08-04T19:00:00Z,14.000000,15.200000,13.320000,13.710000
b643ec4d-9bf4-441a-b649-c7f528c21b97,SPY   260807C00759000,2026-08-05T14:00:00Z,17.840000,18.130000,14.790000,15.150000
b643ec4d-9bf4-441a-b649-c7f528c21b97,SPY   260807C00759000,2026-08-05T15:00:00Z,15.150000,15.350000,12.980000,12.980000
b643ec4d-9bf4-441a-b649-c7f528c21b97,SPY   260807C00759000,2026-08-05T16:00:00Z,12.980000,13.690000,12.520000,13.660000
b643ec4d-9bf4-441a-b649-c7f528c21b97,SPY   260807C00759000,2026-08-05T17:00:00Z,13.660000,13.720000,13.290000,13.530000
b643ec4d-9bf4-441a-b649-c7f528c21b97,SPY   260807C00759000,2026-08-05T18:00:00Z,13.540000,13.870000,13.300000,13.370000
b643ec4d-9bf4-441a-b649-c7f528c21b97,SPY   260807C00759000,2026-08-05T19:00:00Z,13.370000,13.880000,11.960000,11.980000
b643ec4d-9bf4-441a-b649-c7f528c21b97,SPY   260807C00759000,2026-08-06T14:00:00Z,12.250000,13.000000,11.240000,12.190000
b643ec4d-9bf4-441a-b649-c7f528c21b97,SPY   260807C00759000,2026-08-06T15:00:00Z,12.190000,12.330000,9.650000,9.810000
b643ec4d-9bf4-441a-b649-c7f528c21b97,SPY   260807C00759000,2026-08-06T16:00:00Z,9.830000,10.530000,9.240000,10.530000
b643ec4d-9bf4-441a-b649-c7f528c21b97,SPY   260807C00759000,2026-08-06T17:00:00Z,10.540000,10.600000,9.630000,10.030000
b643ec4d-9bf4-441a-b649-c7f528c21b97,SPY   260807C00759000,2026-08-06T18:00:00Z,10.060000,10.950000,10.060000,10.420000
b643ec4d-9bf4-441a-b649-c7f528c21b97,SPY   260807C00759000,2026-08-06T19:00:00Z,10.420000,11.100000,9.400000,9.490000
b643ec4d-9bf4-441a-b649-c7f528c21b97,SPY   260807C00759000,2026-08-07T14:00:00Z,11.910000,14.290000,10.880000,13.930000
b643ec4d-9bf4-441a-b649-c7f528c21b97,SPY   260807C00759000,2026-08-07T15:00:00Z,13.950000,14.890000,13.450000,14.020000
b643ec4d-9bf4-441a-b649-c7f528c21b97,SPY   260807C00759000,2026-08-07T16:00:00Z,14.020000,14.320000,12.180000,13.070000
b643ec4d-9bf4-441a-b649-c7f528c21b97,SPY   260807C00759000,2026-08-07T17:00:00Z,13.060000,13.400000,12.840000,13.260000
b643ec4d-9bf4-441a-b649-c7f528c21b97,SPY   260807C00759000,2026-08-07T18:00:00Z,13.260000,13.260000,11.990000,12.970000
b643ec4d-9bf4-441a-b649-c7f528c21b97,SPY   260807C00759000,2026-08-07T19:00:00Z,12.710000,14.680000,12.710000,14.210000
b68a250d-6d33-43ef-86a8-b9b9612953a6,SPY   251212C00702000,2025-12-02T15:00:00Z,0.490000,0.550000,0.420000,0.540000
b68a250d-6d33-43ef-86a8-b9b9612953a6,SPY   251212C00702000,2025-12-02T16:00:00Z,0.540000,0.560000,0.370000,0.400000
b68a250d-6d33-43ef-86a8-b9b9612953a6,SPY   251212C00702000,2025-12-02T17:00:00Z,0.400000,0.470000,0.370000,0.460000
b68a250d-6d33-43ef-86a8-b9b9612953a6,SPY   251212C00702000,2025-12-02T18:00:00Z,0.360000,0.410000,0.350000,0.360000
b68a250d-6d33-43ef-86a8-b9b9612953a6,SPY   251212C00702000,2025-12-02T19:00:00Z,0.360000,0.420000,0.340000,0.400000
b68a250d-6d33-43ef-86a8-b9b9612953a6,SPY   251212C00702000,2025-12-02T20:00:00Z,0.350000,0.350000,0.350000,0.350000
b68a250d-6d33-43ef-86a8-b9b9612953a6,SPY   251212C00702000,2025-12-03T15:00:00Z,0.300000,0.350000,0.270000,0.310000
b68a250d-6d33-43ef-86a8-b9b9612953a6,SPY   251212C00702000,2025-12-03T16:00:00Z,0.310000,0.340000,0.300000,0.320000
b68a250d-6d33-43ef-86a8-b9b9612953a6,SPY   251212C00702000,2025-12-03T17:00:00Z,0.310000,0.380000,0.300000,0.370000
b68a250d-6d33-43ef-86a8-b9b9612953a6,SPY   251212C00702000,2025-12-03T18:00:00Z,0.400000,0.400000,0.400000,0.400000
b68a250d-6d33-43ef-86a8-b9b9612953a6,SPY   251212C00702000,2025-12-03T19:00:00Z,0.370000,0.400000,0.360000,0.360000
b68a250d-6d33-43ef-86a8-b9b9612953a6,SPY   251212C00702000,2025-12-03T20:00:00Z,0.360000,0.390000,0.350000,0.360000
b68a250d-6d33-43ef-86a8-b9b9612953a6,SPY   251212C00702000,2025-12-04T15:00:00Z,0.300000,0.330000,0.260000,0.320000
b68a250d-6d33-43ef-86a8-b9b9612953a6,SPY   251212C00702000,2025-12-04T16:00:00Z,0.280000,0.280000,0.270000,0.280000
b68a250d-6d33-43ef-86a8-b9b9612953a6,SPY   251212C00702000,2025-12-04T17:00:00Z,0.300000,0.310000,0.270000,0.290000
b68a250d-6d33-43ef-86a8-b9b9612953a6,SPY   251212C00702000,2025-12-04T18:00:00Z,0.290000,0.290000,0.260000,0.270000
b68a250d-6d33-43ef-86a8-b9b9612953a6,SPY   251212C00702000,2025-12-04T19:00:00Z,0.270000,0.270000,0.190000,0.200000
b68a250d-6d33-43ef-86a8-b9b9612953a6,SPY   251212C00702000,2025-12-04T20:00:00Z,0.200000,0.200000,0.200000,0.200000
b68a250d-6d33-43ef-86a8-b9b9612953a6,SPY   251212C00702000,2025-12-05T15:00:00Z,0.330000,0.330000,0.330000,0.330000
b68a250d-6d33-43ef-86a8-b9b9612953a6,SPY   251212C00702000,2025-12-05T16:00:00Z,0.340000,0.360000,0.270000,0.300000
b68a250d-6d33-43ef-86a8-b9b9612953a6,SPY   251212C00702000,2025-12-05T17:00:00Z,0.300000,0.310000,0.240000,0.280000
b68a250d-6d33-43ef-86a8-b9b9612953a6,SPY   251212C00702000,2025-12-05T18:00:00Z,0.290000,0.300000,0.240000,0.250000
b68a250d-6d33-43ef-86a8-b9b9612953a6,SPY   251212C00702000,2025-12-05T19:00:00Z,0.250000,0.250000,0.210000,0.220000
b68a250d-6d33-43ef-86a8-b9b9612953a6,SPY   251212C00702000,2025-12-05T20:00:00Z,0.220000,0.220000,0.140000,0.140000
b68a250d-6d33-43ef-86a8-b9b9612953a6,SPY   251212C00702000,2025-12-08T15:00:00Z,0.170000,0.180000,0.120000,0.120000
b68a250d-6d33-43ef-86a8-b9b9612953a6,SPY   251212C00702000,2025-12-08T16:00:00Z,0.120000,0.120000,0.120000,0.120000
b68a250d-6d33-43ef-86a8-b9b9612953a6,SPY   251212C00702000,2025-12-08T17:00:00Z,0.110000,0.130000,0.110000,0.130000
b68a250d-6d33-43ef-86a8-b9b9612953a6,SPY   251212C00702000,2025-12-08T18:00:00Z,0.130000,0.130000,0.130000,0.130000
b68a250d-6d33-43ef-86a8-b9b9612953a6,SPY   251212C00702000,2025-12-08T19:00:00Z,0.080000,0.080000,0.070000,0.070000
b68a250d-6d33-43ef-86a8-b9b9612953a6,SPY   251212C00702000,2025-12-08T20:00:00Z,0.070000,0.080000,0.070000,0.080000
b68a250d-6d33-43ef-86a8-b9b9612953a6,SPY   251212C00702000,2025-12-09T15:00:00Z,0.100000,0.100000,0.080000,0.080000
b68a250d-6d33-43ef-86a8-b9b9612953a6,SPY   251212C00702000,2025-12-09T16:00:00Z,0.090000,0.090000,0.090000,0.090000
b68a250d-6d33-43ef-86a8-b9b9612953a6,SPY   251212C00702000,2025-12-09T17:00:00Z,0.090000,0.090000,0.070000,0.070000
b68a250d-6d33-43ef-86a8-b9b9612953a6,SPY   251212C00702000,2025-12-09T18:00:00Z,0.070000,0.070000,0.060000,0.060000
b68a250d-6d33-43ef-86a8-b9b9612953a6,SPY   251212C00702000,2025-12-09T19:00:00Z,0.060000,0.060000,0.060000,0.060000
b68a250d-6d33-43ef-86a8-b9b9612953a6,SPY   251212C00702000,2025-12-09T20:00:00Z,0.060000,0.060000,0.040000,0.040000
b68a250d-6d33-43ef-86a8-b9b9612953a6,SPY   251212C00702000,2025-12-10T15:00:00Z,0.050000,0.050000,0.040000,0.040000
b68a250d-6d33-43ef-86a8-b9b9612953a6,SPY   251212C00702000,2025-12-10T16:00:00Z,0.040000,0.040000,0.040000,0.040000
b68a250d-6d33-43ef-86a8-b9b9612953a6,SPY   251212C00702000,2025-12-10T17:00:00Z,0.050000,0.060000,0.050000,0.060000
b68a250d-6d33-43ef-86a8-b9b9612953a6,SPY   251212C00702000,2025-12-10T18:00:00Z,0.060000,0.120000,0.050000,0.120000
b68a250d-6d33-43ef-86a8-b9b9612953a6,SPY   251212C00702000,2025-12-10T19:00:00Z,0.060000,0.070000,0.050000,0.060000
b68a250d-6d33-43ef-86a8-b9b9612953a6,SPY   251212C00702000,2025-12-10T20:00:00Z,0.040000,0.040000,0.030000,0.030000
b68a250d-6d33-43ef-86a8-b9b9612953a6,SPY   251212C00702000,2025-12-11T15:00:00Z,0.020000,0.020000,0.020000,0.020000
b68a250d-6d33-43ef-86a8-b9b9612953a6,SPY   251212C00702000,2025-12-11T16:00:00Z,0.020000,0.020000,0.020000,0.020000
b68a250d-6d33-43ef-86a8-b9b9612953a6,SPY   251212C00702000,2025-12-11T17:00:00Z,0.020000,0.020000,0.020000,0.020000
b68a250d-6d33-43ef-86a8-b9b9612953a6,SPY   251212C00702000,2025-12-11T18:00:00Z,0.020000,0.020000,0.020000,0.020000
b68a250d-6d33-43ef-86a8-b9b9612953a6,SPY   251212C00702000,2025-12-11T19:00:00Z,0.020000,0.020000,0.020000,0.020000
b68a250d-6d33-43ef-86a8-b9b9612953a6,SPY   251212C00702000,2025-12-11T20:00:00Z,0.020000,0.020000,0.020000,0.020000
b68a250d-6d33-43ef-86a8-b9b9612953a6,SPY   251212C00702000,2025-12-12T15:00:00Z,0.010000,0.010000,0.010000,0.010000
b68a250d-6d33-43ef-86a8-b9b9612953a6,SPY   251212C00702000,2025-12-12T16:00:00Z,0.010000,0.010000,0.010000,0.010000
b68a250d-6d33-43ef-86a8-b9b9612953a6,SPY   251212C00702000,2025-12-12T17:00:00Z,0.010000,0.010000,0.010000,0.010000
b68a250d-6d33-43ef-86a8-b9b9612953a6,SPY   251212C00702000,2025-12-12T18:00:00Z,0.010000,0.010000,0.010000,0.010000
b68a250d-6d33-43ef-86a8-b9b9612953a6,SPY   251212C00702000,2025-12-12T19:00:00Z,0.010000,0.010000,0.010000,0.010000
b68a250d-6d33-43ef-86a8-b9b9612953a6,SPY   251212C00702000,2025-12-12T20:00:00Z,0.010000,0.010000,0.010000,0.010000
b8c724fe-0ec6-4b2d-8082-73bd0a06cdeb,SPY   260605P00744000,2026-06-01T14:00:00Z,1.200000,1.310000,1.010000,1.150000
b8c724fe-0ec6-4b2d-8082-73bd0a06cdeb,SPY   260605P00744000,2026-06-01T15:00:00Z,0.900000,0.910000,0.860000,0.860000
b8c724fe-0ec6-4b2d-8082-73bd0a06cdeb,SPY   260605P00744000,2026-06-01T16:00:00Z,0.950000,1.100000,0.870000,0.920000
b8c724fe-0ec6-4b2d-8082-73bd0a06cdeb,SPY   260605P00744000,2026-06-01T17:00:00Z,0.790000,0.880000,0.610000,0.630000
b8c724fe-0ec6-4b2d-8082-73bd0a06cdeb,SPY   260605P00744000,2026-06-01T18:00:00Z,0.630000,0.650000,0.580000,0.590000
b8c724fe-0ec6-4b2d-8082-73bd0a06cdeb,SPY   260605P00744000,2026-06-01T19:00:00Z,0.590000,0.740000,0.590000,0.720000
b8c724fe-0ec6-4b2d-8082-73bd0a06cdeb,SPY   260605P00744000,2026-06-02T14:00:00Z,0.690000,0.690000,0.490000,0.490000
b8c724fe-0ec6-4b2d-8082-73bd0a06cdeb,SPY   260605P00744000,2026-06-02T15:00:00Z,0.490000,0.510000,0.460000,0.490000
b8c724fe-0ec6-4b2d-8082-73bd0a06cdeb,SPY   260605P00744000,2026-06-02T16:00:00Z,0.490000,0.500000,0.470000,0.500000
b8c724fe-0ec6-4b2d-8082-73bd0a06cdeb,SPY   260605P00744000,2026-06-02T17:00:00Z,0.450000,0.520000,0.450000,0.480000
b8c724fe-0ec6-4b2d-8082-73bd0a06cdeb,SPY   260605P00744000,2026-06-02T18:00:00Z,0.480000,0.490000,0.410000,0.410000
b8c724fe-0ec6-4b2d-8082-73bd0a06cdeb,SPY   260605P00744000,2026-06-02T19:00:00Z,0.410000,0.410000,0.370000,0.380000
b8c724fe-0ec6-4b2d-8082-73bd0a06cdeb,SPY   260605P00744000,2026-06-03T14:00:00Z,0.570000,0.580000,0.450000,0.510000
b8c724fe-0ec6-4b2d-8082-73bd0a06cdeb,SPY   260605P00744000,2026-06-03T15:00:00Z,0.510000,0.670000,0.460000,0.580000
b8c724fe-0ec6-4b2d-8082-73bd0a06cdeb,SPY   260605P00744000,2026-06-03T16:00:00Z,0.580000,0.810000,0.550000,0.570000
b8c724fe-0ec6-4b2d-8082-73bd0a06cdeb,SPY   260605P00744000,2026-06-03T17:00:00Z,0.570000,0.690000,0.430000,0.460000
b8c724fe-0ec6-4b2d-8082-73bd0a06cdeb,SPY   260605P00744000,2026-06-03T18:00:00Z,0.460000,0.500000,0.390000,0.420000
b8c724fe-0ec6-4b2d-8082-73bd0a06cdeb,SPY   260605P00744000,2026-06-03T19:00:00Z,0.420000,0.520000,0.400000,0.470000
b8c724fe-0ec6-4b2d-8082-73bd0a06cdeb,SPY   260605P00744000,2026-06-04T14:00:00Z,0.370000,0.470000,0.350000,0.420000
b8c724fe-0ec6-4b2d-8082-73bd0a06cdeb,SPY   260605P00744000,2026-06-04T15:00:00Z,0.260000,0.260000,0.160000,0.160000
b8c724fe-0ec6-4b2d-8082-73bd0a06cdeb,SPY   260605P00744000,2026-06-04T16:00:00Z,0.160000,0.160000,0.100000,0.100000
b8c724fe-0ec6-4b2d-8082-73bd0a06cdeb,SPY   260605P00744000,2026-06-04T17:00:00Z,0.100000,0.100000,0.090000,0.090000
b8c724fe-0ec6-4b2d-8082-73bd0a06cdeb,SPY   260605P00744000,2026-06-04T18:00:00Z,0.090000,0.090000,0.090000,0.090000
b8c724fe-0ec6-4b2d-8082-73bd0a06cdeb,SPY   260605P00744000,2026-06-04T19:00:00Z,0.090000,0.090000,0.060000,0.070000
b8c724fe-0ec6-4b2d-8082-73bd0a06cdeb,SPY   260605P00744000,2026-06-05T14:00:00Z,0.390000,0.500000,0.110000,0.120000
b8c724fe-0ec6-4b2d-8082-73bd0a06cdeb,SPY   260605P00744000,2026-06-05T15:00:00Z,0.120000,0.650000,0.110000,0.500000
b8c724fe-0ec6-4b2d-8082-73bd0a06cdeb,SPY   260605P00744000,2026-06-05T16:00:00Z,0.510000,2.600000,0.500000,1.250000
b8c724fe-0ec6-4b2d-8082-73bd0a06cdeb,SPY   260605P00744000,2026-06-05T17:00:00Z,1.240000,2.060000,0.670000,1.080000
b8c724fe-0ec6-4b2d-8082-73bd0a06cdeb,SPY   260605P00744000,2026-06-05T18:00:00Z,0.760000,5.650000,0.710000,5.000000
b8c724fe-0ec6-4b2d-8082-73bd0a06cdeb,SPY   260605P00744000,2026-06-05T19:00:00Z,4.980000,7.010000,4.280000,4.790000
b964d85f-1f31-48af-b3b3-26a11fc2565c,SPY   260410P00637000,2026-04-06T14:00:00Z,1.640000,2.020000,1.420000,1.680000
b964d85f-1f31-48af-b3b3-26a11fc2565c,SPY   260410P00637000,2026-04-06T15:00:00Z,1.650000,1.730000,1.590000,1.670000
b964d85f-1f31-48af-b3b3-26a11fc2565c,SPY   260410P00637000,2026-04-06T16:00:00Z,1.550000,1.660000,1.460000,1.620000
b964d85f-1f31-48af-b3b3-26a11fc2565c,SPY   260410P00637000,2026-04-06T17:00:00Z,1.870000,2.050000,1.590000,1.740000
b964d85f-1f31-48af-b3b3-26a11fc2565c,SPY   260410P00637000,2026-04-06T18:00:00Z,1.660000,1.690000,1.480000,1.650000
b964d85f-1f31-48af-b3b3-26a11fc2565c,SPY   260410P00637000,2026-04-06T19:00:00Z,1.510000,1.610000,1.510000,1.580000
b964d85f-1f31-48af-b3b3-26a11fc2565c,SPY   260410P00637000,2026-04-07T14:00:00Z,2.920000,2.980000,2.240000,2.660000
b964d85f-1f31-48af-b3b3-26a11fc2565c,SPY   260410P00637000,2026-04-07T15:00:00Z,2.970000,2.970000,2.560000,2.840000
b964d85f-1f31-48af-b3b3-26a11fc2565c,SPY   260410P00637000,2026-04-07T16:00:00Z,2.390000,2.390000,1.950000,2.080000
b964d85f-1f31-48af-b3b3-26a11fc2565c,SPY   260410P00637000,2026-04-07T17:00:00Z,2.090000,2.260000,1.780000,2.030000
b964d85f-1f31-48af-b3b3-26a11fc2565c,SPY   260410P00637000,2026-04-07T18:00:00Z,2.160000,2.290000,2.160000,2.270000
b964d85f-1f31-48af-b3b3-26a11fc2565c,SPY   260410P00637000,2026-04-07T19:00:00Z,2.890000,3.010000,1.960000,2.160000
b964d85f-1f31-48af-b3b3-26a11fc2565c,SPY   260410P00637000,2026-04-08T14:00:00Z,0.210000,0.300000,0.200000,0.240000
b964d85f-1f31-48af-b3b3-26a11fc2565c,SPY   260410P00637000,2026-04-08T15:00:00Z,0.230000,0.230000,0.170000,0.190000
b964d85f-1f31-48af-b3b3-26a11fc2565c,SPY   260410P00637000,2026-04-08T16:00:00Z,0.190000,0.210000,0.150000,0.150000
b964d85f-1f31-48af-b3b3-26a11fc2565c,SPY   260410P00637000,2026-04-08T17:00:00Z,0.150000,0.190000,0.140000,0.140000
b964d85f-1f31-48af-b3b3-26a11fc2565c,SPY   260410P00637000,2026-04-08T18:00:00Z,0.140000,0.210000,0.140000,0.200000
b964d85f-1f31-48af-b3b3-26a11fc2565c,SPY   260410P00637000,2026-04-08T19:00:00Z,0.140000,0.150000,0.140000,0.140000
b964d85f-1f31-48af-b3b3-26a11fc2565c,SPY   260410P00637000,2026-04-09T14:00:00Z,0.050000,0.050000,0.040000,0.040000
b964d85f-1f31-48af-b3b3-26a11fc2565c,SPY   260410P00637000,2026-04-09T15:00:00Z,0.040000,0.040000,0.040000,0.040000
b964d85f-1f31-48af-b3b3-26a11fc2565c,SPY   260410P00637000,2026-04-09T16:00:00Z,0.040000,0.040000,0.040000,0.040000
b964d85f-1f31-48af-b3b3-26a11fc2565c,SPY   260410P00637000,2026-04-09T17:00:00Z,0.040000,0.040000,0.030000,0.030000
b964d85f-1f31-48af-b3b3-26a11fc2565c,SPY   260410P00637000,2026-04-09T18:00:00Z,0.030000,0.030000,0.030000,0.030000
b964d85f-1f31-48af-b3b3-26a11fc2565c,SPY   260410P00637000,2026-04-09T19:00:00Z,0.030000,0.030000,0.030000,0.030000
b964d85f-1f31-48af-b3b3-26a11fc2565c,SPY   260410P00637000,2026-04-10T14:00:00Z,0.010000,0.010000,0.010000,0.010000
b964d85f-1f31-48af-b3b3-26a11fc2565c,SPY   260410P00637000,2026-04-10T15:00:00Z,0.010000,0.010000,0.010000,0.010000
b964d85f-1f31-48af-b3b3-26a11fc2565c,SPY   260410P00637000,2026-04-10T16:00:00Z,0.010000,0.010000,0.010000,0.010000
b964d85f-1f31-48af-b3b3-26a11fc2565c,SPY   260410P00637000,2026-04-10T17:00:00Z,0.010000,0.010000,0.010000,0.010000
b964d85f-1f31-48af-b3b3-26a11fc2565c,SPY   260410P00637000,2026-04-10T18:00:00Z,0.010000,0.010000,0.010000,0.010000
b964d85f-1f31-48af-b3b3-26a11fc2565c,SPY   260410P00637000,2026-04-10T19:00:00Z,0.010000,0.010000,0.010000,0.010000
bb8fec2a-0762-4441-afd2-d913d61c74ea,SPY   251121P00650000,2025-11-17T15:00:00Z,1.050000,1.340000,1.010000,1.210000
bb8fec2a-0762-4441-afd2-d913d61c74ea,SPY   251121P00650000,2025-11-17T16:00:00Z,1.260000,1.760000,1.040000,1.070000
bb8fec2a-0762-4441-afd2-d913d61c74ea,SPY   251121P00650000,2025-11-17T17:00:00Z,0.940000,1.510000,0.940000,1.500000
bb8fec2a-0762-4441-afd2-d913d61c74ea,SPY   251121P00650000,2025-11-17T18:00:00Z,1.490000,1.800000,1.290000,1.750000
bb8fec2a-0762-4441-afd2-d913d61c74ea,SPY   251121P00650000,2025-11-17T19:00:00Z,1.950000,2.290000,1.800000,2.220000
bb8fec2a-0762-4441-afd2-d913d61c74ea,SPY   251121P00650000,2025-11-17T20:00:00Z,3.050000,3.050000,2.550000,2.550000
bb8fec2a-0762-4441-afd2-d913d61c74ea,SPY   251121P00650000,2025-11-18T15:00:00Z,3.990000,4.670000,3.430000,3.430000
bb8fec2a-0762-4441-afd2-d913d61c74ea,SPY   251121P00650000,2025-11-18T16:00:00Z,4.170000,4.740000,3.390000,3.750000
bb8fec2a-0762-4441-afd2-d913d61c74ea,SPY   251121P00650000,2025-11-18T17:00:00Z,2.980000,3.910000,2.130000,2.290000
bb8fec2a-0762-4441-afd2-d913d61c74ea,SPY   251121P00650000,2025-11-18T18:00:00Z,2.270000,2.270000,2.180000,2.210000
bb8fec2a-0762-4441-afd2-d913d61c74ea,SPY   251121P00650000,2025-11-18T19:00:00Z,2.220000,2.310000,1.990000,2.030000
bb8fec2a-0762-4441-afd2-d913d61c74ea,SPY   251121P00650000,2025-11-18T20:00:00Z,2.240000,2.280000,2.140000,2.280000
bb8fec2a-0762-4441-afd2-d913d61c74ea,SPY   251121P00650000,2025-11-19T15:00:00Z,1.420000,1.750000,1.100000,1.700000
bb8fec2a-0762-4441-afd2-d913d61c74ea,SPY   251121P00650000,2025-11-19T16:00:00Z,1.900000,2.160000,1.830000,1.910000
bb8fec2a-0762-4441-afd2-d913d61c74ea,SPY   251121P00650000,2025-11-19T17:00:00Z,1.780000,2.740000,1.650000,2.140000
bb8fec2a-0762-4441-afd2-d913d61c74ea,SPY   251121P00650000,2025-11-19T18:00:00Z,1.760000,1.990000,1.730000,1.900000
bb8fec2a-0762-4441-afd2-d913d61c74ea,SPY   251121P00650000,2025-11-19T19:00:00Z,1.790000,2.560000,1.790000,2.400000
bb8fec2a-0762-4441-afd2-d913d61c74ea,SPY   251121P00650000,2025-11-19T20:00:00Z,2.060000,2.120000,1.800000,1.800000
bb8fec2a-0762-4441-afd2-d913d61c74ea,SPY   251121P00650000,2025-11-20T15:00:00Z,0.170000,0.210000,0.140000,0.210000
bb8fec2a-0762-4441-afd2-d913d61c74ea,SPY   251121P00650000,2025-11-20T16:00:00Z,0.400000,1.170000,0.350000,1.060000
bb8fec2a-0762-4441-afd2-d913d61c74ea,SPY   251121P00650000,2025-11-20T17:00:00Z,2.550000,3.730000,1.610000,2.830000
bb8fec2a-0762-4441-afd2-d913d61c74ea,SPY   251121P00650000,2025-11-20T18:00:00Z,2.440000,2.810000,1.040000,2.740000
bb8fec2a-0762-4441-afd2-d913d61c74ea,SPY   251121P00650000,2025-11-20T19:00:00Z,2.230000,2.370000,2.140000,2.310000
bb8fec2a-0762-4441-afd2-d913d61c74ea,SPY   251121P00650000,2025-11-20T20:00:00Z,1.590000,3.710000,1.570000,2.940000
bb8fec2a-0762-4441-afd2-d913d61c74ea,SPY   251121P00650000,2025-11-21T15:00:00Z,1.720000,1.760000,1.340000,1.700000
bb8fec2a-0762-4441-afd2-d913d61c74ea,SPY   251121P00650000,2025-11-21T16:00:00Z,1.880000,2.030000,0.760000,0.870000
bb8fec2a-0762-4441-afd2-d913d61c74ea,SPY   251121P00650000,2025-11-21T17:00:00Z,0.230000,0.330000,0.160000,0.220000
bb8fec2a-0762-4441-afd2-d913d61c74ea,SPY   251121P00650000,2025-11-21T18:00:00Z,0.380000,0.460000,0.070000,0.100000
bb8fec2a-0762-4441-afd2-d913d61c74ea,SPY   251121P00650000,2025-11-21T19:00:00Z,0.120000,0.120000,0.060000,0.070000
bb8fec2a-0762-4441-afd2-d913d61c74ea,SPY   251121P00650000,2025-11-21T20:00:00Z,0.070000,0.070000,0.020000,0.020000
be7167d3-1db4-4448-84c9-13a1dd751567,SPY   260828C00781000,2026-08-24T14:00:00Z,0.190000,0.200000,0.160000,0.190000
be7167d3-1db4-4448-84c9-13a1dd751567,SPY   260828C00781000,2026-08-24T15:00:00Z,0.190000,0.210000,0.140000,0.200000
be7167d3-1db4-4448-84c9-13a1dd751567,SPY   260828C00781000,2026-08-24T16:00:00Z,0.200000,0.230000,0.180000,0.180000
be7167d3-1db4-4448-84c9-13a1dd751567,SPY   260828C00781000,2026-08-24T17:00:00Z,0.180000,0.200000,0.120000,0.120000
be7167d3-1db4-4448-84c9-13a1dd751567,SPY   260828C00781000,2026-08-24T18:00:00Z,0.120000,0.180000,0.120000,0.130000
be7167d3-1db4-4448-84c9-13a1dd751567,SPY   260828C00781000,2026-08-24T19:00:00Z,0.130000,0.150000,0.130000,0.130000
be7167d3-1db4-4448-84c9-13a1dd751567,SPY   260828C00781000,2026-08-25T14:00:00Z,0.190000,0.190000,0.100000,0.130000
be7167d3-1db4-4448-84c9-13a1dd751567,SPY   260828C00781000,2026-08-25T15:00:00Z,0.130000,0.150000,0.120000,0.140000
be7167d3-1db4-4448-84c9-13a1dd751567,SPY   260828C00781000,2026-08-25T16:00:00Z,0.140000,0.150000,0.130000,0.140000
be7167d3-1db4-4448-84c9-13a1dd751567,SPY   260828C00781000,2026-08-25T17:00:00Z,0.140000,0.140000,0.100000,0.100000
be7167d3-1db4-4448-84c9-13a1dd751567,SPY   260828C00781000,2026-08-25T18:00:00Z,0.100000,0.120000,0.090000,0.110000
be7167d3-1db4-4448-84c9-13a1dd751567,SPY   260828C00781000,2026-08-25T19:00:00Z,0.110000,0.120000,0.090000,0.100000
be7167d3-1db4-4448-84c9-13a1dd751567,SPY   260828C00781000,2026-08-26T14:00:00Z,0.150000,0.150000,0.080000,0.100000
be7167d3-1db4-4448-84c9-13a1dd751567,SPY   260828C00781000,2026-08-26T15:00:00Z,0.100000,0.120000,0.090000,0.100000
be7167d3-1db4-4448-84c9-13a1dd751567,SPY   260828C00781000,2026-08-26T16:00:00Z,0.100000,0.100000,0.070000,0.080000
be7167d3-1db4-4448-84c9-13a1dd751567,SPY   260828C00781000,2026-08-26T17:00:00Z,0.080000,0.100000,0.080000,0.090000
be7167d3-1db4-4448-84c9-13a1dd751567,SPY   260828C00781000,2026-08-26T18:00:00Z,0.090000,0.110000,0.080000,0.110000
be7167d3-1db4-4448-84c9-13a1dd751567,SPY   260828C00781000,2026-08-26T19:00:00Z,0.110000,0.140000,0.080000,0.080000
be7167d3-1db4-4448-84c9-13a1dd751567,SPY   260828C00781000,2026-08-27T14:00:00Z,0.050000,0.050000,0.040000,0.050000
be7167d3-1db4-4448-84c9-13a1dd751567,SPY   260828C00781000,2026-08-27T15:00:00Z,0.050000,0.070000,0.040000,0.060000
be7167d3-1db4-4448-84c9-13a1dd751567,SPY   260828C00781000,2026-08-27T16:00:00Z,0.060000,0.090000,0.060000,0.090000
be7167d3-1db4-4448-84c9-13a1dd751567,SPY   260828C00781000,2026-08-27T17:00:00Z,0.090000,0.130000,0.070000,0.070000
be7167d3-1db4-4448-84c9-13a1dd751567,SPY   260828C00781000,2026-08-27T18:00:00Z,0.070000,0.070000,0.040000,0.040000
be7167d3-1db4-4448-84c9-13a1dd751567,SPY   260828C00781000,2026-08-27T19:00:00Z,0.040000,0.040000,0.040000,0.040000
be7167d3-1db4-4448-84c9-13a1dd751567,SPY   260828C00781000,2026-08-28T14:00:00Z,0.030000,0.040000,0.020000,0.030000
be7167d3-1db4-4448-84c9-13a1dd751567,SPY   260828C00781000,2026-08-28T15:00:00Z,0.030000,0.030000,0.020000,0.020000
be7167d3-1db4-4448-84c9-13a1dd751567,SPY   260828C00781000,2026-08-28T16:00:00Z,0.020000,0.020000,0.020000,0.020000
be7167d3-1db4-4448-84c9-13a1dd751567,SPY   260828C00781000,2026-08-28T17:00:00Z,0.020000,0.020000,0.020000,0.020000
be7167d3-1db4-4448-84c9-13a1dd751567,SPY   260828C00781000,2026-08-28T18:00:00Z,0.020000,0.020000,0.010000,0.010000
be7167d3-1db4-4448-84c9-13a1dd751567,SPY   260828C00781000,2026-08-28T19:00:00Z,0.010000,0.010000,0.010000,0.010000
bec74eb8-50c5-4b8f-acf1-3e6d0b80861c,SPY   260220C00695000,2026-02-10T15:00:00Z,7.050000,7.400000,6.510000,6.720000
bec74eb8-50c5-4b8f-acf1-3e6d0b80861c,SPY   260220C00695000,2026-02-10T16:00:00Z,6.710000,6.820000,6.090000,6.350000
bec74eb8-50c5-4b8f-acf1-3e6d0b80861c,SPY   260220C00695000,2026-02-10T17:00:00Z,6.360000,6.810000,6.090000,6.630000
bec74eb8-50c5-4b8f-acf1-3e6d0b80861c,SPY   260220C00695000,2026-02-10T18:00:00Z,6.090000,6.150000,5.540000,5.880000
bec74eb8-50c5-4b8f-acf1-3e6d0b80861c,SPY   260220C00695000,2026-02-10T19:00:00Z,5.760000,5.970000,5.560000,5.760000
bec74eb8-50c5-4b8f-acf1-3e6d0b80861c,SPY   260220C00695000,2026-02-10T20:00:00Z,5.740000,5.830000,5.230000,5.280000
bec74eb8-50c5-4b8f-acf1-3e6d0b80861c,SPY   260220C00695000,2026-02-11T15:00:00Z,5.600000,5.850000,3.950000,4.740000
bec74eb8-50c5-4b8f-acf1-3e6d0b80861c,SPY   260220C00695000,2026-02-11T16:00:00Z,4.750000,5.130000,4.370000,4.560000
bec74eb8-50c5-4b8f-acf1-3e6d0b80861c,SPY   260220C00695000,2026-02-11T17:00:00Z,4.560000,5.290000,4.340000,4.820000
bec74eb8-50c5-4b8f-acf1-3e6d0b80861c,SPY   260220C00695000,2026-02-11T18:00:00Z,4.820000,4.900000,4.280000,4.750000
bec74eb8-50c5-4b8f-acf1-3e6d0b80861c,SPY   260220C00695000,2026-02-11T19:00:00Z,4.750000,5.190000,4.510000,4.730000
bec74eb8-50c5-4b8f-acf1-3e6d0b80861c,SPY   260220C00695000,2026-02-11T20:00:00Z,4.710000,4.840000,4.310000,4.510000
bec74eb8-50c5-4b8f-acf1-3e6d0b80861c,SPY   260220C00695000,2026-02-12T15:00:00Z,4.490000,4.870000,3.640000,3.670000
bec74eb8-50c5-4b8f-acf1-3e6d0b80861c,SPY   260220C00695000,2026-02-12T16:00:00Z,3.200000,3.220000,2.060000,2.190000
bec74eb8-50c5-4b8f-acf1-3e6d0b80861c,SPY   260220C00695000,2026-02-12T17:00:00Z,2.180000,2.380000,1.910000,1.920000
bec74eb8-50c5-4b8f-acf1-3e6d0b80861c,SPY   260220C00695000,2026-02-12T18:00:00Z,1.910000,2.240000,1.850000,2.100000
bec74eb8-50c5-4b8f-acf1-3e6d0b80861c,SPY   260220C00695000,2026-02-12T19:00:00Z,2.090000,2.290000,1.880000,2.060000
bec74eb8-50c5-4b8f-acf1-3e6d0b80861c,SPY   260220C00695000,2026-02-12T20:00:00Z,2.070000,2.140000,1.410000,1.410000
bec74eb8-50c5-4b8f-acf1-3e6d0b80861c,SPY   260220C00695000,2026-02-13T15:00:00Z,1.150000,1.680000,1.110000,1.240000
bec74eb8-50c5-4b8f-acf1-3e6d0b80861c,SPY   260220C00695000,2026-02-13T16:00:00Z,1.410000,1.610000,1.400000,1.470000
bec74eb8-50c5-4b8f-acf1-3e6d0b80861c,SPY   260220C00695000,2026-02-13T17:00:00Z,1.480000,1.670000,1.390000,1.420000
bec74eb8-50c5-4b8f-acf1-3e6d0b80861c,SPY   260220C00695000,2026-02-13T18:00:00Z,1.420000,1.480000,1.210000,1.260000
bec74eb8-50c5-4b8f-acf1-3e6d0b80861c,SPY   260220C00695000,2026-02-13T19:00:00Z,1.260000,1.310000,0.870000,0.880000
bec74eb8-50c5-4b8f-acf1-3e6d0b80861c,SPY   260220C00695000,2026-02-13T20:00:00Z,0.890000,0.970000,0.730000,0.730000
bec74eb8-50c5-4b8f-acf1-3e6d0b80861c,SPY   260220C00695000,2026-02-17T15:00:00Z,0.400000,0.570000,0.330000,0.380000
bec74eb8-50c5-4b8f-acf1-3e6d0b80861c,SPY   260220C00695000,2026-02-17T16:00:00Z,0.380000,0.650000,0.370000,0.540000
bec74eb8-50c5-4b8f-acf1-3e6d0b80861c,SPY   260220C00695000,2026-02-17T17:00:00Z,0.540000,0.550000,0.320000,0.400000
bec74eb8-50c5-4b8f-acf1-3e6d0b80861c,SPY   260220C00695000,2026-02-17T18:00:00Z,0.410000,0.720000,0.330000,0.640000
bec74eb8-50c5-4b8f-acf1-3e6d0b80861c,SPY   260220C00695000,2026-02-17T19:00:00Z,0.630000,0.700000,0.460000,0.470000
bec74eb8-50c5-4b8f-acf1-3e6d0b80861c,SPY   260220C00695000,2026-02-17T20:00:00Z,0.470000,0.530000,0.320000,0.330000
bec74eb8-50c5-4b8f-acf1-3e6d0b80861c,SPY   260220C00695000,2026-02-18T15:00:00Z,0.560000,0.880000,0.560000,0.760000
bec74eb8-50c5-4b8f-acf1-3e6d0b80861c,SPY   260220C00695000,2026-02-18T16:00:00Z,0.760000,0.800000,0.570000,0.570000
bec74eb8-50c5-4b8f-acf1-3e6d0b80861c,SPY   260220C00695000,2026-02-18T17:00:00Z,0.570000,0.750000,0.550000,0.640000
bec74eb8-50c5-4b8f-acf1-3e6d0b80861c,SPY   260220C00695000,2026-02-18T18:00:00Z,0.690000,0.690000,0.430000,0.450000
bec74eb8-50c5-4b8f-acf1-3e6d0b80861c,SPY   260220C00695000,2026-02-18T19:00:00Z,0.460000,0.480000,0.250000,0.260000
bec74eb8-50c5-4b8f-acf1-3e6d0b80861c,SPY   260220C00695000,2026-02-18T20:00:00Z,0.290000,0.360000,0.290000,0.330000
bec74eb8-50c5-4b8f-acf1-3e6d0b80861c,SPY   260220C00695000,2026-02-19T15:00:00Z,0.200000,0.230000,0.110000,0.120000
bec74eb8-50c5-4b8f-acf1-3e6d0b80861c,SPY   260220C00695000,2026-02-19T16:00:00Z,0.120000,0.120000,0.070000,0.070000
bec74eb8-50c5-4b8f-acf1-3e6d0b80861c,SPY   260220C00695000,2026-02-19T17:00:00Z,0.070000,0.080000,0.070000,0.080000
bec74eb8-50c5-4b8f-acf1-3e6d0b80861c,SPY   260220C00695000,2026-02-19T18:00:00Z,0.070000,0.070000,0.070000,0.070000
bec74eb8-50c5-4b8f-acf1-3e6d0b80861c,SPY   260220C00695000,2026-02-19T19:00:00Z,0.070000,0.070000,0.070000,0.070000
bec74eb8-50c5-4b8f-acf1-3e6d0b80861c,SPY   260220C00695000,2026-02-19T20:00:00Z,0.070000,0.070000,0.040000,0.040000
bec74eb8-50c5-4b8f-acf1-3e6d0b80861c,SPY   260220C00695000,2026-02-20T15:00:00Z,0.030000,0.510000,0.030000,0.050000
bec74eb8-50c5-4b8f-acf1-3e6d0b80861c,SPY   260220C00695000,2026-02-20T16:00:00Z,0.050000,0.050000,0.020000,0.020000
bec74eb8-50c5-4b8f-acf1-3e6d0b80861c,SPY   260220C00695000,2026-02-20T17:00:00Z,0.020000,0.030000,0.020000,0.020000
bec74eb8-50c5-4b8f-acf1-3e6d0b80861c,SPY   260220C00695000,2026-02-20T18:00:00Z,0.020000,0.050000,0.020000,0.020000
bec74eb8-50c5-4b8f-acf1-3e6d0b80861c,SPY   260220C00695000,2026-02-20T19:00:00Z,0.020000,0.020000,0.020000,0.020000
bec74eb8-50c5-4b8f-acf1-3e6d0b80861c,SPY   260220C00695000,2026-02-20T20:00:00Z,0.020000,0.020000,0.010000,0.010000
c1d46296-747c-4b13-9387-4163c2ef5798,SPY   260123P00669000,2026-01-13T15:00:00Z,0.660000,0.860000,0.640000,0.670000
c1d46296-747c-4b13-9387-4163c2ef5798,SPY   260123P00669000,2026-01-13T16:00:00Z,0.630000,0.680000,0.630000,0.670000
c1d46296-747c-4b13-9387-4163c2ef5798,SPY   260123P00669000,2026-01-13T17:00:00Z,0.570000,0.670000,0.550000,0.610000
c1d46296-747c-4b13-9387-4163c2ef5798,SPY   260123P00669000,2026-01-13T18:00:00Z,0.830000,0.840000,0.720000,0.800000
c1d46296-747c-4b13-9387-4163c2ef5798,SPY   260123P00669000,2026-01-13T19:00:00Z,0.830000,0.900000,0.810000,0.830000
c1d46296-747c-4b13-9387-4163c2ef5798,SPY   260123P00669000,2026-01-13T20:00:00Z,0.770000,0.900000,0.760000,0.760000
c1d46296-747c-4b13-9387-4163c2ef5798,SPY   260123P00669000,2026-01-14T15:00:00Z,0.980000,1.040000,0.900000,1.020000
c1d46296-747c-4b13-9387-4163c2ef5798,SPY   260123P00669000,2026-01-14T16:00:00Z,1.380000,1.440000,1.240000,1.250000
c1d46296-747c-4b13-9387-4163c2ef5798,SPY   260123P00669000,2026-01-14T17:00:00Z,1.480000,1.540000,1.300000,1.460000
c1d46296-747c-4b13-9387-4163c2ef5798,SPY   260123P00669000,2026-01-14T18:00:00Z,1.470000,1.540000,1.180000,1.200000
c1d46296-747c-4b13-9387-4163c2ef5798,SPY   260123P00669000,2026-01-14T19:00:00Z,1.210000,1.270000,1.110000,1.140000
c1d46296-747c-4b13-9387-4163c2ef5798,SPY   260123P00669000,2026-01-14T20:00:00Z,1.130000,1.260000,0.760000,0.800000
c1d46296-747c-4b13-9387-4163c2ef5798,SPY   260123P00669000,2026-01-15T15:00:00Z,0.420000,0.470000,0.360000,0.380000
c1d46296-747c-4b13-9387-4163c2ef5798,SPY   260123P00669000,2026-01-15T16:00:00Z,0.370000,0.370000,0.350000,0.360000
c1d46296-747c-4b13-9387-4163c2ef5798,SPY   260123P00669000,2026-01-15T17:00:00Z,0.340000,0.390000,0.330000,0.380000
c1d46296-747c-4b13-9387-4163c2ef5798,SPY   260123P00669000,2026-01-15T18:00:00Z,0.390000,0.390000,0.330000,0.340000
c1d46296-747c-4b13-9387-4163c2ef5798,SPY   260123P00669000,2026-01-15T19:00:00Z,0.340000,0.440000,0.340000,0.430000
c1d46296-747c-4b13-9387-4163c2ef5798,SPY   260123P00669000,2026-01-15T20:00:00Z,0.440000,0.560000,0.410000,0.470000
c1d46296-747c-4b13-9387-4163c2ef5798,SPY   260123P00669000,2026-01-16T15:00:00Z,0.390000,0.490000,0.310000,0.340000
c1d46296-747c-4b13-9387-4163c2ef5798,SPY   260123P00669000,2026-01-16T16:00:00Z,0.300000,0.330000,0.280000,0.310000
c1d46296-747c-4b13-9387-4163c2ef5798,SPY   260123P00669000,2026-01-16T17:00:00Z,0.290000,0.330000,0.280000,0.330000
c1d46296-747c-4b13-9387-4163c2ef5798,SPY   260123P00669000,2026-01-16T18:00:00Z,0.320000,0.320000,0.320000,0.320000
c1d46296-747c-4b13-9387-4163c2ef5798,SPY   260123P00669000,2026-01-16T19:00:00Z,0.270000,0.280000,0.220000,0.220000
c1d46296-747c-4b13-9387-4163c2ef5798,SPY   260123P00669000,2026-01-16T20:00:00Z,0.220000,0.260000,0.210000,0.210000
c1d46296-747c-4b13-9387-4163c2ef5798,SPY   260123P00669000,2026-01-20T15:00:00Z,1.540000,1.600000,0.850000,0.850000
c1d46296-747c-4b13-9387-4163c2ef5798,SPY   260123P00669000,2026-01-20T16:00:00Z,0.810000,0.860000,0.780000,0.830000
c1d46296-747c-4b13-9387-4163c2ef5798,SPY   260123P00669000,2026-01-20T17:00:00Z,0.830000,1.410000,0.770000,1.250000
c1d46296-747c-4b13-9387-4163c2ef5798,SPY   260123P00669000,2026-01-20T18:00:00Z,1.280000,2.140000,1.160000,1.850000
c1d46296-747c-4b13-9387-4163c2ef5798,SPY   260123P00669000,2026-01-20T19:00:00Z,1.740000,1.860000,1.710000,1.810000
c1d46296-747c-4b13-9387-4163c2ef5798,SPY   260123P00669000,2026-01-20T20:00:00Z,2.090000,2.320000,1.990000,2.090000
c1d46296-747c-4b13-9387-4163c2ef5798,SPY   260123P00669000,2026-01-21T15:00:00Z,0.600000,0.690000,0.360000,0.370000
c1d46296-747c-4b13-9387-4163c2ef5798,SPY   260123P00669000,2026-01-21T16:00:00Z,0.330000,0.770000,0.310000,0.740000
c1d46296-747c-4b13-9387-4163c2ef5798,SPY   260123P00669000,2026-01-21T17:00:00Z,0.860000,1.270000,0.660000,0.710000
c1d46296-747c-4b13-9387-4163c2ef5798,SPY   260123P00669000,2026-01-21T18:00:00Z,0.600000,0.660000,0.550000,0.660000
c1d46296-747c-4b13-9387-4163c2ef5798,SPY   260123P00669000,2026-01-21T19:00:00Z,0.230000,0.240000,0.150000,0.160000
c1d46296-747c-4b13-9387-4163c2ef5798,SPY   260123P00669000,2026-01-21T20:00:00Z,0.210000,0.220000,0.200000,0.200000
c1d46296-747c-4b13-9387-4163c2ef5798,SPY   260123P00669000,2026-01-22T15:00:00Z,0.100000,0.120000,0.060000,0.060000
c1d46296-747c-4b13-9387-4163c2ef5798,SPY   260123P00669000,2026-01-22T16:00:00Z,0.060000,0.060000,0.050000,0.050000
c1d46296-747c-4b13-9387-4163c2ef5798,SPY   260123P00669000,2026-01-22T17:00:00Z,0.050000,0.050000,0.050000,0.050000
c1d46296-747c-4b13-9387-4163c2ef5798,SPY   260123P00669000,2026-01-22T18:00:00Z,0.050000,0.050000,0.050000,0.050000
c1d46296-747c-4b13-9387-4163c2ef5798,SPY   260123P00669000,2026-01-22T19:00:00Z,0.040000,0.050000,0.040000,0.050000
c1d46296-747c-4b13-9387-4163c2ef5798,SPY   260123P00669000,2026-01-22T20:00:00Z,0.050000,0.050000,0.040000,0.040000
c1d46296-747c-4b13-9387-4163c2ef5798,SPY   260123P00669000,2026-01-23T15:00:00Z,0.020000,0.020000,0.020000,0.020000
c1d46296-747c-4b13-9387-4163c2ef5798,SPY   260123P00669000,2026-01-23T16:00:00Z,0.020000,0.020000,0.020000,0.020000
c1d46296-747c-4b13-9387-4163c2ef5798,SPY   260123P00669000,2026-01-23T17:00:00Z,0.020000,0.020000,0.020000,0.020000
c1d46296-747c-4b13-9387-4163c2ef5798,SPY   260123P00669000,2026-01-23T18:00:00Z,0.020000,0.020000,0.010000,0.010000
c1d46296-747c-4b13-9387-4163c2ef5798,SPY   260123P00669000,2026-01-23T19:00:00Z,0.010000,0.010000,0.010000,0.010000
c1d46296-747c-4b13-9387-4163c2ef5798,SPY   260123P00669000,2026-01-23T20:00:00Z,0.010000,0.010000,0.010000,0.010000
c2241293-b4cf-4040-8285-d460a0e5dd32,SPY   260612P00729000,2026-06-02T14:00:00Z,0.870000,0.870000,0.730000,0.730000
c2241293-b4cf-4040-8285-d460a0e5dd32,SPY   260612P00729000,2026-06-02T15:00:00Z,0.730000,0.750000,0.690000,0.720000
c2241293-b4cf-4040-8285-d460a0e5dd32,SPY   260612P00729000,2026-06-02T16:00:00Z,0.720000,0.740000,0.690000,0.690000
c2241293-b4cf-4040-8285-d460a0e5dd32,SPY   260612P00729000,2026-06-02T17:00:00Z,0.690000,0.750000,0.680000,0.720000
c2241293-b4cf-4040-8285-d460a0e5dd32,SPY   260612P00729000,2026-06-02T18:00:00Z,0.690000,0.690000,0.680000,0.680000
c2241293-b4cf-4040-8285-d460a0e5dd32,SPY   260612P00729000,2026-06-02T19:00:00Z,0.650000,0.660000,0.620000,0.620000
c2241293-b4cf-4040-8285-d460a0e5dd32,SPY   260612P00729000,2026-06-03T14:00:00Z,0.810000,0.810000,0.800000,0.800000
c2241293-b4cf-4040-8285-d460a0e5dd32,SPY   260612P00729000,2026-06-03T15:00:00Z,0.740000,0.750000,0.710000,0.750000
c2241293-b4cf-4040-8285-d460a0e5dd32,SPY   260612P00729000,2026-06-03T16:00:00Z,0.830000,1.000000,0.810000,0.830000
c2241293-b4cf-4040-8285-d460a0e5dd32,SPY   260612P00729000,2026-06-03T17:00:00Z,0.800000,0.800000,0.800000,0.800000
c2241293-b4cf-4040-8285-d460a0e5dd32,SPY   260612P00729000,2026-06-03T18:00:00Z,0.740000,0.780000,0.690000,0.720000
c2241293-b4cf-4040-8285-d460a0e5dd32,SPY   260612P00729000,2026-06-03T19:00:00Z,0.710000,0.810000,0.700000,0.770000
c2241293-b4cf-4040-8285-d460a0e5dd32,SPY   260612P00729000,2026-06-04T14:00:00Z,0.700000,0.720000,0.680000,0.690000
c2241293-b4cf-4040-8285-d460a0e5dd32,SPY   260612P00729000,2026-06-04T15:00:00Z,0.600000,0.600000,0.580000,0.590000
c2241293-b4cf-4040-8285-d460a0e5dd32,SPY   260612P00729000,2026-06-04T16:00:00Z,0.550000,0.560000,0.470000,0.470000
c2241293-b4cf-4040-8285-d460a0e5dd32,SPY   260612P00729000,2026-06-04T17:00:00Z,0.440000,0.450000,0.400000,0.400000
c2241293-b4cf-4040-8285-d460a0e5dd32,SPY   260612P00729000,2026-06-04T18:00:00Z,0.400000,0.410000,0.390000,0.400000
c2241293-b4cf-4040-8285-d460a0e5dd32,SPY   260612P00729000,2026-06-04T19:00:00Z,0.400000,0.410000,0.360000,0.380000
c2241293-b4cf-4040-8285-d460a0e5dd32,SPY   260612P00729000,2026-06-05T14:00:00Z,1.210000,1.320000,0.840000,0.980000
c2241293-b4cf-4040-8285-d460a0e5dd32,SPY   260612P00729000,2026-06-05T15:00:00Z,0.880000,1.640000,0.850000,1.610000
c2241293-b4cf-4040-8285-d460a0e5dd32,SPY   260612P00729000,2026-06-05T16:00:00Z,1.620000,2.300000,1.610000,2.060000
c2241293-b4cf-4040-8285-d460a0e5dd32,SPY   260612P00729000,2026-06-05T17:00:00Z,2.210000,2.650000,1.830000,1.880000
c2241293-b4cf-4040-8285-d460a0e5dd32,SPY   260612P00729000,2026-06-05T18:00:00Z,3.660000,3.730000,3.660000,3.730000
c2241293-b4cf-4040-8285-d460a0e5dd32,SPY   260612P00729000,2026-06-05T19:00:00Z,3.700000,5.350000,3.440000,3.540000
c2241293-b4cf-4040-8285-d460a0e5dd32,SPY   260612P00729000,2026-06-08T14:00:00Z,2.400000,2.460000,1.350000,1.350000
c2241293-b4cf-4040-8285-d460a0e5dd32,SPY   260612P00729000,2026-06-08T15:00:00Z,1.360000,2.030000,1.300000,1.740000
c2241293-b4cf-4040-8285-d460a0e5dd32,SPY   260612P00729000,2026-06-08T16:00:00Z,1.730000,1.980000,1.450000,1.810000
c2241293-b4cf-4040-8285-d460a0e5dd32,SPY   260612P00729000,2026-06-08T17:00:00Z,1.820000,2.330000,1.690000,1.940000
c2241293-b4cf-4040-8285-d460a0e5dd32,SPY   260612P00729000,2026-06-08T18:00:00Z,1.930000,1.960000,1.600000,1.930000
c2241293-b4cf-4040-8285-d460a0e5dd32,SPY   260612P00729000,2026-06-08T19:00:00Z,1.920000,2.690000,1.880000,2.340000
c2241293-b4cf-4040-8285-d460a0e5dd32,SPY   260612P00729000,2026-06-09T14:00:00Z,3.620000,3.770000,3.500000,3.610000
c2241293-b4cf-4040-8285-d460a0e5dd32,SPY   260612P00729000,2026-06-09T15:00:00Z,2.630000,6.280000,2.630000,6.180000
c2241293-b4cf-4040-8285-d460a0e5dd32,SPY   260612P00729000,2026-06-09T16:00:00Z,6.260000,9.370000,5.410000,9.370000
c2241293-b4cf-4040-8285-d460a0e5dd32,SPY   260612P00729000,2026-06-09T17:00:00Z,7.760000,7.890000,5.120000,5.300000
c2241293-b4cf-4040-8285-d460a0e5dd32,SPY   260612P00729000,2026-06-09T18:00:00Z,4.500000,4.710000,2.780000,2.900000
c2241293-b4cf-4040-8285-d460a0e5dd32,SPY   260612P00729000,2026-06-09T19:00:00Z,2.900000,4.470000,2.640000,3.280000
c2241293-b4cf-4040-8285-d460a0e5dd32,SPY   260612P00729000,2026-06-10T14:00:00Z,2.470000,2.590000,2.470000,2.540000
c2241293-b4cf-4040-8285-d460a0e5dd32,SPY   260612P00729000,2026-06-10T15:00:00Z,4.310000,5.980000,3.930000,5.160000
c2241293-b4cf-4040-8285-d460a0e5dd32,SPY   260612P00729000,2026-06-10T16:00:00Z,4.360000,4.800000,4.130000,4.550000
c2241293-b4cf-4040-8285-d460a0e5dd32,SPY   260612P00729000,2026-06-10T17:00:00Z,4.510000,4.730000,4.390000,4.550000
c2241293-b4cf-4040-8285-d460a0e5dd32,SPY   260612P00729000,2026-06-10T18:00:00Z,4.430000,6.350000,3.950000,6.010000
c2241293-b4cf-4040-8285-d460a0e5dd32,SPY   260612P00729000,2026-06-10T19:00:00Z,5.990000,7.260000,5.670000,6.570000
c2241293-b4cf-4040-8285-d460a0e5dd32,SPY   260612P00729000,2026-06-11T14:00:00Z,4.320000,6.870000,3.470000,6.560000
c2241293-b4cf-4040-8285-d460a0e5dd32,SPY   260612P00729000,2026-06-11T15:00:00Z,4.950000,5.090000,4.850000,4.970000
c2241293-b4cf-4040-8285-d460a0e5dd32,SPY   260612P00729000,2026-06-11T16:00:00Z,4.960000,5.210000,3.860000,4.490000
c2241293-b4cf-4040-8285-d460a0e5dd32,SPY   260612P00729000,2026-06-11T17:00:00Z,5.510000,6.290000,1.920000,2.290000
c2241293-b4cf-4040-8285-d460a0e5dd32,SPY   260612P00729000,2026-06-11T18:00:00Z,1.770000,2.540000,1.480000,1.520000
c2241293-b4cf-4040-8285-d460a0e5dd32,SPY   260612P00729000,2026-06-11T19:00:00Z,1.520000,1.640000,0.740000,1.010000
c2241293-b4cf-4040-8285-d460a0e5dd32,SPY   260612P00729000,2026-06-12T14:00:00Z,0.770000,0.780000,0.130000,0.130000
c2241293-b4cf-4040-8285-d460a0e5dd32,SPY   260612P00729000,2026-06-12T15:00:00Z,0.160000,0.180000,0.130000,0.130000
c2241293-b4cf-4040-8285-d460a0e5dd32,SPY   260612P00729000,2026-06-12T16:00:00Z,0.100000,0.160000,0.080000,0.080000
c2241293-b4cf-4040-8285-d460a0e5dd32,SPY   260612P00729000,2026-06-12T17:00:00Z,0.060000,0.060000,0.040000,0.050000
c2241293-b4cf-4040-8285-d460a0e5dd32,SPY   260612P00729000,2026-06-12T18:00:00Z,0.050000,0.050000,0.030000,0.030000
c2241293-b4cf-4040-8285-d460a0e5dd32,SPY   260612P00729000,2026-06-12T19:00:00Z,0.030000,0.030000,0.010000,0.010000
c3353ed8-5526-4a0e-98aa-efbf0e8c54d9,SPY   251107P00670000,2025-11-03T15:00:00Z,1.280000,1.980000,1.250000,1.370000
c3353ed8-5526-4a0e-98aa-efbf0e8c54d9,SPY   251107P00670000,2025-11-03T16:00:00Z,1.310000,1.320000,1.300000,1.310000
c3353ed8-5526-4a0e-98aa-efbf0e8c54d9,SPY   251107P00670000,2025-11-03T17:00:00Z,1.090000,1.170000,0.920000,0.920000
c3353ed8-5526-4a0e-98aa-efbf0e8c54d9,SPY   251107P00670000,2025-11-03T18:00:00Z,0.860000,0.900000,0.740000,0.810000
c3353ed8-5526-4a0e-98aa-efbf0e8c54d9,SPY   251107P00670000,2025-11-03T19:00:00Z,0.820000,0.830000,0.820000,0.820000
c3353ed8-5526-4a0e-98aa-efbf0e8c54d9,SPY   251107P00670000,2025-11-03T20:00:00Z,0.910000,0.910000,0.870000,0.880000
c3353ed8-5526-4a0e-98aa-efbf0e8c54d9,SPY   251107P00670000,2025-11-04T15:00:00Z,1.620000,1.840000,1.320000,1.690000
c3353ed8-5526-4a0e-98aa-efbf0e8c54d9,SPY   251107P00670000,2025-11-04T16:00:00Z,1.680000,1.790000,1.530000,1.740000
c3353ed8-5526-4a0e-98aa-efbf0e8c54d9,SPY   251107P00670000,2025-11-04T17:00:00Z,1.580000,2.330000,1.580000,2.210000
c3353ed8-5526-4a0e-98aa-efbf0e8c54d9,SPY   251107P00670000,2025-11-04T18:00:00Z,2.240000,2.640000,2.050000,2.130000
c3353ed8-5526-4a0e-98aa-efbf0e8c54d9,SPY   251107P00670000,2025-11-04T19:00:00Z,2.140000,2.550000,1.870000,2.330000
c3353ed8-5526-4a0e-98aa-efbf0e8c54d9,SPY   251107P00670000,2025-11-04T20:00:00Z,2.320000,2.530000,1.810000,2.520000
c3353ed8-5526-4a0e-98aa-efbf0e8c54d9,SPY   251107P00670000,2025-11-05T15:00:00Z,1.380000,1.560000,1.130000,1.140000
c3353ed8-5526-4a0e-98aa-efbf0e8c54d9,SPY   251107P00670000,2025-11-05T16:00:00Z,1.190000,1.190000,1.110000,1.110000
c3353ed8-5526-4a0e-98aa-efbf0e8c54d9,SPY   251107P00670000,2025-11-05T17:00:00Z,0.770000,0.780000,0.590000,0.640000
c3353ed8-5526-4a0e-98aa-efbf0e8c54d9,SPY   251107P00670000,2025-11-05T18:00:00Z,0.640000,0.660000,0.540000,0.580000
c3353ed8-5526-4a0e-98aa-efbf0e8c54d9,SPY   251107P00670000,2025-11-05T19:00:00Z,0.580000,0.690000,0.530000,0.550000
c3353ed8-5526-4a0e-98aa-efbf0e8c54d9,SPY   251107P00670000,2025-11-05T20:00:00Z,0.690000,0.830000,0.690000,0.820000
c3353ed8-5526-4a0e-98aa-efbf0e8c54d9,SPY   251107P00670000,2025-11-06T15:00:00Z,1.660000,2.790000,1.130000,2.730000
c3353ed8-5526-4a0e-98aa-efbf0e8c54d9,SPY   251107P00670000,2025-11-06T16:00:00Z,2.390000,3.610000,2.200000,3.410000
c3353ed8-5526-4a0e-98aa-efbf0e8c54d9,SPY   251107P00670000,2025-11-06T17:00:00Z,3.470000,3.710000,2.100000,2.290000
c3353ed8-5526-4a0e-98aa-efbf0e8c54d9,SPY   251107P00670000,2025-11-06T18:00:00Z,2.890000,3.040000,1.770000,1.820000
c3353ed8-5526-4a0e-98aa-efbf0e8c54d9,SPY   251107P00670000,2025-11-06T19:00:00Z,2.040000,2.110000,1.150000,1.370000
c3353ed8-5526-4a0e-98aa-efbf0e8c54d9,SPY   251107P00670000,2025-11-06T20:00:00Z,1.350000,2.430000,1.210000,2.360000
c3353ed8-5526-4a0e-98aa-efbf0e8c54d9,SPY   251107P00670000,2025-11-07T15:00:00Z,5.180000,6.360000,3.810000,4.380000
c3353ed8-5526-4a0e-98aa-efbf0e8c54d9,SPY   251107P00670000,2025-11-07T16:00:00Z,6.970000,7.280000,6.510000,7.280000
c3353ed8-5526-4a0e-98aa-efbf0e8c54d9,SPY   251107P00670000,2025-11-07T17:00:00Z,8.080000,8.840000,5.910000,6.170000
c3353ed8-5526-4a0e-98aa-efbf0e8c54d9,SPY   251107P00670000,2025-11-07T18:00:00Z,5.900000,6.490000,4.090000,4.500000
c3353ed8-5526-4a0e-98aa-efbf0e8c54d9,SPY   251107P00670000,2025-11-07T19:00:00Z,1.480000,1.720000,1.330000,1.330000
c3353ed8-5526-4a0e-98aa-efbf0e8c54d9,SPY   251107P00670000,2025-11-07T20:00:00Z,0.770000,0.770000,0.610000,0.630000
c3f876ee-a6f2-4a1a-a690-f7ecce651755,SPY   251010C00675000,2025-10-06T14:00:00Z,1.390000,1.550000,1.300000,1.470000
c3f876ee-a6f2-4a1a-a690-f7ecce651755,SPY   251010C00675000,2025-10-06T15:00:00Z,1.510000,1.800000,1.490000,1.760000
c3f876ee-a6f2-4a1a-a690-f7ecce651755,SPY   251010C00675000,2025-10-06T16:00:00Z,1.760000,1.800000,1.570000,1.730000
c3f876ee-a6f2-4a1a-a690-f7ecce651755,SPY   251010C00675000,2025-10-06T17:00:00Z,1.730000,1.940000,1.630000,1.910000
c3f876ee-a6f2-4a1a-a690-f7ecce651755,SPY   251010C00675000,2025-10-06T18:00:00Z,1.910000,2.010000,1.790000,1.800000
c3f876ee-a6f2-4a1a-a690-f7ecce651755,SPY   251010C00675000,2025-10-06T19:00:00Z,1.810000,1.810000,1.620000,1.640000
c3f876ee-a6f2-4a1a-a690-f7ecce651755,SPY   251010C00675000,2025-10-07T14:00:00Z,1.640000,1.670000,1.160000,1.170000
c3f876ee-a6f2-4a1a-a690-f7ecce651755,SPY   251010C00675000,2025-10-07T15:00:00Z,1.010000,1.110000,0.940000,1.020000
c3f876ee-a6f2-4a1a-a690-f7ecce651755,SPY   251010C00675000,2025-10-07T16:00:00Z,0.820000,0.970000,0.750000,0.780000
c3f876ee-a6f2-4a1a-a690-f7ecce651755,SPY   251010C00675000,2025-10-07T17:00:00Z,0.850000,0.910000,0.840000,0.890000
c3f876ee-a6f2-4a1a-a690-f7ecce651755,SPY   251010C00675000,2025-10-07T18:00:00Z,0.730000,0.810000,0.670000,0.760000
c3f876ee-a6f2-4a1a-a690-f7ecce651755,SPY   251010C00675000,2025-10-07T19:00:00Z,0.750000,0.750000,0.750000,0.750000
c3f876ee-a6f2-4a1a-a690-f7ecce651755,SPY   251010C00675000,2025-10-08T14:00:00Z,0.900000,0.900000,0.880000,0.880000
c3f876ee-a6f2-4a1a-a690-f7ecce651755,SPY   251010C00675000,2025-10-08T15:00:00Z,0.940000,1.270000,0.920000,1.160000
c3f876ee-a6f2-4a1a-a690-f7ecce651755,SPY   251010C00675000,2025-10-08T16:00:00Z,1.150000,1.290000,1.010000,1.150000
c3f876ee-a6f2-4a1a-a690-f7ecce651755,SPY   251010C00675000,2025-10-08T17:00:00Z,1.160000,1.250000,1.060000,1.090000
c3f876ee-a6f2-4a1a-a690-f7ecce651755,SPY   251010C00675000,2025-10-08T18:00:00Z,1.090000,1.260000,0.890000,0.910000
c3f876ee-a6f2-4a1a-a690-f7ecce651755,SPY   251010C00675000,2025-10-08T19:00:00Z,0.910000,1.140000,0.890000,1.100000
c3f876ee-a6f2-4a1a-a690-f7ecce651755,SPY   251010C00675000,2025-10-09T14:00:00Z,0.600000,0.680000,0.300000,0.460000
c3f876ee-a6f2-4a1a-a690-f7ecce651755,SPY   251010C00675000,2025-10-09T15:00:00Z,0.470000,0.530000,0.290000,0.400000
c3f876ee-a6f2-4a1a-a690-f7ecce651755,SPY   251010C00675000,2025-10-09T16:00:00Z,0.410000,0.440000,0.240000,0.250000
c3f876ee-a6f2-4a1a-a690-f7ecce651755,SPY   251010C00675000,2025-10-09T17:00:00Z,0.250000,0.270000,0.210000,0.250000
c3f876ee-a6f2-4a1a-a690-f7ecce651755,SPY   251010C00675000,2025-10-09T18:00:00Z,0.250000,0.250000,0.160000,0.180000
c3f876ee-a6f2-4a1a-a690-f7ecce651755,SPY   251010C00675000,2025-10-09T19:00:00Z,0.180000,0.200000,0.160000,0.180000
c3f876ee-a6f2-4a1a-a690-f7ecce651755,SPY   251010C00675000,2025-10-10T14:00:00Z,0.270000,0.300000,0.030000,0.040000
c3f876ee-a6f2-4a1a-a690-f7ecce651755,SPY   251010C00675000,2025-10-10T15:00:00Z,0.040000,0.040000,0.020000,0.020000
c3f876ee-a6f2-4a1a-a690-f7ecce651755,SPY   251010C00675000,2025-10-10T16:00:00Z,0.020000,0.020000,0.020000,0.020000
c3f876ee-a6f2-4a1a-a690-f7ecce651755,SPY   251010C00675000,2025-10-10T17:00:00Z,0.010000,0.010000,0.010000,0.010000
c3f876ee-a6f2-4a1a-a690-f7ecce651755,SPY   251010C00675000,2025-10-10T18:00:00Z,0.010000,0.010000,0.010000,0.010000
c3f876ee-a6f2-4a1a-a690-f7ecce651755,SPY   251010C00675000,2025-10-10T19:00:00Z,0.010000,0.010000,0.010000,0.010000
c52e2e7b-96ec-4279-b6dc-727877eea588,SPY   260313P00647000,2026-03-09T14:00:00Z,4.070000,4.320000,3.900000,4.300000
c52e2e7b-96ec-4279-b6dc-727877eea588,SPY   260313P00647000,2026-03-09T15:00:00Z,2.270000,2.390000,1.960000,2.240000
c52e2e7b-96ec-4279-b6dc-727877eea588,SPY   260313P00647000,2026-03-09T16:00:00Z,1.880000,2.010000,1.700000,1.980000
c52e2e7b-96ec-4279-b6dc-727877eea588,SPY   260313P00647000,2026-03-09T17:00:00Z,1.790000,2.250000,1.790000,2.000000
c52e2e7b-96ec-4279-b6dc-727877eea588,SPY   260313P00647000,2026-03-09T18:00:00Z,2.040000,2.040000,1.690000,1.710000
c52e2e7b-96ec-4279-b6dc-727877eea588,SPY   260313P00647000,2026-03-09T19:00:00Z,1.850000,1.940000,1.070000,1.260000
c52e2e7b-96ec-4279-b6dc-727877eea588,SPY   260313P00647000,2026-03-10T14:00:00Z,0.750000,0.840000,0.430000,0.430000
c52e2e7b-96ec-4279-b6dc-727877eea588,SPY   260313P00647000,2026-03-10T15:00:00Z,0.420000,0.420000,0.410000,0.420000
c52e2e7b-96ec-4279-b6dc-727877eea588,SPY   260313P00647000,2026-03-10T16:00:00Z,0.440000,0.440000,0.430000,0.440000
c52e2e7b-96ec-4279-b6dc-727877eea588,SPY   260313P00647000,2026-03-10T17:00:00Z,0.380000,0.380000,0.330000,0.330000
c52e2e7b-96ec-4279-b6dc-727877eea588,SPY   260313P00647000,2026-03-10T18:00:00Z,0.390000,0.910000,0.380000,0.580000
c52e2e7b-96ec-4279-b6dc-727877eea588,SPY   260313P00647000,2026-03-10T19:00:00Z,0.590000,0.750000,0.470000,0.650000
c52e2e7b-96ec-4279-b6dc-727877eea588,SPY   260313P00647000,2026-03-11T14:00:00Z,0.280000,0.440000,0.220000,0.280000
c52e2e7b-96ec-4279-b6dc-727877eea588,SPY   260313P00647000,2026-03-11T15:00:00Z,0.330000,0.480000,0.320000,0.420000
c52e2e7b-96ec-4279-b6dc-727877eea588,SPY   260313P00647000,2026-03-11T16:00:00Z,0.420000,0.490000,0.270000,0.270000
c52e2e7b-96ec-4279-b6dc-727877eea588,SPY   260313P00647000,2026-03-11T17:00:00Z,0.420000,0.420000,0.340000,0.350000
c52e2e7b-96ec-4279-b6dc-727877eea588,SPY   260313P00647000,2026-03-11T18:00:00Z,0.310000,0.390000,0.260000,0.270000
c52e2e7b-96ec-4279-b6dc-727877eea588,SPY   260313P00647000,2026-03-11T19:00:00Z,0.180000,0.190000,0.180000,0.190000
c52e2e7b-96ec-4279-b6dc-727877eea588,SPY   260313P00647000,2026-03-12T14:00:00Z,0.300000,0.300000,0.170000,0.230000
c52e2e7b-96ec-4279-b6dc-727877eea588,SPY   260313P00647000,2026-03-12T15:00:00Z,0.230000,0.260000,0.200000,0.230000
c52e2e7b-96ec-4279-b6dc-727877eea588,SPY   260313P00647000,2026-03-12T16:00:00Z,0.210000,0.240000,0.200000,0.230000
c52e2e7b-96ec-4279-b6dc-727877eea588,SPY   260313P00647000,2026-03-12T17:00:00Z,0.200000,0.250000,0.150000,0.200000
c52e2e7b-96ec-4279-b6dc-727877eea588,SPY   260313P00647000,2026-03-12T18:00:00Z,0.190000,0.190000,0.180000,0.180000
c52e2e7b-96ec-4279-b6dc-727877eea588,SPY   260313P00647000,2026-03-12T19:00:00Z,0.220000,0.260000,0.130000,0.240000
c52e2e7b-96ec-4279-b6dc-727877eea588,SPY   260313P00647000,2026-03-13T14:00:00Z,0.030000,0.040000,0.030000,0.040000
c52e2e7b-96ec-4279-b6dc-727877eea588,SPY   260313P00647000,2026-03-13T15:00:00Z,0.040000,0.040000,0.040000,0.040000
c52e2e7b-96ec-4279-b6dc-727877eea588,SPY   260313P00647000,2026-03-13T16:00:00Z,0.030000,0.030000,0.030000,0.030000
c52e2e7b-96ec-4279-b6dc-727877eea588,SPY   260313P00647000,2026-03-13T17:00:00Z,0.020000,0.020000,0.020000,0.020000
c52e2e7b-96ec-4279-b6dc-727877eea588,SPY   260313P00647000,2026-03-13T18:00:00Z,0.020000,0.020000,0.020000,0.020000
c52e2e7b-96ec-4279-b6dc-727877eea588,SPY   260313P00647000,2026-03-13T19:00:00Z,0.020000,0.020000,0.020000,0.020000
c6941f54-4779-411a-a207-5025258cf5d0,SPY   251121C00679000,2025-11-17T15:00:00Z,3.200000,3.290000,2.480000,2.540000
c6941f54-4779-411a-a207-5025258cf5d0,SPY   251121C00679000,2025-11-17T16:00:00Z,2.220000,2.460000,1.920000,2.440000
c6941f54-4779-411a-a207-5025258cf5d0,SPY   251121C00679000,2025-11-17T17:00:00Z,3.090000,3.100000,2.120000,2.120000
c6941f54-4779-411a-a207-5025258cf5d0,SPY   251121C00679000,2025-11-17T18:00:00Z,2.140000,2.220000,1.580000,1.580000
c6941f54-4779-411a-a207-5025258cf5d0,SPY   251121C00679000,2025-11-17T19:00:00Z,1.580000,1.630000,1.270000,1.310000
c6941f54-4779-411a-a207-5025258cf5d0,SPY   251121C00679000,2025-11-17T20:00:00Z,1.070000,1.370000,1.040000,1.310000
c6941f54-4779-411a-a207-5025258cf5d0,SPY   251121C00679000,2025-11-18T15:00:00Z,0.650000,0.740000,0.570000,0.720000
c6941f54-4779-411a-a207-5025258cf5d0,SPY   251121C00679000,2025-11-18T16:00:00Z,0.480000,0.610000,0.480000,0.610000
c6941f54-4779-411a-a207-5025258cf5d0,SPY   251121C00679000,2025-11-18T17:00:00Z,0.630000,0.950000,0.440000,0.880000
c6941f54-4779-411a-a207-5025258cf5d0,SPY   251121C00679000,2025-11-18T18:00:00Z,0.890000,1.000000,0.730000,0.750000
c6941f54-4779-411a-a207-5025258cf5d0,SPY   251121C00679000,2025-11-18T19:00:00Z,0.750000,0.970000,0.730000,0.830000
c6941f54-4779-411a-a207-5025258cf5d0,SPY   251121C00679000,2025-11-18T20:00:00Z,0.640000,0.650000,0.630000,0.650000
c6941f54-4779-411a-a207-5025258cf5d0,SPY   251121C00679000,2025-11-19T15:00:00Z,0.830000,0.920000,0.500000,0.520000
c6941f54-4779-411a-a207-5025258cf5d0,SPY   251121C00679000,2025-11-19T16:00:00Z,0.460000,0.490000,0.400000,0.410000
c6941f54-4779-411a-a207-5025258cf5d0,SPY   251121C00679000,2025-11-19T17:00:00Z,0.440000,0.470000,0.290000,0.390000
c6941f54-4779-411a-a207-5025258cf5d0,SPY   251121C00679000,2025-11-19T18:00:00Z,0.410000,0.520000,0.400000,0.460000
c6941f54-4779-411a-a207-5025258cf5d0,SPY   251121C00679000,2025-11-19T19:00:00Z,0.450000,0.460000,0.310000,0.320000
c6941f54-4779-411a-a207-5025258cf5d0,SPY   251121C00679000,2025-11-19T20:00:00Z,0.350000,0.390000,0.340000,0.380000
c6941f54-4779-411a-a207-5025258cf5d0,SPY   251121C00679000,2025-11-20T15:00:00Z,1.260000,1.410000,0.730000,0.730000
c6941f54-4779-411a-a207-5025258cf5d0,SPY   251121C00679000,2025-11-20T16:00:00Z,0.400000,0.440000,0.220000,0.240000
c6941f54-4779-411a-a207-5025258cf5d0,SPY   251121C00679000,2025-11-20T17:00:00Z,0.120000,0.120000,0.120000,0.120000
c6941f54-4779-411a-a207-5025258cf5d0,SPY   251121C00679000,2025-11-20T18:00:00Z,0.130000,0.160000,0.060000,0.070000
c6941f54-4779-411a-a207-5025258cf5d0,SPY   251121C00679000,2025-11-20T19:00:00Z,0.070000,0.070000,0.040000,0.040000
c6941f54-4779-411a-a207-5025258cf5d0,SPY   251121C00679000,2025-11-20T20:00:00Z,0.040000,0.040000,0.020000,0.030000
c6941f54-4779-411a-a207-5025258cf5d0,SPY   251121C00679000,2025-11-21T15:00:00Z,0.020000,0.020000,0.020000,0.020000
c6941f54-4779-411a-a207-5025258cf5d0,SPY   251121C00679000,2025-11-21T16:00:00Z,0.010000,0.010000,0.010000,0.010000
c6941f54-4779-411a-a207-5025258cf5d0,SPY   251121C00679000,2025-11-21T17:00:00Z,0.010000,0.010000,0.010000,0.010000
c6941f54-4779-411a-a207-5025258cf5d0,SPY   251121C00679000,2025-11-21T18:00:00Z,0.010000,0.010000,0.010000,0.010000
c6941f54-4779-411a-a207-5025258cf5d0,SPY   251121C00679000,2025-11-21T19:00:00Z,0.010000,0.010000,0.010000,0.010000
c6941f54-4779-411a-a207-5025258cf5d0,SPY   251121C00679000,2025-11-21T20:00:00Z,0.010000,0.010000,0.010000,0.010000
c9fc44e9-4147-4edb-9269-097b58bc116f,SPY   251219P00667000,2025-12-15T15:00:00Z,1.160000,1.840000,1.160000,1.260000
c9fc44e9-4147-4edb-9269-097b58bc116f,SPY   251219P00667000,2025-12-15T16:00:00Z,1.350000,1.460000,0.910000,1.270000
c9fc44e9-4147-4edb-9269-097b58bc116f,SPY   251219P00667000,2025-12-15T17:00:00Z,1.390000,1.460000,1.320000,1.320000
c9fc44e9-4147-4edb-9269-097b58bc116f,SPY   251219P00667000,2025-12-15T18:00:00Z,1.220000,1.440000,1.050000,1.100000
c9fc44e9-4147-4edb-9269-097b58bc116f,SPY   251219P00667000,2025-12-15T19:00:00Z,1.100000,1.200000,0.970000,0.980000
c9fc44e9-4147-4edb-9269-097b58bc116f,SPY   251219P00667000,2025-12-15T20:00:00Z,1.060000,1.070000,1.060000,1.070000
c9fc44e9-4147-4edb-9269-097b58bc116f,SPY   251219P00667000,2025-12-16T15:00:00Z,1.040000,1.990000,1.020000,1.260000
c9fc44e9-4147-4edb-9269-097b58bc116f,SPY   251219P00667000,2025-12-16T16:00:00Z,1.530000,1.530000,1.510000,1.510000
c9fc44e9-4147-4edb-9269-097b58bc116f,SPY   251219P00667000,2025-12-16T17:00:00Z,1.270000,1.580000,1.100000,1.580000
c9fc44e9-4147-4edb-9269-097b58bc116f,SPY   251219P00667000,2025-12-16T18:00:00Z,1.870000,2.050000,1.790000,1.940000
c9fc44e9-4147-4edb-9269-097b58bc116f,SPY   251219P00667000,2025-12-16T19:00:00Z,1.250000,1.730000,1.090000,1.180000
c9fc44e9-4147-4edb-9269-097b58bc116f,SPY   251219P00667000,2025-12-16T20:00:00Z,1.190000,1.200000,0.730000,0.790000
c9fc44e9-4147-4edb-9269-097b58bc116f,SPY   251219P00667000,2025-12-17T15:00:00Z,0.850000,2.100000,0.800000,1.900000
c9fc44e9-4147-4edb-9269-097b58bc116f,SPY   251219P00667000,2025-12-17T16:00:00Z,1.860000,1.860000,1.700000,1.740000
c9fc44e9-4147-4edb-9269-097b58bc116f,SPY   251219P00667000,2025-12-17T17:00:00Z,2.110000,2.300000,1.970000,1.980000
c9fc44e9-4147-4edb-9269-097b58bc116f,SPY   251219P00667000,2025-12-17T18:00:00Z,2.470000,2.470000,2.170000,2.390000
c9fc44e9-4147-4edb-9269-097b58bc116f,SPY   251219P00667000,2025-12-17T19:00:00Z,2.290000,2.480000,1.970000,1.990000
c9fc44e9-4147-4edb-9269-097b58bc116f,SPY   251219P00667000,2025-12-17T20:00:00Z,1.980000,2.480000,1.920000,2.460000
c9fc44e9-4147-4edb-9269-097b58bc116f,SPY   251219P00667000,2025-12-18T15:00:00Z,0.770000,0.960000,0.360000,0.370000
c9fc44e9-4147-4edb-9269-097b58bc116f,SPY   251219P00667000,2025-12-18T16:00:00Z,0.330000,0.340000,0.330000,0.340000
c9fc44e9-4147-4edb-9269-097b58bc116f,SPY   251219P00667000,2025-12-18T17:00:00Z,0.340000,1.180000,0.340000,0.420000
c9fc44e9-4147-4edb-9269-097b58bc116f,SPY   251219P00667000,2025-12-18T18:00:00Z,0.420000,0.510000,0.280000,0.380000
c9fc44e9-4147-4edb-9269-097b58bc116f,SPY   251219P00667000,2025-12-18T19:00:00Z,0.630000,0.680000,0.460000,0.650000
c9fc44e9-4147-4edb-9269-097b58bc116f,SPY   251219P00667000,2025-12-18T20:00:00Z,0.510000,0.520000,0.470000,0.470000
c9fc44e9-4147-4edb-9269-097b58bc116f,SPY   251219P00667000,2025-12-19T15:00:00Z,0.070000,0.080000,0.060000,0.060000
c9fc44e9-4147-4edb-9269-097b58bc116f,SPY   251219P00667000,2025-12-19T16:00:00Z,0.040000,0.040000,0.040000,0.040000
c9fc44e9-4147-4edb-9269-097b58bc116f,SPY   251219P00667000,2025-12-19T17:00:00Z,0.040000,0.040000,0.030000,0.030000
c9fc44e9-4147-4edb-9269-097b58bc116f,SPY   251219P00667000,2025-12-19T18:00:00Z,0.030000,0.040000,0.030000,0.030000
c9fc44e9-4147-4edb-9269-097b58bc116f,SPY   251219P00667000,2025-12-19T19:00:00Z,0.030000,0.030000,0.020000,0.020000
c9fc44e9-4147-4edb-9269-097b58bc116f,SPY   251219P00667000,2025-12-19T20:00:00Z,0.020000,0.020000,0.010000,0.010000
ca18d78b-d7ea-4261-aa09-3e4f0d1651dd,SPY   260529C00763000,2026-05-19T14:00:00Z,0.250000,0.250000,0.150000,0.190000
ca18d78b-d7ea-4261-aa09-3e4f0d1651dd,SPY   260529C00763000,2026-05-19T15:00:00Z,0.190000,0.200000,0.180000,0.200000
ca18d78b-d7ea-4261-aa09-3e4f0d1651dd,SPY   260529C00763000,2026-05-19T16:00:00Z,0.180000,0.250000,0.170000,0.250000
ca18d78b-d7ea-4261-aa09-3e4f0d1651dd,SPY   260529C00763000,2026-05-19T17:00:00Z,0.330000,0.340000,0.320000,0.320000
ca18d78b-d7ea-4261-aa09-3e4f0d1651dd,SPY   260529C00763000,2026-05-19T18:00:00Z,0.300000,0.310000,0.180000,0.180000
ca18d78b-d7ea-4261-aa09-3e4f0d1651dd,SPY   260529C00763000,2026-05-19T19:00:00Z,0.180000,0.230000,0.130000,0.160000
ca18d78b-d7ea-4261-aa09-3e4f0d1651dd,SPY   260529C00763000,2026-05-20T14:00:00Z,0.220000,0.380000,0.180000,0.370000
ca18d78b-d7ea-4261-aa09-3e4f0d1651dd,SPY   260529C00763000,2026-05-20T15:00:00Z,0.380000,0.430000,0.380000,0.400000
ca18d78b-d7ea-4261-aa09-3e4f0d1651dd,SPY   260529C00763000,2026-05-20T16:00:00Z,0.420000,0.430000,0.320000,0.340000
ca18d78b-d7ea-4261-aa09-3e4f0d1651dd,SPY   260529C00763000,2026-05-20T17:00:00Z,0.350000,0.360000,0.350000,0.350000
ca18d78b-d7ea-4261-aa09-3e4f0d1651dd,SPY   260529C00763000,2026-05-20T18:00:00Z,0.310000,0.340000,0.250000,0.260000
ca18d78b-d7ea-4261-aa09-3e4f0d1651dd,SPY   260529C00763000,2026-05-20T19:00:00Z,0.250000,0.360000,0.250000,0.320000
ca18d78b-d7ea-4261-aa09-3e4f0d1651dd,SPY   260529C00763000,2026-05-21T14:00:00Z,0.200000,0.230000,0.140000,0.170000
ca18d78b-d7ea-4261-aa09-3e4f0d1651dd,SPY   260529C00763000,2026-05-21T15:00:00Z,0.160000,0.160000,0.150000,0.150000
ca18d78b-d7ea-4261-aa09-3e4f0d1651dd,SPY   260529C00763000,2026-05-21T16:00:00Z,0.130000,0.130000,0.120000,0.120000
ca18d78b-d7ea-4261-aa09-3e4f0d1651dd,SPY   260529C00763000,2026-05-21T17:00:00Z,0.130000,0.450000,0.130000,0.340000
ca18d78b-d7ea-4261-aa09-3e4f0d1651dd,SPY   260529C00763000,2026-05-21T18:00:00Z,0.340000,0.350000,0.150000,0.160000
ca18d78b-d7ea-4261-aa09-3e4f0d1651dd,SPY   260529C00763000,2026-05-21T19:00:00Z,0.170000,0.260000,0.170000,0.210000
ca18d78b-d7ea-4261-aa09-3e4f0d1651dd,SPY   260529C00763000,2026-05-22T14:00:00Z,0.350000,0.360000,0.350000,0.350000
ca18d78b-d7ea-4261-aa09-3e4f0d1651dd,SPY   260529C00763000,2026-05-22T15:00:00Z,0.360000,0.450000,0.360000,0.430000
ca18d78b-d7ea-4261-aa09-3e4f0d1651dd,SPY   260529C00763000,2026-05-22T16:00:00Z,0.390000,0.400000,0.380000,0.380000
ca18d78b-d7ea-4261-aa09-3e4f0d1651dd,SPY   260529C00763000,2026-05-22T17:00:00Z,0.480000,0.490000,0.430000,0.440000
ca18d78b-d7ea-4261-aa09-3e4f0d1651dd,SPY   260529C00763000,2026-05-22T18:00:00Z,0.410000,0.440000,0.380000,0.410000
ca18d78b-d7ea-4261-aa09-3e4f0d1651dd,SPY   260529C00763000,2026-05-22T19:00:00Z,0.360000,0.360000,0.290000,0.340000
ca18d78b-d7ea-4261-aa09-3e4f0d1651dd,SPY   260529C00763000,2026-05-26T14:00:00Z,0.470000,0.470000,0.460000,0.460000
ca18d78b-d7ea-4261-aa09-3e4f0d1651dd,SPY   260529C00763000,2026-05-26T15:00:00Z,0.320000,0.320000,0.320000,0.320000
ca18d78b-d7ea-4261-aa09-3e4f0d1651dd,SPY   260529C00763000,2026-05-26T16:00:00Z,0.270000,0.300000,0.240000,0.250000
ca18d78b-d7ea-4261-aa09-3e4f0d1651dd,SPY   260529C00763000,2026-05-26T17:00:00Z,0.250000,0.270000,0.230000,0.240000
ca18d78b-d7ea-4261-aa09-3e4f0d1651dd,SPY   260529C00763000,2026-05-26T18:00:00Z,0.230000,0.260000,0.180000,0.180000
ca18d78b-d7ea-4261-aa09-3e4f0d1651dd,SPY   260529C00763000,2026-05-26T19:00:00Z,0.180000,0.250000,0.170000,0.220000
ca18d78b-d7ea-4261-aa09-3e4f0d1651dd,SPY   260529C00763000,2026-05-27T14:00:00Z,0.190000,0.210000,0.130000,0.160000
ca18d78b-d7ea-4261-aa09-3e4f0d1651dd,SPY   260529C00763000,2026-05-27T15:00:00Z,0.130000,0.140000,0.100000,0.110000
ca18d78b-d7ea-4261-aa09-3e4f0d1651dd,SPY   260529C00763000,2026-05-27T16:00:00Z,0.110000,0.120000,0.100000,0.110000
ca18d78b-d7ea-4261-aa09-3e4f0d1651dd,SPY   260529C00763000,2026-05-27T17:00:00Z,0.100000,0.100000,0.080000,0.090000
ca18d78b-d7ea-4261-aa09-3e4f0d1651dd,SPY   260529C00763000,2026-05-27T18:00:00Z,0.090000,0.100000,0.080000,0.090000
ca18d78b-d7ea-4261-aa09-3e4f0d1651dd,SPY   260529C00763000,2026-05-27T19:00:00Z,0.090000,0.090000,0.060000,0.070000
ca18d78b-d7ea-4261-aa09-3e4f0d1651dd,SPY   260529C00763000,2026-05-28T14:00:00Z,0.100000,0.140000,0.070000,0.130000
ca18d78b-d7ea-4261-aa09-3e4f0d1651dd,SPY   260529C00763000,2026-05-28T15:00:00Z,0.090000,0.110000,0.090000,0.090000
ca18d78b-d7ea-4261-aa09-3e4f0d1651dd,SPY   260529C00763000,2026-05-28T16:00:00Z,0.100000,0.110000,0.090000,0.100000
ca18d78b-d7ea-4261-aa09-3e4f0d1651dd,SPY   260529C00763000,2026-05-28T17:00:00Z,0.080000,0.080000,0.080000,0.080000
ca18d78b-d7ea-4261-aa09-3e4f0d1651dd,SPY   260529C00763000,2026-05-28T18:00:00Z,0.090000,0.090000,0.060000,0.060000
ca18d78b-d7ea-4261-aa09-3e4f0d1651dd,SPY   260529C00763000,2026-05-28T19:00:00Z,0.060000,0.080000,0.050000,0.070000
ca18d78b-d7ea-4261-aa09-3e4f0d1651dd,SPY   260529C00763000,2026-05-29T14:00:00Z,0.040000,0.040000,0.040000,0.040000
ca18d78b-d7ea-4261-aa09-3e4f0d1651dd,SPY   260529C00763000,2026-05-29T15:00:00Z,0.040000,0.050000,0.040000,0.050000
ca18d78b-d7ea-4261-aa09-3e4f0d1651dd,SPY   260529C00763000,2026-05-29T16:00:00Z,0.030000,0.030000,0.030000,0.030000
ca18d78b-d7ea-4261-aa09-3e4f0d1651dd,SPY   260529C00763000,2026-05-29T17:00:00Z,0.030000,0.030000,0.020000,0.020000
ca18d78b-d7ea-4261-aa09-3e4f0d1651dd,SPY   260529C00763000,2026-05-29T18:00:00Z,0.020000,0.040000,0.020000,0.030000
ca18d78b-d7ea-4261-aa09-3e4f0d1651dd,SPY   260529C00763000,2026-05-29T19:00:00Z,0.020000,0.020000,0.020000,0.020000
cc69d8bb-636e-400a-b345-add8b19939e5,SPY   251024C00676000,2025-10-20T14:00:00Z,1.470000,2.120000,1.460000,2.040000
cc69d8bb-636e-400a-b345-add8b19939e5,SPY   251024C00676000,2025-10-20T15:00:00Z,2.110000,2.180000,1.870000,1.920000
cc69d8bb-636e-400a-b345-add8b19939e5,SPY   251024C00676000,2025-10-20T16:00:00Z,1.850000,1.850000,1.840000,1.850000
cc69d8bb-636e-400a-b345-add8b19939e5,SPY   251024C00676000,2025-10-20T17:00:00Z,1.910000,2.250000,1.910000,2.140000
cc69d8bb-636e-400a-b345-add8b19939e5,SPY   251024C00676000,2025-10-20T18:00:00Z,2.130000,2.250000,1.870000,1.980000
cc69d8bb-636e-400a-b345-add8b19939e5,SPY   251024C00676000,2025-10-20T19:00:00Z,1.980000,2.120000,1.850000,1.920000
cc69d8bb-636e-400a-b345-add8b19939e5,SPY   251024C00676000,2025-10-21T14:00:00Z,1.520000,1.860000,1.300000,1.850000
cc69d8bb-636e-400a-b345-add8b19939e5,SPY   251024C00676000,2025-10-21T15:00:00Z,1.750000,1.750000,1.710000,1.720000
cc69d8bb-636e-400a-b345-add8b19939e5,SPY   251024C00676000,2025-10-21T16:00:00Z,1.680000,1.850000,1.530000,1.540000
cc69d8bb-636e-400a-b345-add8b19939e5,SPY   251024C00676000,2025-10-21T17:00:00Z,1.470000,1.560000,1.300000,1.520000
cc69d8bb-636e-400a-b345-add8b19939e5,SPY   251024C00676000,2025-10-21T18:00:00Z,1.520000,1.560000,1.280000,1.330000
cc69d8bb-636e-400a-b345-add8b19939e5,SPY   251024C00676000,2025-10-21T19:00:00Z,1.320000,1.550000,1.300000,1.550000
cc69d8bb-636e-400a-b345-add8b19939e5,SPY   251024C00676000,2025-10-22T14:00:00Z,1.040000,1.110000,0.560000,0.770000
cc69d8bb-636e-400a-b345-add8b19939e5,SPY   251024C00676000,2025-10-22T15:00:00Z,0.680000,0.700000,0.680000,0.690000
cc69d8bb-636e-400a-b345-add8b19939e5,SPY   251024C00676000,2025-10-22T16:00:00Z,0.280000,0.460000,0.280000,0.410000
cc69d8bb-636e-400a-b345-add8b19939e5,SPY   251024C00676000,2025-10-22T17:00:00Z,0.420000,0.430000,0.230000,0.230000
cc69d8bb-636e-400a-b345-add8b19939e5,SPY   251024C00676000,2025-10-22T18:00:00Z,0.270000,0.280000,0.210000,0.260000
cc69d8bb-636e-400a-b345-add8b19939e5,SPY   251024C00676000,2025-10-22T19:00:00Z,0.250000,0.360000,0.250000,0.300000
cc69d8bb-636e-400a-b345-add8b19939e5,SPY   251024C00676000,2025-10-23T14:00:00Z,0.440000,0.490000,0.240000,0.420000
cc69d8bb-636e-400a-b345-add8b19939e5,SPY   251024C00676000,2025-10-23T15:00:00Z,0.340000,0.410000,0.250000,0.270000
cc69d8bb-636e-400a-b345-add8b19939e5,SPY   251024C00676000,2025-10-23T16:00:00Z,0.350000,0.420000,0.310000,0.390000
cc69d8bb-636e-400a-b345-add8b19939e5,SPY   251024C00676000,2025-10-23T17:00:00Z,0.470000,0.470000,0.370000,0.430000
cc69d8bb-636e-400a-b345-add8b19939e5,SPY   251024C00676000,2025-10-23T18:00:00Z,0.540000,0.610000,0.540000,0.580000
cc69d8bb-636e-400a-b345-add8b19939e5,SPY   251024C00676000,2025-10-23T19:00:00Z,0.650000,0.680000,0.410000,0.410000
cc69d8bb-636e-400a-b345-add8b19939e5,SPY   251024C00676000,2025-10-24T14:00:00Z,2.190000,2.520000,1.390000,1.560000
cc69d8bb-636e-400a-b345-add8b19939e5,SPY   251024C00676000,2025-10-24T15:00:00Z,1.570000,2.770000,1.480000,2.320000
cc69d8bb-636e-400a-b345-add8b19939e5,SPY   251024C00676000,2025-10-24T16:00:00Z,2.330000,2.670000,1.700000,2.190000
cc69d8bb-636e-400a-b345-add8b19939e5,SPY   251024C00676000,2025-10-24T17:00:00Z,2.190000,2.340000,1.930000,2.330000
cc69d8bb-636e-400a-b345-add8b19939e5,SPY   251024C00676000,2025-10-24T18:00:00Z,2.190000,2.430000,1.880000,2.250000
cc69d8bb-636e-400a-b345-add8b19939e5,SPY   251024C00676000,2025-10-24T19:00:00Z,2.250000,2.480000,1.640000,1.720000
cd2d2fc3-db69-468f-a1f0-2c4e9bb032b8,SPY   260724C00762000,2026-07-13T14:00:00Z,2.100000,2.140000,2.090000,2.140000
cd2d2fc3-db69-468f-a1f0-2c4e9bb032b8,SPY   260724C00762000,2026-07-13T15:00:00Z,2.410000,2.460000,2.160000,2.170000
cd2d2fc3-db69-468f-a1f0-2c4e9bb032b8,SPY   260724C00762000,2026-07-13T16:00:00Z,1.960000,2.070000,1.670000,1.800000
cd2d2fc3-db69-468f-a1f0-2c4e9bb032b8,SPY   260724C00762000,2026-07-13T17:00:00Z,1.810000,1.920000,1.690000,1.720000
cd2d2fc3-db69-468f-a1f0-2c4e9bb032b8,SPY   260724C00762000,2026-07-13T18:00:00Z,1.720000,1.910000,1.710000,1.780000
cd2d2fc3-db69-468f-a1f0-2c4e9bb032b8,SPY   260724C00762000,2026-07-13T19:00:00Z,1.790000,1.870000,1.620000,1.770000
cd2d2fc3-db69-468f-a1f0-2c4e9bb032b8,SPY   260724C00762000,2026-07-14T14:00:00Z,1.710000,1.760000,1.710000,1.750000
cd2d2fc3-db69-468f-a1f0-2c4e9bb032b8,SPY   260724C00762000,2026-07-14T15:00:00Z,2.040000,2.210000,1.730000,1.790000
cd2d2fc3-db69-468f-a1f0-2c4e9bb032b8,SPY   260724C00762000,2026-07-14T16:00:00Z,1.800000,1.800000,1.650000,1.660000
cd2d2fc3-db69-468f-a1f0-2c4e9bb032b8,SPY   260724C00762000,2026-07-14T17:00:00Z,1.880000,2.040000,1.850000,1.970000
cd2d2fc3-db69-468f-a1f0-2c4e9bb032b8,SPY   260724C00762000,2026-07-14T18:00:00Z,1.970000,2.070000,1.810000,1.890000
cd2d2fc3-db69-468f-a1f0-2c4e9bb032b8,SPY   260724C00762000,2026-07-14T19:00:00Z,1.870000,1.920000,1.740000,1.750000
cd2d2fc3-db69-468f-a1f0-2c4e9bb032b8,SPY   260724C00762000,2026-07-15T14:00:00Z,2.190000,2.440000,1.760000,1.770000
cd2d2fc3-db69-468f-a1f0-2c4e9bb032b8,SPY   260724C00762000,2026-07-15T15:00:00Z,1.830000,1.920000,1.690000,1.710000
cd2d2fc3-db69-468f-a1f0-2c4e9bb032b8,SPY   260724C00762000,2026-07-15T16:00:00Z,1.600000,1.640000,1.220000,1.410000
cd2d2fc3-db69-468f-a1f0-2c4e9bb032b8,SPY   260724C00762000,2026-07-15T17:00:00Z,1.420000,1.980000,1.400000,1.950000
cd2d2fc3-db69-468f-a1f0-2c4e9bb032b8,SPY   260724C00762000,2026-07-15T18:00:00Z,1.960000,2.130000,1.650000,1.670000
cd2d2fc3-db69-468f-a1f0-2c4e9bb032b8,SPY   260724C00762000,2026-07-15T19:00:00Z,1.670000,1.820000,1.610000,1.770000
cd2d2fc3-db69-468f-a1f0-2c4e9bb032b8,SPY   260724C00762000,2026-07-16T14:00:00Z,1.620000,1.670000,1.590000,1.650000
cd2d2fc3-db69-468f-a1f0-2c4e9bb032b8,SPY   260724C00762000,2026-07-16T15:00:00Z,1.520000,1.600000,1.510000,1.570000
cd2d2fc3-db69-468f-a1f0-2c4e9bb032b8,SPY   260724C00762000,2026-07-16T16:00:00Z,1.270000,1.310000,1.240000,1.310000
cd2d2fc3-db69-468f-a1f0-2c4e9bb032b8,SPY   260724C00762000,2026-07-16T17:00:00Z,1.280000,1.290000,1.270000,1.280000
cd2d2fc3-db69-468f-a1f0-2c4e9bb032b8,SPY   260724C00762000,2026-07-16T18:00:00Z,1.180000,1.220000,1.000000,1.040000
cd2d2fc3-db69-468f-a1f0-2c4e9bb032b8,SPY   260724C00762000,2026-07-16T19:00:00Z,1.040000,1.080000,0.810000,0.900000
cd2d2fc3-db69-468f-a1f0-2c4e9bb032b8,SPY   260724C00762000,2026-07-17T14:00:00Z,0.440000,0.610000,0.430000,0.540000
cd2d2fc3-db69-468f-a1f0-2c4e9bb032b8,SPY   260724C00762000,2026-07-17T15:00:00Z,0.460000,0.460000,0.360000,0.380000
cd2d2fc3-db69-468f-a1f0-2c4e9bb032b8,SPY   260724C00762000,2026-07-17T16:00:00Z,0.360000,0.370000,0.360000,0.360000
cd2d2fc3-db69-468f-a1f0-2c4e9bb032b8,SPY   260724C00762000,2026-07-17T17:00:00Z,0.390000,0.430000,0.250000,0.260000
cd2d2fc3-db69-468f-a1f0-2c4e9bb032b8,SPY   260724C00762000,2026-07-17T18:00:00Z,0.260000,0.260000,0.210000,0.210000
cd2d2fc3-db69-468f-a1f0-2c4e9bb032b8,SPY   260724C00762000,2026-07-17T19:00:00Z,0.210000,0.220000,0.180000,0.190000
cd2d2fc3-db69-468f-a1f0-2c4e9bb032b8,SPY   260724C00762000,2026-07-20T14:00:00Z,0.170000,0.180000,0.140000,0.140000
cd2d2fc3-db69-468f-a1f0-2c4e9bb032b8,SPY   260724C00762000,2026-07-20T15:00:00Z,0.150000,0.150000,0.130000,0.140000
cd2d2fc3-db69-468f-a1f0-2c4e9bb032b8,SPY   260724C00762000,2026-07-20T16:00:00Z,0.130000,0.130000,0.120000,0.130000
cd2d2fc3-db69-468f-a1f0-2c4e9bb032b8,SPY   260724C00762000,2026-07-20T17:00:00Z,0.110000,0.110000,0.080000,0.080000
cd2d2fc3-db69-468f-a1f0-2c4e9bb032b8,SPY   260724C00762000,2026-07-20T18:00:00Z,0.080000,0.080000,0.060000,0.060000
cd2d2fc3-db69-468f-a1f0-2c4e9bb032b8,SPY   260724C00762000,2026-07-20T19:00:00Z,0.050000,0.050000,0.050000,0.050000
cd2d2fc3-db69-468f-a1f0-2c4e9bb032b8,SPY   260724C00762000,2026-07-21T14:00:00Z,0.060000,0.070000,0.050000,0.060000
cd2d2fc3-db69-468f-a1f0-2c4e9bb032b8,SPY   260724C00762000,2026-07-21T15:00:00Z,0.060000,0.080000,0.060000,0.080000
cd2d2fc3-db69-468f-a1f0-2c4e9bb032b8,SPY   260724C00762000,2026-07-21T16:00:00Z,0.080000,0.090000,0.080000,0.090000
cd2d2fc3-db69-468f-a1f0-2c4e9bb032b8,SPY   260724C00762000,2026-07-21T17:00:00Z,0.090000,0.090000,0.090000,0.090000
cd2d2fc3-db69-468f-a1f0-2c4e9bb032b8,SPY   260724C00762000,2026-07-21T18:00:00Z,0.070000,0.070000,0.070000,0.070000
cd2d2fc3-db69-468f-a1f0-2c4e9bb032b8,SPY   260724C00762000,2026-07-21T19:00:00Z,0.050000,0.060000,0.050000,0.060000
cd2d2fc3-db69-468f-a1f0-2c4e9bb032b8,SPY   260724C00762000,2026-07-22T14:00:00Z,0.040000,0.040000,0.040000,0.040000
cd2d2fc3-db69-468f-a1f0-2c4e9bb032b8,SPY   260724C00762000,2026-07-22T15:00:00Z,0.040000,0.040000,0.040000,0.040000
cd2d2fc3-db69-468f-a1f0-2c4e9bb032b8,SPY   260724C00762000,2026-07-22T16:00:00Z,0.050000,0.060000,0.050000,0.060000
cd2d2fc3-db69-468f-a1f0-2c4e9bb032b8,SPY   260724C00762000,2026-07-22T17:00:00Z,0.060000,0.060000,0.030000,0.030000
cd2d2fc3-db69-468f-a1f0-2c4e9bb032b8,SPY   260724C00762000,2026-07-22T18:00:00Z,0.030000,0.030000,0.030000,0.030000
cd2d2fc3-db69-468f-a1f0-2c4e9bb032b8,SPY   260724C00762000,2026-07-22T19:00:00Z,0.030000,0.030000,0.020000,0.020000
cd2d2fc3-db69-468f-a1f0-2c4e9bb032b8,SPY   260724C00762000,2026-07-23T14:00:00Z,0.020000,0.020000,0.020000,0.020000
cd2d2fc3-db69-468f-a1f0-2c4e9bb032b8,SPY   260724C00762000,2026-07-23T15:00:00Z,0.020000,0.020000,0.010000,0.010000
cd2d2fc3-db69-468f-a1f0-2c4e9bb032b8,SPY   260724C00762000,2026-07-23T16:00:00Z,0.010000,0.010000,0.010000,0.010000
cd2d2fc3-db69-468f-a1f0-2c4e9bb032b8,SPY   260724C00762000,2026-07-23T17:00:00Z,0.010000,0.010000,0.010000,0.010000
cd2d2fc3-db69-468f-a1f0-2c4e9bb032b8,SPY   260724C00762000,2026-07-23T18:00:00Z,0.010000,0.010000,0.010000,0.010000
cd2d2fc3-db69-468f-a1f0-2c4e9bb032b8,SPY   260724C00762000,2026-07-23T19:00:00Z,0.010000,0.010000,0.010000,0.010000
cd2d2fc3-db69-468f-a1f0-2c4e9bb032b8,SPY   260724C00762000,2026-07-24T14:00:00Z,0.010000,0.010000,0.010000,0.010000
cd2d2fc3-db69-468f-a1f0-2c4e9bb032b8,SPY   260724C00762000,2026-07-24T15:00:00Z,0.010000,0.010000,0.010000,0.010000
cd2d2fc3-db69-468f-a1f0-2c4e9bb032b8,SPY   260724C00762000,2026-07-24T16:00:00Z,0.010000,0.010000,0.010000,0.010000
cd2d2fc3-db69-468f-a1f0-2c4e9bb032b8,SPY   260724C00762000,2026-07-24T17:00:00Z,0.010000,0.010000,0.010000,0.010000
cd2d2fc3-db69-468f-a1f0-2c4e9bb032b8,SPY   260724C00762000,2026-07-24T18:00:00Z,0.010000,0.010000,0.010000,0.010000
cd2d2fc3-db69-468f-a1f0-2c4e9bb032b8,SPY   260724C00762000,2026-07-24T19:00:00Z,0.010000,0.010000,0.010000,0.010000
cd346e21-0446-4fdd-9026-a55fd8c5b1cc,SPY   260717C00770000,2026-07-13T14:00:00Z,0.120000,0.130000,0.080000,0.090000
cd346e21-0446-4fdd-9026-a55fd8c5b1cc,SPY   260717C00770000,2026-07-13T15:00:00Z,0.090000,0.100000,0.070000,0.070000
cd346e21-0446-4fdd-9026-a55fd8c5b1cc,SPY   260717C00770000,2026-07-13T16:00:00Z,0.070000,0.080000,0.070000,0.070000
cd346e21-0446-4fdd-9026-a55fd8c5b1cc,SPY   260717C00770000,2026-07-13T17:00:00Z,0.070000,0.070000,0.070000,0.070000
cd346e21-0446-4fdd-9026-a55fd8c5b1cc,SPY   260717C00770000,2026-07-13T18:00:00Z,0.070000,0.070000,0.060000,0.060000
cd346e21-0446-4fdd-9026-a55fd8c5b1cc,SPY   260717C00770000,2026-07-13T19:00:00Z,0.060000,0.070000,0.060000,0.070000
cd346e21-0446-4fdd-9026-a55fd8c5b1cc,SPY   260717C00770000,2026-07-14T14:00:00Z,0.060000,0.070000,0.050000,0.060000
cd346e21-0446-4fdd-9026-a55fd8c5b1cc,SPY   260717C00770000,2026-07-14T15:00:00Z,0.060000,0.070000,0.060000,0.060000
cd346e21-0446-4fdd-9026-a55fd8c5b1cc,SPY   260717C00770000,2026-07-14T16:00:00Z,0.060000,0.060000,0.050000,0.050000
cd346e21-0446-4fdd-9026-a55fd8c5b1cc,SPY   260717C00770000,2026-07-14T17:00:00Z,0.050000,0.050000,0.050000,0.050000
cd346e21-0446-4fdd-9026-a55fd8c5b1cc,SPY   260717C00770000,2026-07-14T18:00:00Z,0.050000,0.050000,0.050000,0.050000
cd346e21-0446-4fdd-9026-a55fd8c5b1cc,SPY   260717C00770000,2026-07-14T19:00:00Z,0.050000,0.050000,0.040000,0.040000
cd346e21-0446-4fdd-9026-a55fd8c5b1cc,SPY   260717C00770000,2026-07-15T14:00:00Z,0.030000,0.040000,0.030000,0.040000
cd346e21-0446-4fdd-9026-a55fd8c5b1cc,SPY   260717C00770000,2026-07-15T15:00:00Z,0.040000,0.040000,0.040000,0.040000
cd346e21-0446-4fdd-9026-a55fd8c5b1cc,SPY   260717C00770000,2026-07-15T16:00:00Z,0.040000,0.040000,0.040000,0.040000
cd346e21-0446-4fdd-9026-a55fd8c5b1cc,SPY   260717C00770000,2026-07-15T17:00:00Z,0.040000,0.040000,0.040000,0.040000
cd346e21-0446-4fdd-9026-a55fd8c5b1cc,SPY   260717C00770000,2026-07-15T18:00:00Z,0.040000,0.040000,0.030000,0.030000
cd346e21-0446-4fdd-9026-a55fd8c5b1cc,SPY   260717C00770000,2026-07-15T19:00:00Z,0.030000,0.030000,0.020000,0.020000
cd346e21-0446-4fdd-9026-a55fd8c5b1cc,SPY   260717C00770000,2026-07-16T14:00:00Z,0.020000,0.020000,0.020000,0.020000
cd346e21-0446-4fdd-9026-a55fd8c5b1cc,SPY   260717C00770000,2026-07-16T15:00:00Z,0.020000,0.020000,0.020000,0.020000
cd346e21-0446-4fdd-9026-a55fd8c5b1cc,SPY   260717C00770000,2026-07-16T16:00:00Z,0.020000,0.020000,0.020000,0.020000
cd346e21-0446-4fdd-9026-a55fd8c5b1cc,SPY   260717C00770000,2026-07-16T17:00:00Z,0.020000,0.020000,0.020000,0.020000
cd346e21-0446-4fdd-9026-a55fd8c5b1cc,SPY   260717C00770000,2026-07-16T18:00:00Z,0.020000,0.020000,0.020000,0.020000
cd346e21-0446-4fdd-9026-a55fd8c5b1cc,SPY   260717C00770000,2026-07-16T19:00:00Z,0.020000,0.020000,0.020000,0.020000
cd346e21-0446-4fdd-9026-a55fd8c5b1cc,SPY   260717C00770000,2026-07-17T14:00:00Z,0.010000,0.010000,0.010000,0.010000
cd346e21-0446-4fdd-9026-a55fd8c5b1cc,SPY   260717C00770000,2026-07-17T15:00:00Z,0.010000,0.010000,0.010000,0.010000
cd346e21-0446-4fdd-9026-a55fd8c5b1cc,SPY   260717C00770000,2026-07-17T16:00:00Z,0.010000,0.010000,0.010000,0.010000
cd346e21-0446-4fdd-9026-a55fd8c5b1cc,SPY   260717C00770000,2026-07-17T17:00:00Z,0.010000,0.010000,0.010000,0.010000
cd346e21-0446-4fdd-9026-a55fd8c5b1cc,SPY   260717C00770000,2026-07-17T18:00:00Z,0.010000,0.010000,0.010000,0.010000
cd346e21-0446-4fdd-9026-a55fd8c5b1cc,SPY   260717C00770000,2026-07-17T19:00:00Z,0.010000,0.010000,0.010000,0.010000
ce36625a-d1ad-457e-93bb-19d6c8720495,SPY   251107C00702000,2025-11-03T15:00:00Z,0.070000,0.080000,0.070000,0.080000
ce36625a-d1ad-457e-93bb-19d6c8720495,SPY   251107C00702000,2025-11-03T16:00:00Z,0.080000,0.080000,0.060000,0.070000
ce36625a-d1ad-457e-93bb-19d6c8720495,SPY   251107C00702000,2025-11-03T17:00:00Z,0.070000,0.070000,0.060000,0.070000
ce36625a-d1ad-457e-93bb-19d6c8720495,SPY   251107C00702000,2025-11-03T18:00:00Z,0.070000,0.070000,0.060000,0.060000
ce36625a-d1ad-457e-93bb-19d6c8720495,SPY   251107C00702000,2025-11-03T19:00:00Z,0.050000,0.050000,0.050000,0.050000
ce36625a-d1ad-457e-93bb-19d6c8720495,SPY   251107C00702000,2025-11-03T20:00:00Z,0.030000,0.030000,0.030000,0.030000
ce36625a-d1ad-457e-93bb-19d6c8720495,SPY   251107C00702000,2025-11-04T15:00:00Z,0.030000,0.030000,0.030000,0.030000
ce36625a-d1ad-457e-93bb-19d6c8720495,SPY   251107C00702000,2025-11-04T16:00:00Z,0.030000,0.030000,0.030000,0.030000
ce36625a-d1ad-457e-93bb-19d6c8720495,SPY   251107C00702000,2025-11-04T17:00:00Z,0.020000,0.020000,0.020000,0.020000
ce36625a-d1ad-457e-93bb-19d6c8720495,SPY   251107C00702000,2025-11-04T18:00:00Z,0.020000,0.020000,0.020000,0.020000
ce36625a-d1ad-457e-93bb-19d6c8720495,SPY   251107C00702000,2025-11-04T19:00:00Z,0.020000,0.020000,0.020000,0.020000
ce36625a-d1ad-457e-93bb-19d6c8720495,SPY   251107C00702000,2025-11-04T20:00:00Z,0.020000,0.020000,0.020000,0.020000
ce36625a-d1ad-457e-93bb-19d6c8720495,SPY   251107C00702000,2025-11-05T15:00:00Z,0.020000,0.020000,0.020000,0.020000
ce36625a-d1ad-457e-93bb-19d6c8720495,SPY   251107C00702000,2025-11-05T16:00:00Z,0.020000,0.020000,0.020000,0.020000
ce36625a-d1ad-457e-93bb-19d6c8720495,SPY   251107C00702000,2025-11-05T17:00:00Z,0.020000,0.020000,0.020000,0.020000
ce36625a-d1ad-457e-93bb-19d6c8720495,SPY   251107C00702000,2025-11-05T18:00:00Z,0.020000,0.020000,0.020000,0.020000
ce36625a-d1ad-457e-93bb-19d6c8720495,SPY   251107C00702000,2025-11-05T19:00:00Z,0.020000,0.020000,0.020000,0.020000
ce36625a-d1ad-457e-93bb-19d6c8720495,SPY   251107C00702000,2025-11-05T20:00:00Z,0.020000,0.020000,0.020000,0.020000
ce36625a-d1ad-457e-93bb-19d6c8720495,SPY   251107C00702000,2025-11-06T15:00:00Z,0.020000,0.020000,0.020000,0.020000
ce36625a-d1ad-457e-93bb-19d6c8720495,SPY   251107C00702000,2025-11-06T16:00:00Z,0.020000,0.020000,0.020000,0.020000
ce36625a-d1ad-457e-93bb-19d6c8720495,SPY   251107C00702000,2025-11-06T17:00:00Z,0.020000,0.020000,0.020000,0.020000
ce36625a-d1ad-457e-93bb-19d6c8720495,SPY   251107C00702000,2025-11-06T18:00:00Z,0.020000,0.020000,0.020000,0.020000
ce36625a-d1ad-457e-93bb-19d6c8720495,SPY   251107C00702000,2025-11-06T19:00:00Z,0.020000,0.020000,0.010000,0.010000
ce36625a-d1ad-457e-93bb-19d6c8720495,SPY   251107C00702000,2025-11-06T20:00:00Z,0.010000,0.010000,0.010000,0.010000
ce36625a-d1ad-457e-93bb-19d6c8720495,SPY   251107C00702000,2025-11-07T15:00:00Z,0.010000,0.010000,0.010000,0.010000
ce36625a-d1ad-457e-93bb-19d6c8720495,SPY   251107C00702000,2025-11-07T16:00:00Z,0.010000,0.010000,0.010000,0.010000
ce36625a-d1ad-457e-93bb-19d6c8720495,SPY   251107C00702000,2025-11-07T17:00:00Z,0.010000,0.010000,0.010000,0.010000
ce36625a-d1ad-457e-93bb-19d6c8720495,SPY   251107C00702000,2025-11-07T18:00:00Z,0.010000,0.010000,0.010000,0.010000
ce36625a-d1ad-457e-93bb-19d6c8720495,SPY   251107C00702000,2025-11-07T19:00:00Z,0.010000,0.010000,0.010000,0.010000
ce36625a-d1ad-457e-93bb-19d6c8720495,SPY   251107C00702000,2025-11-07T20:00:00Z,0.010000,0.010000,0.010000,0.010000
cff5d5b3-a9b5-413d-9502-5d860a78cc15,SPY   260618C00768000,2026-06-15T14:00:00Z,0.310000,0.340000,0.260000,0.330000
cff5d5b3-a9b5-413d-9502-5d860a78cc15,SPY   260618C00768000,2026-06-15T15:00:00Z,0.330000,0.510000,0.330000,0.500000
cff5d5b3-a9b5-413d-9502-5d860a78cc15,SPY   260618C00768000,2026-06-15T16:00:00Z,0.510000,0.560000,0.360000,0.380000
cff5d5b3-a9b5-413d-9502-5d860a78cc15,SPY   260618C00768000,2026-06-15T17:00:00Z,0.340000,0.390000,0.340000,0.380000
cff5d5b3-a9b5-413d-9502-5d860a78cc15,SPY   260618C00768000,2026-06-15T18:00:00Z,0.330000,0.340000,0.240000,0.240000
cff5d5b3-a9b5-413d-9502-5d860a78cc15,SPY   260618C00768000,2026-06-15T19:00:00Z,0.240000,0.270000,0.180000,0.180000
cff5d5b3-a9b5-413d-9502-5d860a78cc15,SPY   260618C00768000,2026-06-16T14:00:00Z,0.150000,0.180000,0.120000,0.130000
cff5d5b3-a9b5-413d-9502-5d860a78cc15,SPY   260618C00768000,2026-06-16T15:00:00Z,0.130000,0.140000,0.120000,0.130000
cff5d5b3-a9b5-413d-9502-5d860a78cc15,SPY   260618C00768000,2026-06-16T16:00:00Z,0.130000,0.150000,0.120000,0.120000
cff5d5b3-a9b5-413d-9502-5d860a78cc15,SPY   260618C00768000,2026-06-16T17:00:00Z,0.110000,0.110000,0.100000,0.110000
cff5d5b3-a9b5-413d-9502-5d860a78cc15,SPY   260618C00768000,2026-06-16T18:00:00Z,0.090000,0.090000,0.070000,0.070000
cff5d5b3-a9b5-413d-9502-5d860a78cc15,SPY   260618C00768000,2026-06-16T19:00:00Z,0.080000,0.080000,0.080000,0.080000
cff5d5b3-a9b5-413d-9502-5d860a78cc15,SPY   260618C00768000,2026-06-17T14:00:00Z,0.070000,0.070000,0.050000,0.050000
cff5d5b3-a9b5-413d-9502-5d860a78cc15,SPY   260618C00768000,2026-06-17T15:00:00Z,0.050000,0.050000,0.050000,0.050000
cff5d5b3-a9b5-413d-9502-5d860a78cc15,SPY   260618C00768000,2026-06-17T16:00:00Z,0.060000,0.060000,0.060000,0.060000
cff5d5b3-a9b5-413d-9502-5d860a78cc15,SPY   260618C00768000,2026-06-17T17:00:00Z,0.050000,0.050000,0.050000,0.050000
cff5d5b3-a9b5-413d-9502-5d860a78cc15,SPY   260618C00768000,2026-06-17T18:00:00Z,0.050000,0.050000,0.040000,0.040000
cff5d5b3-a9b5-413d-9502-5d860a78cc15,SPY   260618C00768000,2026-06-17T19:00:00Z,0.030000,0.030000,0.020000,0.030000
cff5d5b3-a9b5-413d-9502-5d860a78cc15,SPY   260618C00768000,2026-06-18T14:00:00Z,0.010000,0.010000,0.010000,0.010000
cff5d5b3-a9b5-413d-9502-5d860a78cc15,SPY   260618C00768000,2026-06-18T15:00:00Z,0.010000,0.010000,0.010000,0.010000
cff5d5b3-a9b5-413d-9502-5d860a78cc15,SPY   260618C00768000,2026-06-18T16:00:00Z,0.010000,0.010000,0.010000,0.010000
cff5d5b3-a9b5-413d-9502-5d860a78cc15,SPY   260618C00768000,2026-06-18T17:00:00Z,0.010000,0.010000,0.010000,0.010000
cff5d5b3-a9b5-413d-9502-5d860a78cc15,SPY   260618C00768000,2026-06-18T18:00:00Z,0.010000,0.010000,0.010000,0.010000
cff5d5b3-a9b5-413d-9502-5d860a78cc15,SPY   260618C00768000,2026-06-18T19:00:00Z,0.010000,0.010000,0.010000,0.010000
d68712fc-7956-4131-ae60-c1ef25d330ea,SPY   260807C00765000,2026-07-27T14:00:00Z,0.480000,0.490000,0.300000,0.370000
d68712fc-7956-4131-ae60-c1ef25d330ea,SPY   260807C00765000,2026-07-27T15:00:00Z,0.370000,0.390000,0.280000,0.300000
d68712fc-7956-4131-ae60-c1ef25d330ea,SPY   260807C00765000,2026-07-27T16:00:00Z,0.300000,0.380000,0.290000,0.350000
d68712fc-7956-4131-ae60-c1ef25d330ea,SPY   260807C00765000,2026-07-27T17:00:00Z,0.300000,0.300000,0.260000,0.300000
d68712fc-7956-4131-ae60-c1ef25d330ea,SPY   260807C00765000,2026-07-27T18:00:00Z,0.300000,0.330000,0.270000,0.330000
d68712fc-7956-4131-ae60-c1ef25d330ea,SPY   260807C00765000,2026-07-27T19:00:00Z,0.330000,0.350000,0.280000,0.280000
d68712fc-7956-4131-ae60-c1ef25d330ea,SPY   260807C00765000,2026-07-28T14:00:00Z,0.220000,0.270000,0.190000,0.250000
d68712fc-7956-4131-ae60-c1ef25d330ea,SPY   260807C00765000,2026-07-28T15:00:00Z,0.250000,0.270000,0.240000,0.270000
d68712fc-7956-4131-ae60-c1ef25d330ea,SPY   260807C00765000,2026-07-28T16:00:00Z,0.360000,0.400000,0.320000,0.390000
d68712fc-7956-4131-ae60-c1ef25d330ea,SPY   260807C00765000,2026-07-28T17:00:00Z,0.390000,0.400000,0.290000,0.300000
d68712fc-7956-4131-ae60-c1ef25d330ea,SPY   260807C00765000,2026-07-28T18:00:00Z,0.300000,0.320000,0.280000,0.300000
d68712fc-7956-4131-ae60-c1ef25d330ea,SPY   260807C00765000,2026-07-28T19:00:00Z,0.300000,0.330000,0.270000,0.280000
d68712fc-7956-4131-ae60-c1ef25d330ea,SPY   260807C00765000,2026-07-29T14:00:00Z,0.180000,0.200000,0.130000,0.140000
d68712fc-7956-4131-ae60-c1ef25d330ea,SPY   260807C00765000,2026-07-29T15:00:00Z,0.140000,0.150000,0.120000,0.120000
d68712fc-7956-4131-ae60-c1ef25d330ea,SPY   260807C00765000,2026-07-29T16:00:00Z,0.120000,0.120000,0.110000,0.110000
d68712fc-7956-4131-ae60-c1ef25d330ea,SPY   260807C00765000,2026-07-29T17:00:00Z,0.110000,0.160000,0.110000,0.150000
d68712fc-7956-4131-ae60-c1ef25d330ea,SPY   260807C00765000,2026-07-29T18:00:00Z,0.170000,0.170000,0.130000,0.140000
d68712fc-7956-4131-ae60-c1ef25d330ea,SPY   260807C00765000,2026-07-29T19:00:00Z,0.150000,0.160000,0.060000,0.060000
d68712fc-7956-4131-ae60-c1ef25d330ea,SPY   260807C00765000,2026-07-30T14:00:00Z,0.060000,0.080000,0.060000,0.060000
d68712fc-7956-4131-ae60-c1ef25d330ea,SPY   260807C00765000,2026-07-30T15:00:00Z,0.060000,0.060000,0.050000,0.060000
d68712fc-7956-4131-ae60-c1ef25d330ea,SPY   260807C00765000,2026-07-30T16:00:00Z,0.060000,0.070000,0.060000,0.070000
d68712fc-7956-4131-ae60-c1ef25d330ea,SPY   260807C00765000,2026-07-30T17:00:00Z,0.070000,0.080000,0.070000,0.070000
d68712fc-7956-4131-ae60-c1ef25d330ea,SPY   260807C00765000,2026-07-30T18:00:00Z,0.070000,0.080000,0.060000,0.060000
d68712fc-7956-4131-ae60-c1ef25d330ea,SPY   260807C00765000,2026-07-30T19:00:00Z,0.060000,0.080000,0.060000,0.070000
d68712fc-7956-4131-ae60-c1ef25d330ea,SPY   260807C00765000,2026-07-31T14:00:00Z,0.060000,0.070000,0.040000,0.070000
d68712fc-7956-4131-ae60-c1ef25d330ea,SPY   260807C00765000,2026-07-31T15:00:00Z,0.070000,0.070000,0.060000,0.060000
d68712fc-7956-4131-ae60-c1ef25d330ea,SPY   260807C00765000,2026-07-31T16:00:00Z,0.060000,0.070000,0.060000,0.070000
d68712fc-7956-4131-ae60-c1ef25d330ea,SPY   260807C00765000,2026-07-31T17:00:00Z,0.070000,0.100000,0.070000,0.070000
d68712fc-7956-4131-ae60-c1ef25d330ea,SPY   260807C00765000,2026-07-31T18:00:00Z,0.070000,0.080000,0.050000,0.050000
d68712fc-7956-4131-ae60-c1ef25d330ea,SPY   260807C00765000,2026-07-31T19:00:00Z,0.050000,0.090000,0.050000,0.070000
d68712fc-7956-4131-ae60-c1ef25d330ea,SPY   260807C00765000,2026-08-03T14:00:00Z,0.340000,0.340000,0.340000,0.340000
d68712fc-7956-4131-ae60-c1ef25d330ea,SPY   260807C00765000,2026-08-03T15:00:00Z,0.390000,0.410000,0.350000,0.390000
d68712fc-7956-4131-ae60-c1ef25d330ea,SPY   260807C00765000,2026-08-03T16:00:00Z,0.480000,0.510000,0.420000,0.460000
d68712fc-7956-4131-ae60-c1ef25d330ea,SPY   260807C00765000,2026-08-03T17:00:00Z,0.460000,0.870000,0.430000,0.840000
d68712fc-7956-4131-ae60-c1ef25d330ea,SPY   260807C00765000,2026-08-03T18:00:00Z,0.840000,1.050000,0.770000,0.840000
d68712fc-7956-4131-ae60-c1ef25d330ea,SPY   260807C00765000,2026-08-03T19:00:00Z,0.840000,1.010000,0.830000,0.900000
d68712fc-7956-4131-ae60-c1ef25d330ea,SPY   260807C00765000,2026-08-04T14:00:00Z,2.860000,4.330000,2.740000,4.280000
d68712fc-7956-4131-ae60-c1ef25d330ea,SPY   260807C00765000,2026-08-04T15:00:00Z,5.510000,5.800000,5.430000,5.800000
d68712fc-7956-4131-ae60-c1ef25d330ea,SPY   260807C00765000,2026-08-04T16:00:00Z,5.940000,7.270000,5.700000,7.250000
d68712fc-7956-4131-ae60-c1ef25d330ea,SPY   260807C00765000,2026-08-04T17:00:00Z,7.260000,9.790000,7.180000,8.570000
d68712fc-7956-4131-ae60-c1ef25d330ea,SPY   260807C00765000,2026-08-04T18:00:00Z,8.560000,9.220000,8.210000,8.800000
d68712fc-7956-4131-ae60-c1ef25d330ea,SPY   260807C00765000,2026-08-04T19:00:00Z,8.860000,9.950000,8.780000,9.090000
d68712fc-7956-4131-ae60-c1ef25d330ea,SPY   260807C00765000,2026-08-05T14:00:00Z,12.300000,12.760000,9.320000,9.890000
d68712fc-7956-4131-ae60-c1ef25d330ea,SPY   260807C00765000,2026-08-05T15:00:00Z,9.900000,10.280000,9.000000,9.210000
d68712fc-7956-4131-ae60-c1ef25d330ea,SPY   260807C00765000,2026-08-05T16:00:00Z,7.620000,8.680000,7.060000,8.330000
d68712fc-7956-4131-ae60-c1ef25d330ea,SPY   260807C00765000,2026-08-05T17:00:00Z,8.350000,8.550000,7.660000,7.960000
d68712fc-7956-4131-ae60-c1ef25d330ea,SPY   260807C00765000,2026-08-05T18:00:00Z,7.960000,8.530000,7.650000,7.760000
d68712fc-7956-4131-ae60-c1ef25d330ea,SPY   260807C00765000,2026-08-05T19:00:00Z,7.760000,8.250000,7.560000,7.560000
d68712fc-7956-4131-ae60-c1ef25d330ea,SPY   260807C00765000,2026-08-06T14:00:00Z,7.310000,7.670000,6.280000,6.710000
d68712fc-7956-4131-ae60-c1ef25d330ea,SPY   260807C00765000,2026-08-06T15:00:00Z,6.920000,7.080000,6.240000,6.500000
d68712fc-7956-4131-ae60-c1ef25d330ea,SPY   260807C00765000,2026-08-06T16:00:00Z,4.770000,5.260000,4.330000,5.200000
d68712fc-7956-4131-ae60-c1ef25d330ea,SPY   260807C00765000,2026-08-06T17:00:00Z,5.220000,5.370000,4.270000,4.840000
d68712fc-7956-4131-ae60-c1ef25d330ea,SPY   260807C00765000,2026-08-06T18:00:00Z,4.860000,5.650000,4.740000,5.080000
d68712fc-7956-4131-ae60-c1ef25d330ea,SPY   260807C00765000,2026-08-06T19:00:00Z,5.080000,5.690000,4.280000,4.900000
d68712fc-7956-4131-ae60-c1ef25d330ea,SPY   260807C00765000,2026-08-07T14:00:00Z,6.330000,8.380000,5.020000,7.940000
d68712fc-7956-4131-ae60-c1ef25d330ea,SPY   260807C00765000,2026-08-07T15:00:00Z,7.880000,8.400000,7.490000,7.980000
d68712fc-7956-4131-ae60-c1ef25d330ea,SPY   260807C00765000,2026-08-07T16:00:00Z,8.070000,8.360000,6.180000,7.080000
d68712fc-7956-4131-ae60-c1ef25d330ea,SPY   260807C00765000,2026-08-07T17:00:00Z,7.060000,7.430000,6.850000,7.200000
d68712fc-7956-4131-ae60-c1ef25d330ea,SPY   260807C00765000,2026-08-07T18:00:00Z,7.210000,7.250000,5.980000,6.920000
d68712fc-7956-4131-ae60-c1ef25d330ea,SPY   260807C00765000,2026-08-07T19:00:00Z,6.710000,8.390000,6.710000,7.760000
d77f6c97-f969-4f8a-a374-e2fdcd2f4462,SPY   251024C00682000,2025-10-20T14:00:00Z,0.300000,0.490000,0.300000,0.470000
d77f6c97-f969-4f8a-a374-e2fdcd2f4462,SPY   251024C00682000,2025-10-20T15:00:00Z,0.430000,0.460000,0.430000,0.440000
d77f6c97-f969-4f8a-a374-e2fdcd2f4462,SPY   251024C00682000,2025-10-20T16:00:00Z,0.410000,0.430000,0.390000,0.420000
d77f6c97-f969-4f8a-a374-e2fdcd2f4462,SPY   251024C00682000,2025-10-20T17:00:00Z,0.420000,0.510000,0.420000,0.480000
d77f6c97-f969-4f8a-a374-e2fdcd2f4462,SPY   251024C00682000,2025-10-20T18:00:00Z,0.480000,0.510000,0.390000,0.400000
d77f6c97-f969-4f8a-a374-e2fdcd2f4462,SPY   251024C00682000,2025-10-20T19:00:00Z,0.440000,0.440000,0.420000,0.430000
d77f6c97-f969-4f8a-a374-e2fdcd2f4462,SPY   251024C00682000,2025-10-21T14:00:00Z,0.270000,0.330000,0.220000,0.330000
d77f6c97-f969-4f8a-a374-e2fdcd2f4462,SPY   251024C00682000,2025-10-21T15:00:00Z,0.300000,0.300000,0.290000,0.300000
d77f6c97-f969-4f8a-a374-e2fdcd2f4462,SPY   251024C00682000,2025-10-21T16:00:00Z,0.280000,0.310000,0.240000,0.250000
d77f6c97-f969-4f8a-a374-e2fdcd2f4462,SPY   251024C00682000,2025-10-21T17:00:00Z,0.230000,0.230000,0.230000,0.230000
d77f6c97-f969-4f8a-a374-e2fdcd2f4462,SPY   251024C00682000,2025-10-21T18:00:00Z,0.210000,0.210000,0.150000,0.150000
d77f6c97-f969-4f8a-a374-e2fdcd2f4462,SPY   251024C00682000,2025-10-21T19:00:00Z,0.150000,0.200000,0.150000,0.200000
d77f6c97-f969-4f8a-a374-e2fdcd2f4462,SPY   251024C00682000,2025-10-22T14:00:00Z,0.090000,0.100000,0.060000,0.080000
d77f6c97-f969-4f8a-a374-e2fdcd2f4462,SPY   251024C00682000,2025-10-22T15:00:00Z,0.080000,0.080000,0.050000,0.060000
d77f6c97-f969-4f8a-a374-e2fdcd2f4462,SPY   251024C00682000,2025-10-22T16:00:00Z,0.040000,0.050000,0.040000,0.040000
d77f6c97-f969-4f8a-a374-e2fdcd2f4462,SPY   251024C00682000,2025-10-22T17:00:00Z,0.040000,0.040000,0.040000,0.040000
d77f6c97-f969-4f8a-a374-e2fdcd2f4462,SPY   251024C00682000,2025-10-22T18:00:00Z,0.030000,0.030000,0.030000,0.030000
d77f6c97-f969-4f8a-a374-e2fdcd2f4462,SPY   251024C00682000,2025-10-22T19:00:00Z,0.030000,0.030000,0.030000,0.030000
d77f6c97-f969-4f8a-a374-e2fdcd2f4462,SPY   251024C00682000,2025-10-23T14:00:00Z,0.030000,0.030000,0.030000,0.030000
d77f6c97-f969-4f8a-a374-e2fdcd2f4462,SPY   251024C00682000,2025-10-23T15:00:00Z,0.030000,0.030000,0.030000,0.030000
d77f6c97-f969-4f8a-a374-e2fdcd2f4462,SPY   251024C00682000,2025-10-23T16:00:00Z,0.030000,0.030000,0.030000,0.030000
d77f6c97-f969-4f8a-a374-e2fdcd2f4462,SPY   251024C00682000,2025-10-23T17:00:00Z,0.030000,0.040000,0.030000,0.040000
d77f6c97-f969-4f8a-a374-e2fdcd2f4462,SPY   251024C00682000,2025-10-23T18:00:00Z,0.040000,0.040000,0.040000,0.040000
d77f6c97-f969-4f8a-a374-e2fdcd2f4462,SPY   251024C00682000,2025-10-23T19:00:00Z,0.040000,0.040000,0.030000,0.030000
d77f6c97-f969-4f8a-a374-e2fdcd2f4462,SPY   251024C00682000,2025-10-24T14:00:00Z,0.050000,0.050000,0.020000,0.020000
d77f6c97-f969-4f8a-a374-e2fdcd2f4462,SPY   251024C00682000,2025-10-24T15:00:00Z,0.020000,0.020000,0.020000,0.020000
d77f6c97-f969-4f8a-a374-e2fdcd2f4462,SPY   251024C00682000,2025-10-24T16:00:00Z,0.030000,0.030000,0.030000,0.030000
d77f6c97-f969-4f8a-a374-e2fdcd2f4462,SPY   251024C00682000,2025-10-24T17:00:00Z,0.020000,0.020000,0.020000,0.020000
d77f6c97-f969-4f8a-a374-e2fdcd2f4462,SPY   251024C00682000,2025-10-24T18:00:00Z,0.020000,0.020000,0.020000,0.020000
d77f6c97-f969-4f8a-a374-e2fdcd2f4462,SPY   251024C00682000,2025-10-24T19:00:00Z,0.020000,0.020000,0.010000,0.010000
d944624a-6df5-4736-af6e-1aaca0a4c8b2,SPY   260206P00679000,2026-01-27T15:00:00Z,1.860000,1.930000,1.720000,1.730000
d944624a-6df5-4736-af6e-1aaca0a4c8b2,SPY   260206P00679000,2026-01-27T16:00:00Z,1.700000,1.730000,1.660000,1.730000
d944624a-6df5-4736-af6e-1aaca0a4c8b2,SPY   260206P00679000,2026-01-27T17:00:00Z,1.740000,1.880000,1.720000,1.870000
d944624a-6df5-4736-af6e-1aaca0a4c8b2,SPY   260206P00679000,2026-01-27T18:00:00Z,1.920000,1.930000,1.690000,1.730000
d944624a-6df5-4736-af6e-1aaca0a4c8b2,SPY   260206P00679000,2026-01-27T19:00:00Z,1.730000,1.780000,1.680000,1.700000
d944624a-6df5-4736-af6e-1aaca0a4c8b2,SPY   260206P00679000,2026-01-27T20:00:00Z,1.720000,1.830000,1.670000,1.810000
d944624a-6df5-4736-af6e-1aaca0a4c8b2,SPY   260206P00679000,2026-01-28T15:00:00Z,1.640000,1.890000,1.600000,1.880000
d944624a-6df5-4736-af6e-1aaca0a4c8b2,SPY   260206P00679000,2026-01-28T16:00:00Z,2.060000,2.080000,2.060000,2.080000
d944624a-6df5-4736-af6e-1aaca0a4c8b2,SPY   260206P00679000,2026-01-28T17:00:00Z,2.070000,2.080000,2.010000,2.010000
d944624a-6df5-4736-af6e-1aaca0a4c8b2,SPY   260206P00679000,2026-01-28T18:00:00Z,2.010000,2.010000,2.000000,2.000000
d944624a-6df5-4736-af6e-1aaca0a4c8b2,SPY   260206P00679000,2026-01-28T19:00:00Z,1.750000,2.070000,1.630000,1.700000
d944624a-6df5-4736-af6e-1aaca0a4c8b2,SPY   260206P00679000,2026-01-28T20:00:00Z,1.760000,1.800000,1.510000,1.640000
d944624a-6df5-4736-af6e-1aaca0a4c8b2,SPY   260206P00679000,2026-01-29T15:00:00Z,3.110000,3.210000,2.960000,2.960000
d944624a-6df5-4736-af6e-1aaca0a4c8b2,SPY   260206P00679000,2026-01-29T16:00:00Z,3.770000,3.770000,3.620000,3.620000
d944624a-6df5-4736-af6e-1aaca0a4c8b2,SPY   260206P00679000,2026-01-29T17:00:00Z,3.260000,3.260000,2.420000,3.190000
d944624a-6df5-4736-af6e-1aaca0a4c8b2,SPY   260206P00679000,2026-01-29T18:00:00Z,3.120000,3.150000,2.240000,2.280000
d944624a-6df5-4736-af6e-1aaca0a4c8b2,SPY   260206P00679000,2026-01-29T19:00:00Z,2.550000,2.660000,2.110000,2.390000
d944624a-6df5-4736-af6e-1aaca0a4c8b2,SPY   260206P00679000,2026-01-29T20:00:00Z,2.300000,2.310000,2.170000,2.290000
d944624a-6df5-4736-af6e-1aaca0a4c8b2,SPY   260206P00679000,2026-01-30T15:00:00Z,2.280000,2.390000,1.560000,2.010000
d944624a-6df5-4736-af6e-1aaca0a4c8b2,SPY   260206P00679000,2026-01-30T16:00:00Z,2.000000,2.510000,1.860000,2.420000
d944624a-6df5-4736-af6e-1aaca0a4c8b2,SPY   260206P00679000,2026-01-30T17:00:00Z,2.420000,3.100000,2.160000,2.350000
d944624a-6df5-4736-af6e-1aaca0a4c8b2,SPY   260206P00679000,2026-01-30T18:00:00Z,2.830000,3.080000,2.770000,2.970000
d944624a-6df5-4736-af6e-1aaca0a4c8b2,SPY   260206P00679000,2026-01-30T19:00:00Z,2.290000,2.320000,2.130000,2.140000
d944624a-6df5-4736-af6e-1aaca0a4c8b2,SPY   260206P00679000,2026-01-30T20:00:00Z,2.460000,2.890000,1.880000,2.160000
d944624a-6df5-4736-af6e-1aaca0a4c8b2,SPY   260206P00679000,2026-02-02T15:00:00Z,1.410000,1.450000,0.820000,0.910000
d944624a-6df5-4736-af6e-1aaca0a4c8b2,SPY   260206P00679000,2026-02-02T16:00:00Z,0.870000,0.870000,0.770000,0.790000
d944624a-6df5-4736-af6e-1aaca0a4c8b2,SPY   260206P00679000,2026-02-02T17:00:00Z,0.750000,0.750000,0.560000,0.610000
d944624a-6df5-4736-af6e-1aaca0a4c8b2,SPY   260206P00679000,2026-02-02T18:00:00Z,0.600000,0.650000,0.550000,0.570000
d944624a-6df5-4736-af6e-1aaca0a4c8b2,SPY   260206P00679000,2026-02-02T19:00:00Z,0.570000,0.730000,0.530000,0.720000
d944624a-6df5-4736-af6e-1aaca0a4c8b2,SPY   260206P00679000,2026-02-02T20:00:00Z,0.720000,0.770000,0.590000,0.710000
d944624a-6df5-4736-af6e-1aaca0a4c8b2,SPY   260206P00679000,2026-02-03T15:00:00Z,0.840000,1.300000,0.760000,0.800000
d944624a-6df5-4736-af6e-1aaca0a4c8b2,SPY   260206P00679000,2026-02-03T16:00:00Z,0.810000,1.390000,0.800000,1.280000
d944624a-6df5-4736-af6e-1aaca0a4c8b2,SPY   260206P00679000,2026-02-03T17:00:00Z,1.290000,2.380000,1.260000,2.190000
d944624a-6df5-4736-af6e-1aaca0a4c8b2,SPY   260206P00679000,2026-02-03T18:00:00Z,2.190000,3.230000,1.850000,3.220000
d944624a-6df5-4736-af6e-1aaca0a4c8b2,SPY   260206P00679000,2026-02-03T19:00:00Z,3.240000,3.660000,2.300000,2.330000
d944624a-6df5-4736-af6e-1aaca0a4c8b2,SPY   260206P00679000,2026-02-03T20:00:00Z,2.370000,2.530000,1.510000,1.570000
d944624a-6df5-4736-af6e-1aaca0a4c8b2,SPY   260206P00679000,2026-02-04T15:00:00Z,1.840000,2.260000,1.110000,1.580000
d944624a-6df5-4736-af6e-1aaca0a4c8b2,SPY   260206P00679000,2026-02-04T16:00:00Z,1.730000,2.200000,1.600000,1.780000
d944624a-6df5-4736-af6e-1aaca0a4c8b2,SPY   260206P00679000,2026-02-04T17:00:00Z,1.970000,4.130000,1.820000,3.690000
d944624a-6df5-4736-af6e-1aaca0a4c8b2,SPY   260206P00679000,2026-02-04T18:00:00Z,3.390000,3.840000,2.310000,2.630000
d944624a-6df5-4736-af6e-1aaca0a4c8b2,SPY   260206P00679000,2026-02-04T19:00:00Z,2.070000,2.090000,2.020000,2.030000
d944624a-6df5-4736-af6e-1aaca0a4c8b2,SPY   260206P00679000,2026-02-04T20:00:00Z,1.670000,2.110000,1.650000,2.110000
d944624a-6df5-4736-af6e-1aaca0a4c8b2,SPY   260206P00679000,2026-02-05T15:00:00Z,4.630000,5.360000,4.540000,5.320000
d944624a-6df5-4736-af6e-1aaca0a4c8b2,SPY   260206P00679000,2026-02-05T16:00:00Z,5.950000,6.090000,3.230000,4.040000
d944624a-6df5-4736-af6e-1aaca0a4c8b2,SPY   260206P00679000,2026-02-05T17:00:00Z,3.630000,3.660000,2.570000,2.750000
d944624a-6df5-4736-af6e-1aaca0a4c8b2,SPY   260206P00679000,2026-02-05T18:00:00Z,3.200000,4.520000,2.810000,4.130000
d944624a-6df5-4736-af6e-1aaca0a4c8b2,SPY   260206P00679000,2026-02-05T19:00:00Z,3.460000,3.830000,3.290000,3.590000
d944624a-6df5-4736-af6e-1aaca0a4c8b2,SPY   260206P00679000,2026-02-05T20:00:00Z,3.580000,5.040000,2.710000,5.040000
d944624a-6df5-4736-af6e-1aaca0a4c8b2,SPY   260206P00679000,2026-02-06T15:00:00Z,0.650000,0.980000,0.240000,0.300000
d944624a-6df5-4736-af6e-1aaca0a4c8b2,SPY   260206P00679000,2026-02-06T16:00:00Z,0.140000,0.140000,0.120000,0.130000
d944624a-6df5-4736-af6e-1aaca0a4c8b2,SPY   260206P00679000,2026-02-06T17:00:00Z,0.110000,0.110000,0.060000,0.060000
d944624a-6df5-4736-af6e-1aaca0a4c8b2,SPY   260206P00679000,2026-02-06T18:00:00Z,0.070000,0.070000,0.070000,0.070000
d944624a-6df5-4736-af6e-1aaca0a4c8b2,SPY   260206P00679000,2026-02-06T19:00:00Z,0.040000,0.040000,0.040000,0.040000
d944624a-6df5-4736-af6e-1aaca0a4c8b2,SPY   260206P00679000,2026-02-06T20:00:00Z,0.010000,0.010000,0.010000,0.010000
d95147d0-c748-4f61-8db3-93250bac5dd6,SPY   260515P00725000,2026-05-05T14:00:00Z,7.390000,7.750000,6.780000,7.050000
d95147d0-c748-4f61-8db3-93250bac5dd6,SPY   260515P00725000,2026-05-05T15:00:00Z,7.040000,7.090000,6.780000,6.820000
d95147d0-c748-4f61-8db3-93250bac5dd6,SPY   260515P00725000,2026-05-05T16:00:00Z,6.750000,6.820000,6.740000,6.820000
d95147d0-c748-4f61-8db3-93250bac5dd6,SPY   260515P00725000,2026-05-05T17:00:00Z,6.800000,6.970000,6.360000,6.480000
d95147d0-c748-4f61-8db3-93250bac5dd6,SPY   260515P00725000,2026-05-05T18:00:00Z,6.410000,6.460000,6.190000,6.310000
d95147d0-c748-4f61-8db3-93250bac5dd6,SPY   260515P00725000,2026-05-05T19:00:00Z,6.310000,6.600000,6.040000,6.580000
d95147d0-c748-4f61-8db3-93250bac5dd6,SPY   260515P00725000,2026-05-06T14:00:00Z,4.000000,4.340000,3.320000,3.380000
d95147d0-c748-4f61-8db3-93250bac5dd6,SPY   260515P00725000,2026-05-06T15:00:00Z,3.330000,3.560000,3.260000,3.460000
d95147d0-c748-4f61-8db3-93250bac5dd6,SPY   260515P00725000,2026-05-06T16:00:00Z,3.490000,3.810000,3.380000,3.640000
d95147d0-c748-4f61-8db3-93250bac5dd6,SPY   260515P00725000,2026-05-06T17:00:00Z,3.630000,3.740000,3.390000,3.410000
d95147d0-c748-4f61-8db3-93250bac5dd6,SPY   260515P00725000,2026-05-06T18:00:00Z,3.220000,3.230000,3.180000,3.180000
d95147d0-c748-4f61-8db3-93250bac5dd6,SPY   260515P00725000,2026-05-06T19:00:00Z,3.130000,3.140000,2.810000,2.870000
d95147d0-c748-4f61-8db3-93250bac5dd6,SPY   260515P00725000,2026-05-07T14:00:00Z,2.660000,2.670000,2.140000,2.150000
d95147d0-c748-4f61-8db3-93250bac5dd6,SPY   260515P00725000,2026-05-07T15:00:00Z,2.150000,2.330000,2.140000,2.300000
d95147d0-c748-4f61-8db3-93250bac5dd6,SPY   260515P00725000,2026-05-07T16:00:00Z,2.630000,3.390000,2.630000,3.240000
d95147d0-c748-4f61-8db3-93250bac5dd6,SPY   260515P00725000,2026-05-07T17:00:00Z,3.380000,3.800000,3.300000,3.800000
d95147d0-c748-4f61-8db3-93250bac5dd6,SPY   260515P00725000,2026-05-07T18:00:00Z,3.140000,3.800000,2.960000,3.310000
d95147d0-c748-4f61-8db3-93250bac5dd6,SPY   260515P00725000,2026-05-07T19:00:00Z,3.290000,3.690000,3.010000,3.260000
d95147d0-c748-4f61-8db3-93250bac5dd6,SPY   260515P00725000,2026-05-08T14:00:00Z,1.960000,2.140000,1.890000,2.020000
d95147d0-c748-4f61-8db3-93250bac5dd6,SPY   260515P00725000,2026-05-08T15:00:00Z,1.890000,1.900000,1.880000,1.900000
d95147d0-c748-4f61-8db3-93250bac5dd6,SPY   260515P00725000,2026-05-08T16:00:00Z,1.930000,1.930000,1.760000,1.840000
d95147d0-c748-4f61-8db3-93250bac5dd6,SPY   260515P00725000,2026-05-08T17:00:00Z,1.870000,1.930000,1.760000,1.880000
d95147d0-c748-4f61-8db3-93250bac5dd6,SPY   260515P00725000,2026-05-08T18:00:00Z,1.770000,1.800000,1.770000,1.790000
d95147d0-c748-4f61-8db3-93250bac5dd6,SPY   260515P00725000,2026-05-08T19:00:00Z,1.950000,1.950000,1.490000,1.520000
d95147d0-c748-4f61-8db3-93250bac5dd6,SPY   260515P00725000,2026-05-11T14:00:00Z,1.130000,1.260000,0.950000,0.980000
d95147d0-c748-4f61-8db3-93250bac5dd6,SPY   260515P00725000,2026-05-11T15:00:00Z,1.030000,1.030000,1.010000,1.020000
d95147d0-c748-4f61-8db3-93250bac5dd6,SPY   260515P00725000,2026-05-11T16:00:00Z,0.970000,0.980000,0.970000,0.980000
d95147d0-c748-4f61-8db3-93250bac5dd6,SPY   260515P00725000,2026-05-11T17:00:00Z,1.050000,1.100000,0.920000,0.950000
d95147d0-c748-4f61-8db3-93250bac5dd6,SPY   260515P00725000,2026-05-11T18:00:00Z,0.950000,1.110000,0.910000,1.100000
d95147d0-c748-4f61-8db3-93250bac5dd6,SPY   260515P00725000,2026-05-11T19:00:00Z,1.100000,1.210000,1.040000,1.130000
d95147d0-c748-4f61-8db3-93250bac5dd6,SPY   260515P00725000,2026-05-12T14:00:00Z,1.520000,1.630000,1.210000,1.570000
d95147d0-c748-4f61-8db3-93250bac5dd6,SPY   260515P00725000,2026-05-12T15:00:00Z,1.710000,1.720000,1.700000,1.720000
d95147d0-c748-4f61-8db3-93250bac5dd6,SPY   260515P00725000,2026-05-12T16:00:00Z,1.810000,1.900000,1.520000,1.820000
d95147d0-c748-4f61-8db3-93250bac5dd6,SPY   260515P00725000,2026-05-12T17:00:00Z,1.820000,1.840000,1.130000,1.150000
d95147d0-c748-4f61-8db3-93250bac5dd6,SPY   260515P00725000,2026-05-12T18:00:00Z,1.110000,1.140000,0.930000,1.010000
d95147d0-c748-4f61-8db3-93250bac5dd6,SPY   260515P00725000,2026-05-12T19:00:00Z,0.970000,0.970000,0.670000,0.730000
d95147d0-c748-4f61-8db3-93250bac5dd6,SPY   260515P00725000,2026-05-13T14:00:00Z,0.680000,0.720000,0.470000,0.490000
d95147d0-c748-4f61-8db3-93250bac5dd6,SPY   260515P00725000,2026-05-13T15:00:00Z,0.490000,0.510000,0.450000,0.460000
d95147d0-c748-4f61-8db3-93250bac5dd6,SPY   260515P00725000,2026-05-13T16:00:00Z,0.460000,0.470000,0.340000,0.350000
d95147d0-c748-4f61-8db3-93250bac5dd6,SPY   260515P00725000,2026-05-13T17:00:00Z,0.350000,0.350000,0.310000,0.330000
d95147d0-c748-4f61-8db3-93250bac5dd6,SPY   260515P00725000,2026-05-13T18:00:00Z,0.330000,0.330000,0.270000,0.300000
d95147d0-c748-4f61-8db3-93250bac5dd6,SPY   260515P00725000,2026-05-13T19:00:00Z,0.300000,0.300000,0.240000,0.260000
d95147d0-c748-4f61-8db3-93250bac5dd6,SPY   260515P00725000,2026-05-14T14:00:00Z,0.130000,0.130000,0.130000,0.130000
d95147d0-c748-4f61-8db3-93250bac5dd6,SPY   260515P00725000,2026-05-14T15:00:00Z,0.120000,0.120000,0.110000,0.110000
d95147d0-c748-4f61-8db3-93250bac5dd6,SPY   260515P00725000,2026-05-14T16:00:00Z,0.110000,0.120000,0.110000,0.110000
d95147d0-c748-4f61-8db3-93250bac5dd6,SPY   260515P00725000,2026-05-14T17:00:00Z,0.070000,0.070000,0.070000,0.070000
d95147d0-c748-4f61-8db3-93250bac5dd6,SPY   260515P00725000,2026-05-14T18:00:00Z,0.080000,0.080000,0.070000,0.070000
d95147d0-c748-4f61-8db3-93250bac5dd6,SPY   260515P00725000,2026-05-14T19:00:00Z,0.070000,0.070000,0.060000,0.060000
d95147d0-c748-4f61-8db3-93250bac5dd6,SPY   260515P00725000,2026-05-15T14:00:00Z,0.030000,0.030000,0.030000,0.030000
d95147d0-c748-4f61-8db3-93250bac5dd6,SPY   260515P00725000,2026-05-15T15:00:00Z,0.030000,0.030000,0.030000,0.030000
d95147d0-c748-4f61-8db3-93250bac5dd6,SPY   260515P00725000,2026-05-15T16:00:00Z,0.020000,0.020000,0.020000,0.020000
d95147d0-c748-4f61-8db3-93250bac5dd6,SPY   260515P00725000,2026-05-15T17:00:00Z,0.020000,0.020000,0.020000,0.020000
d95147d0-c748-4f61-8db3-93250bac5dd6,SPY   260515P00725000,2026-05-15T18:00:00Z,0.020000,0.020000,0.020000,0.020000
d95147d0-c748-4f61-8db3-93250bac5dd6,SPY   260515P00725000,2026-05-15T19:00:00Z,0.020000,0.020000,0.010000,0.010000
d9ac09be-c265-43cb-aaf9-9affaf00121a,SPY   251017P00649000,2025-10-07T14:00:00Z,0.940000,0.990000,0.930000,0.980000
d9ac09be-c265-43cb-aaf9-9affaf00121a,SPY   251017P00649000,2025-10-07T15:00:00Z,1.230000,1.440000,1.210000,1.260000
d9ac09be-c265-43cb-aaf9-9affaf00121a,SPY   251017P00649000,2025-10-07T16:00:00Z,1.620000,1.740000,1.390000,1.570000
d9ac09be-c265-43cb-aaf9-9affaf00121a,SPY   251017P00649000,2025-10-07T17:00:00Z,1.480000,1.540000,1.420000,1.420000
d9ac09be-c265-43cb-aaf9-9affaf00121a,SPY   251017P00649000,2025-10-07T18:00:00Z,1.540000,1.640000,1.420000,1.420000
d9ac09be-c265-43cb-aaf9-9affaf00121a,SPY   251017P00649000,2025-10-07T19:00:00Z,1.350000,1.350000,1.350000,1.350000
d9ac09be-c265-43cb-aaf9-9affaf00121a,SPY   251017P00649000,2025-10-08T14:00:00Z,1.010000,1.020000,1.010000,1.020000
d9ac09be-c265-43cb-aaf9-9affaf00121a,SPY   251017P00649000,2025-10-08T15:00:00Z,0.900000,0.900000,0.850000,0.850000
d9ac09be-c265-43cb-aaf9-9affaf00121a,SPY   251017P00649000,2025-10-08T16:00:00Z,0.830000,0.880000,0.820000,0.820000
d9ac09be-c265-43cb-aaf9-9affaf00121a,SPY   251017P00649000,2025-10-08T17:00:00Z,0.810000,0.820000,0.810000,0.820000
d9ac09be-c265-43cb-aaf9-9affaf00121a,SPY   251017P00649000,2025-10-08T18:00:00Z,0.810000,0.810000,0.790000,0.790000
d9ac09be-c265-43cb-aaf9-9affaf00121a,SPY   251017P00649000,2025-10-08T19:00:00Z,0.810000,0.820000,0.750000,0.750000
d9ac09be-c265-43cb-aaf9-9affaf00121a,SPY   251017P00649000,2025-10-09T14:00:00Z,0.830000,0.880000,0.790000,0.820000
d9ac09be-c265-43cb-aaf9-9affaf00121a,SPY   251017P00649000,2025-10-09T15:00:00Z,0.860000,1.010000,0.830000,0.880000
d9ac09be-c265-43cb-aaf9-9affaf00121a,SPY   251017P00649000,2025-10-09T16:00:00Z,0.870000,0.950000,0.850000,0.920000
d9ac09be-c265-43cb-aaf9-9affaf00121a,SPY   251017P00649000,2025-10-09T17:00:00Z,1.030000,1.170000,0.990000,1.040000
d9ac09be-c265-43cb-aaf9-9affaf00121a,SPY   251017P00649000,2025-10-09T18:00:00Z,1.040000,1.130000,0.960000,0.980000
d9ac09be-c265-43cb-aaf9-9affaf00121a,SPY   251017P00649000,2025-10-09T19:00:00Z,0.860000,0.860000,0.860000,0.860000
d9ac09be-c265-43cb-aaf9-9affaf00121a,SPY   251017P00649000,2025-10-10T14:00:00Z,0.630000,0.640000,0.590000,0.590000
d9ac09be-c265-43cb-aaf9-9affaf00121a,SPY   251017P00649000,2025-10-10T15:00:00Z,1.730000,2.680000,1.660000,2.510000
d9ac09be-c265-43cb-aaf9-9affaf00121a,SPY   251017P00649000,2025-10-10T16:00:00Z,2.790000,3.550000,2.790000,3.310000
d9ac09be-c265-43cb-aaf9-9affaf00121a,SPY   251017P00649000,2025-10-10T17:00:00Z,3.450000,3.950000,3.290000,3.900000
d9ac09be-c265-43cb-aaf9-9affaf00121a,SPY   251017P00649000,2025-10-10T18:00:00Z,3.580000,4.380000,3.020000,4.080000
d9ac09be-c265-43cb-aaf9-9affaf00121a,SPY   251017P00649000,2025-10-10T19:00:00Z,4.080000,4.700000,3.580000,4.680000
d9ac09be-c265-43cb-aaf9-9affaf00121a,SPY   251017P00649000,2025-10-13T14:00:00Z,1.650000,2.330000,1.590000,2.250000
d9ac09be-c265-43cb-aaf9-9affaf00121a,SPY   251017P00649000,2025-10-13T15:00:00Z,1.750000,1.790000,1.630000,1.720000
d9ac09be-c265-43cb-aaf9-9affaf00121a,SPY   251017P00649000,2025-10-13T16:00:00Z,1.430000,1.440000,1.320000,1.380000
d9ac09be-c265-43cb-aaf9-9affaf00121a,SPY   251017P00649000,2025-10-13T17:00:00Z,1.180000,1.460000,1.120000,1.270000
d9ac09be-c265-43cb-aaf9-9affaf00121a,SPY   251017P00649000,2025-10-13T18:00:00Z,1.280000,1.370000,0.970000,1.300000
d9ac09be-c265-43cb-aaf9-9affaf00121a,SPY   251017P00649000,2025-10-13T19:00:00Z,1.300000,1.420000,1.090000,1.100000
d9ac09be-c265-43cb-aaf9-9affaf00121a,SPY   251017P00649000,2025-10-14T14:00:00Z,2.790000,2.910000,1.790000,1.870000
d9ac09be-c265-43cb-aaf9-9affaf00121a,SPY   251017P00649000,2025-10-14T15:00:00Z,1.860000,1.860000,1.570000,1.730000
d9ac09be-c265-43cb-aaf9-9affaf00121a,SPY   251017P00649000,2025-10-14T16:00:00Z,1.280000,1.400000,0.930000,0.950000
d9ac09be-c265-43cb-aaf9-9affaf00121a,SPY   251017P00649000,2025-10-14T17:00:00Z,0.970000,1.050000,0.720000,0.770000
d9ac09be-c265-43cb-aaf9-9affaf00121a,SPY   251017P00649000,2025-10-14T18:00:00Z,0.770000,0.900000,0.760000,0.820000
d9ac09be-c265-43cb-aaf9-9affaf00121a,SPY   251017P00649000,2025-10-14T19:00:00Z,0.810000,1.570000,0.760000,1.440000
d9ac09be-c265-43cb-aaf9-9affaf00121a,SPY   251017P00649000,2025-10-15T14:00:00Z,0.470000,0.470000,0.350000,0.380000
d9ac09be-c265-43cb-aaf9-9affaf00121a,SPY   251017P00649000,2025-10-15T15:00:00Z,0.380000,0.630000,0.380000,0.620000
d9ac09be-c265-43cb-aaf9-9affaf00121a,SPY   251017P00649000,2025-10-15T16:00:00Z,0.700000,0.840000,0.530000,0.820000
d9ac09be-c265-43cb-aaf9-9affaf00121a,SPY   251017P00649000,2025-10-15T17:00:00Z,1.040000,1.370000,0.960000,1.320000
d9ac09be-c265-43cb-aaf9-9affaf00121a,SPY   251017P00649000,2025-10-15T18:00:00Z,0.750000,0.900000,0.500000,0.510000
d9ac09be-c265-43cb-aaf9-9affaf00121a,SPY   251017P00649000,2025-10-15T19:00:00Z,0.560000,0.580000,0.560000,0.580000
d9ac09be-c265-43cb-aaf9-9affaf00121a,SPY   251017P00649000,2025-10-16T14:00:00Z,0.360000,0.500000,0.330000,0.380000
d9ac09be-c265-43cb-aaf9-9affaf00121a,SPY   251017P00649000,2025-10-16T15:00:00Z,0.320000,0.380000,0.290000,0.330000
d9ac09be-c265-43cb-aaf9-9affaf00121a,SPY   251017P00649000,2025-10-16T16:00:00Z,0.680000,1.290000,0.600000,1.290000
d9ac09be-c265-43cb-aaf9-9affaf00121a,SPY   251017P00649000,2025-10-16T17:00:00Z,0.620000,0.690000,0.520000,0.540000
d9ac09be-c265-43cb-aaf9-9affaf00121a,SPY   251017P00649000,2025-10-16T18:00:00Z,0.710000,1.620000,0.690000,0.800000
d9ac09be-c265-43cb-aaf9-9affaf00121a,SPY   251017P00649000,2025-10-16T19:00:00Z,0.750000,1.200000,0.680000,0.710000
d9ac09be-c265-43cb-aaf9-9affaf00121a,SPY   251017P00649000,2025-10-17T14:00:00Z,0.390000,0.480000,0.190000,0.350000
d9ac09be-c265-43cb-aaf9-9affaf00121a,SPY   251017P00649000,2025-10-17T15:00:00Z,0.340000,0.420000,0.290000,0.400000
d9ac09be-c265-43cb-aaf9-9affaf00121a,SPY   251017P00649000,2025-10-17T16:00:00Z,0.140000,0.170000,0.100000,0.100000
d9ac09be-c265-43cb-aaf9-9affaf00121a,SPY   251017P00649000,2025-10-17T17:00:00Z,0.080000,0.080000,0.060000,0.060000
d9ac09be-c265-43cb-aaf9-9affaf00121a,SPY   251017P00649000,2025-10-17T18:00:00Z,0.040000,0.040000,0.030000,0.030000
d9ac09be-c265-43cb-aaf9-9affaf00121a,SPY   251017P00649000,2025-10-17T19:00:00Z,0.030000,0.030000,0.010000,0.010000
dabae851-1292-4090-a574-40f3af18d22f,SPY   260821P00755000,2026-08-10T14:00:00Z,1.350000,1.360000,1.190000,1.340000
dabae851-1292-4090-a574-40f3af18d22f,SPY   260821P00755000,2026-08-10T15:00:00Z,1.340000,1.390000,1.240000,1.240000
dabae851-1292-4090-a574-40f3af18d22f,SPY   260821P00755000,2026-08-10T16:00:00Z,1.240000,1.590000,1.230000,1.460000
dabae851-1292-4090-a574-40f3af18d22f,SPY   260821P00755000,2026-08-10T17:00:00Z,1.460000,1.530000,1.420000,1.480000
dabae851-1292-4090-a574-40f3af18d22f,SPY   260821P00755000,2026-08-10T18:00:00Z,1.480000,1.560000,1.400000,1.410000
dabae851-1292-4090-a574-40f3af18d22f,SPY   260821P00755000,2026-08-10T19:00:00Z,1.410000,1.550000,1.400000,1.440000
dabae851-1292-4090-a574-40f3af18d22f,SPY   260821P00755000,2026-08-11T14:00:00Z,1.290000,1.310000,1.130000,1.170000
dabae851-1292-4090-a574-40f3af18d22f,SPY   260821P00755000,2026-08-11T15:00:00Z,1.240000,1.410000,1.230000,1.390000
dabae851-1292-4090-a574-40f3af18d22f,SPY   260821P00755000,2026-08-11T16:00:00Z,1.390000,1.560000,1.320000,1.530000
dabae851-1292-4090-a574-40f3af18d22f,SPY   260821P00755000,2026-08-11T17:00:00Z,1.530000,1.640000,1.400000,1.410000
dabae851-1292-4090-a574-40f3af18d22f,SPY   260821P00755000,2026-08-11T18:00:00Z,1.410000,1.710000,1.410000,1.570000
dabae851-1292-4090-a574-40f3af18d22f,SPY   260821P00755000,2026-08-11T19:00:00Z,1.570000,1.630000,1.420000,1.540000
dabae851-1292-4090-a574-40f3af18d22f,SPY   260821P00755000,2026-08-12T14:00:00Z,0.920000,1.090000,0.870000,0.990000
dabae851-1292-4090-a574-40f3af18d22f,SPY   260821P00755000,2026-08-12T15:00:00Z,0.990000,1.040000,0.940000,0.990000
dabae851-1292-4090-a574-40f3af18d22f,SPY   260821P00755000,2026-08-12T16:00:00Z,0.990000,0.990000,0.880000,0.910000
dabae851-1292-4090-a574-40f3af18d22f,SPY   260821P00755000,2026-08-12T17:00:00Z,0.910000,0.910000,0.860000,0.870000
dabae851-1292-4090-a574-40f3af18d22f,SPY   260821P00755000,2026-08-12T18:00:00Z,0.870000,0.880000,0.780000,0.840000
dabae851-1292-4090-a574-40f3af18d22f,SPY   260821P00755000,2026-08-12T19:00:00Z,0.840000,0.930000,0.790000,0.880000
dabae851-1292-4090-a574-40f3af18d22f,SPY   260821P00755000,2026-08-13T14:00:00Z,0.490000,0.500000,0.460000,0.460000
dabae851-1292-4090-a574-40f3af18d22f,SPY   260821P00755000,2026-08-13T15:00:00Z,0.450000,0.580000,0.440000,0.560000
dabae851-1292-4090-a574-40f3af18d22f,SPY   260821P00755000,2026-08-13T16:00:00Z,0.560000,0.570000,0.500000,0.500000
dabae851-1292-4090-a574-40f3af18d22f,SPY   260821P00755000,2026-08-13T17:00:00Z,0.500000,0.510000,0.480000,0.500000
dabae851-1292-4090-a574-40f3af18d22f,SPY   260821P00755000,2026-08-13T18:00:00Z,0.500000,0.510000,0.460000,0.470000
dabae851-1292-4090-a574-40f3af18d22f,SPY   260821P00755000,2026-08-13T19:00:00Z,0.470000,0.500000,0.440000,0.440000
dabae851-1292-4090-a574-40f3af18d22f,SPY   260821P00755000,2026-08-14T14:00:00Z,0.410000,0.410000,0.300000,0.360000
dabae851-1292-4090-a574-40f3af18d22f,SPY   260821P00755000,2026-08-14T15:00:00Z,0.360000,0.450000,0.340000,0.400000
dabae851-1292-4090-a574-40f3af18d22f,SPY   260821P00755000,2026-08-14T16:00:00Z,0.400000,0.400000,0.370000,0.400000
dabae851-1292-4090-a574-40f3af18d22f,SPY   260821P00755000,2026-08-14T17:00:00Z,0.400000,0.410000,0.360000,0.370000
dabae851-1292-4090-a574-40f3af18d22f,SPY   260821P00755000,2026-08-14T18:00:00Z,0.370000,0.370000,0.350000,0.350000
dabae851-1292-4090-a574-40f3af18d22f,SPY   260821P00755000,2026-08-14T19:00:00Z,0.350000,0.370000,0.260000,0.300000
dabae851-1292-4090-a574-40f3af18d22f,SPY   260821P00755000,2026-08-17T14:00:00Z,0.230000,0.250000,0.210000,0.220000
dabae851-1292-4090-a574-40f3af18d22f,SPY   260821P00755000,2026-08-17T15:00:00Z,0.220000,0.220000,0.200000,0.210000
dabae851-1292-4090-a574-40f3af18d22f,SPY   260821P00755000,2026-08-17T16:00:00Z,0.210000,0.230000,0.200000,0.230000
dabae851-1292-4090-a574-40f3af18d22f,SPY   260821P00755000,2026-08-17T17:00:00Z,0.230000,0.380000,0.230000,0.310000
dabae851-1292-4090-a574-40f3af18d22f,SPY   260821P00755000,2026-08-17T18:00:00Z,0.310000,0.320000,0.270000,0.280000
dabae851-1292-4090-a574-40f3af18d22f,SPY   260821P00755000,2026-08-17T19:00:00Z,0.280000,0.330000,0.270000,0.300000
dabae851-1292-4090-a574-40f3af18d22f,SPY   260821P00755000,2026-08-18T14:00:00Z,0.530000,0.630000,0.450000,0.600000
dabae851-1292-4090-a574-40f3af18d22f,SPY   260821P00755000,2026-08-18T15:00:00Z,0.600000,0.660000,0.490000,0.520000
dabae851-1292-4090-a574-40f3af18d22f,SPY   260821P00755000,2026-08-18T16:00:00Z,0.520000,0.550000,0.470000,0.480000
dabae851-1292-4090-a574-40f3af18d22f,SPY   260821P00755000,2026-08-18T17:00:00Z,0.480000,0.540000,0.480000,0.540000
dabae851-1292-4090-a574-40f3af18d22f,SPY   260821P00755000,2026-08-18T18:00:00Z,0.550000,0.560000,0.440000,0.510000
dabae851-1292-4090-a574-40f3af18d22f,SPY   260821P00755000,2026-08-18T19:00:00Z,0.510000,0.560000,0.450000,0.510000
dabae851-1292-4090-a574-40f3af18d22f,SPY   260821P00755000,2026-08-19T14:00:00Z,0.270000,0.330000,0.180000,0.180000
dabae851-1292-4090-a574-40f3af18d22f,SPY   260821P00755000,2026-08-19T15:00:00Z,0.180000,0.230000,0.170000,0.200000
dabae851-1292-4090-a574-40f3af18d22f,SPY   260821P00755000,2026-08-19T16:00:00Z,0.200000,0.250000,0.180000,0.240000
dabae851-1292-4090-a574-40f3af18d22f,SPY   260821P00755000,2026-08-19T17:00:00Z,0.240000,0.270000,0.210000,0.240000
dabae851-1292-4090-a574-40f3af18d22f,SPY   260821P00755000,2026-08-19T18:00:00Z,0.240000,0.270000,0.190000,0.210000
dabae851-1292-4090-a574-40f3af18d22f,SPY   260821P00755000,2026-08-19T19:00:00Z,0.210000,0.250000,0.190000,0.200000
dabae851-1292-4090-a574-40f3af18d22f,SPY   260821P00755000,2026-08-20T14:00:00Z,0.250000,0.330000,0.220000,0.240000
dabae851-1292-4090-a574-40f3af18d22f,SPY   260821P00755000,2026-08-20T15:00:00Z,0.190000,0.280000,0.160000,0.230000
dabae851-1292-4090-a574-40f3af18d22f,SPY   260821P00755000,2026-08-20T16:00:00Z,0.230000,0.250000,0.180000,0.180000
dabae851-1292-4090-a574-40f3af18d22f,SPY   260821P00755000,2026-08-20T17:00:00Z,0.180000,0.300000,0.180000,0.270000
dabae851-1292-4090-a574-40f3af18d22f,SPY   260821P00755000,2026-08-20T18:00:00Z,0.270000,0.460000,0.270000,0.430000
dabae851-1292-4090-a574-40f3af18d22f,SPY   260821P00755000,2026-08-20T19:00:00Z,0.430000,0.480000,0.330000,0.420000
dabae851-1292-4090-a574-40f3af18d22f,SPY   260821P00755000,2026-08-21T14:00:00Z,0.050000,0.050000,0.030000,0.030000
dabae851-1292-4090-a574-40f3af18d22f,SPY   260821P00755000,2026-08-21T15:00:00Z,0.030000,0.030000,0.020000,0.020000
dabae851-1292-4090-a574-40f3af18d22f,SPY   260821P00755000,2026-08-21T16:00:00Z,0.020000,0.020000,0.020000,0.020000
dabae851-1292-4090-a574-40f3af18d22f,SPY   260821P00755000,2026-08-21T17:00:00Z,0.020000,0.020000,0.020000,0.020000
dabae851-1292-4090-a574-40f3af18d22f,SPY   260821P00755000,2026-08-21T18:00:00Z,0.020000,0.020000,0.010000,0.010000
dabae851-1292-4090-a574-40f3af18d22f,SPY   260821P00755000,2026-08-21T19:00:00Z,0.010000,0.010000,0.010000,0.010000
dad08fd5-8a03-4c40-bfa7-fb15edc5b73d,SPY   251219C00694000,2025-12-15T15:00:00Z,0.530000,0.540000,0.430000,0.440000
dad08fd5-8a03-4c40-bfa7-fb15edc5b73d,SPY   251219C00694000,2025-12-15T16:00:00Z,0.450000,0.480000,0.320000,0.330000
dad08fd5-8a03-4c40-bfa7-fb15edc5b73d,SPY   251219C00694000,2025-12-15T17:00:00Z,0.330000,0.340000,0.270000,0.300000
dad08fd5-8a03-4c40-bfa7-fb15edc5b73d,SPY   251219C00694000,2025-12-15T18:00:00Z,0.300000,0.320000,0.260000,0.290000
dad08fd5-8a03-4c40-bfa7-fb15edc5b73d,SPY   251219C00694000,2025-12-15T19:00:00Z,0.280000,0.300000,0.260000,0.290000
dad08fd5-8a03-4c40-bfa7-fb15edc5b73d,SPY   251219C00694000,2025-12-15T20:00:00Z,0.290000,0.290000,0.210000,0.220000
dad08fd5-8a03-4c40-bfa7-fb15edc5b73d,SPY   251219C00694000,2025-12-16T15:00:00Z,0.190000,0.200000,0.120000,0.130000
dad08fd5-8a03-4c40-bfa7-fb15edc5b73d,SPY   251219C00694000,2025-12-16T16:00:00Z,0.130000,0.130000,0.110000,0.110000
dad08fd5-8a03-4c40-bfa7-fb15edc5b73d,SPY   251219C00694000,2025-12-16T17:00:00Z,0.110000,0.110000,0.090000,0.090000
dad08fd5-8a03-4c40-bfa7-fb15edc5b73d,SPY   251219C00694000,2025-12-16T18:00:00Z,0.090000,0.090000,0.090000,0.090000
dad08fd5-8a03-4c40-bfa7-fb15edc5b73d,SPY   251219C00694000,2025-12-16T19:00:00Z,0.090000,0.090000,0.080000,0.080000
dad08fd5-8a03-4c40-bfa7-fb15edc5b73d,SPY   251219C00694000,2025-12-16T20:00:00Z,0.080000,0.090000,0.070000,0.080000
dad08fd5-8a03-4c40-bfa7-fb15edc5b73d,SPY   251219C00694000,2025-12-17T15:00:00Z,0.070000,0.070000,0.060000,0.060000
dad08fd5-8a03-4c40-bfa7-fb15edc5b73d,SPY   251219C00694000,2025-12-17T16:00:00Z,0.060000,0.060000,0.050000,0.050000
dad08fd5-8a03-4c40-bfa7-fb15edc5b73d,SPY   251219C00694000,2025-12-17T17:00:00Z,0.050000,0.050000,0.050000,0.050000
dad08fd5-8a03-4c40-bfa7-fb15edc5b73d,SPY   251219C00694000,2025-12-17T18:00:00Z,0.050000,0.050000,0.040000,0.040000
dad08fd5-8a03-4c40-bfa7-fb15edc5b73d,SPY   251219C00694000,2025-12-17T19:00:00Z,0.040000,0.040000,0.040000,0.040000
dad08fd5-8a03-4c40-bfa7-fb15edc5b73d,SPY   251219C00694000,2025-12-17T20:00:00Z,0.040000,0.040000,0.030000,0.030000
dad08fd5-8a03-4c40-bfa7-fb15edc5b73d,SPY   251219C00694000,2025-12-18T15:00:00Z,0.030000,0.030000,0.030000,0.030000
dad08fd5-8a03-4c40-bfa7-fb15edc5b73d,SPY   251219C00694000,2025-12-18T16:00:00Z,0.030000,0.030000,0.030000,0.030000
dad08fd5-8a03-4c40-bfa7-fb15edc5b73d,SPY   251219C00694000,2025-12-18T17:00:00Z,0.030000,0.030000,0.030000,0.030000
dad08fd5-8a03-4c40-bfa7-fb15edc5b73d,SPY   251219C00694000,2025-12-18T18:00:00Z,0.030000,0.030000,0.030000,0.030000
dad08fd5-8a03-4c40-bfa7-fb15edc5b73d,SPY   251219C00694000,2025-12-18T19:00:00Z,0.030000,0.030000,0.020000,0.020000
dad08fd5-8a03-4c40-bfa7-fb15edc5b73d,SPY   251219C00694000,2025-12-18T20:00:00Z,0.020000,0.020000,0.020000,0.020000
dad08fd5-8a03-4c40-bfa7-fb15edc5b73d,SPY   251219C00694000,2025-12-19T15:00:00Z,0.010000,0.010000,0.010000,0.010000
dad08fd5-8a03-4c40-bfa7-fb15edc5b73d,SPY   251219C00694000,2025-12-19T16:00:00Z,0.010000,0.010000,0.010000,0.010000
dad08fd5-8a03-4c40-bfa7-fb15edc5b73d,SPY   251219C00694000,2025-12-19T17:00:00Z,0.010000,0.010000,0.010000,0.010000
dad08fd5-8a03-4c40-bfa7-fb15edc5b73d,SPY   251219C00694000,2025-12-19T18:00:00Z,0.010000,0.010000,0.010000,0.010000
dad08fd5-8a03-4c40-bfa7-fb15edc5b73d,SPY   251219C00694000,2025-12-19T19:00:00Z,0.010000,0.010000,0.010000,0.010000
dad08fd5-8a03-4c40-bfa7-fb15edc5b73d,SPY   251219C00694000,2025-12-19T20:00:00Z,0.010000,0.010000,0.010000,0.010000
dbd4c4a8-857a-4831-83b4-343c8f6268ee,SPY   260417P00651000,2026-04-07T14:00:00Z,9.270000,10.460000,8.730000,9.950000
dbd4c4a8-857a-4831-83b4-343c8f6268ee,SPY   260417P00651000,2026-04-07T15:00:00Z,9.950000,10.010000,9.490000,9.530000
dbd4c4a8-857a-4831-83b4-343c8f6268ee,SPY   260417P00651000,2026-04-07T16:00:00Z,9.350000,9.350000,7.980000,8.550000
dbd4c4a8-857a-4831-83b4-343c8f6268ee,SPY   260417P00651000,2026-04-07T17:00:00Z,7.800000,7.880000,7.790000,7.880000
dbd4c4a8-857a-4831-83b4-343c8f6268ee,SPY   260417P00651000,2026-04-07T18:00:00Z,8.720000,10.230000,8.660000,9.970000
dbd4c4a8-857a-4831-83b4-343c8f6268ee,SPY   260417P00651000,2026-04-07T19:00:00Z,9.940000,10.200000,7.790000,8.040000
dbd4c4a8-857a-4831-83b4-343c8f6268ee,SPY   260417P00651000,2026-04-08T14:00:00Z,1.780000,2.600000,1.700000,2.320000
dbd4c4a8-857a-4831-83b4-343c8f6268ee,SPY   260417P00651000,2026-04-08T15:00:00Z,2.300000,2.400000,2.100000,2.120000
dbd4c4a8-857a-4831-83b4-343c8f6268ee,SPY   260417P00651000,2026-04-08T16:00:00Z,1.880000,1.950000,1.580000,1.610000
dbd4c4a8-857a-4831-83b4-343c8f6268ee,SPY   260417P00651000,2026-04-08T17:00:00Z,1.560000,1.820000,1.550000,1.820000
dbd4c4a8-857a-4831-83b4-343c8f6268ee,SPY   260417P00651000,2026-04-08T18:00:00Z,1.760000,2.340000,1.670000,2.310000
dbd4c4a8-857a-4831-83b4-343c8f6268ee,SPY   260417P00651000,2026-04-08T19:00:00Z,2.310000,2.330000,1.910000,1.940000
dbd4c4a8-857a-4831-83b4-343c8f6268ee,SPY   260417P00651000,2026-04-09T14:00:00Z,1.440000,1.620000,1.340000,1.360000
dbd4c4a8-857a-4831-83b4-343c8f6268ee,SPY   260417P00651000,2026-04-09T15:00:00Z,1.370000,1.450000,1.020000,1.020000
dbd4c4a8-857a-4831-83b4-343c8f6268ee,SPY   260417P00651000,2026-04-09T16:00:00Z,1.030000,1.030000,0.900000,0.920000
dbd4c4a8-857a-4831-83b4-343c8f6268ee,SPY   260417P00651000,2026-04-09T17:00:00Z,0.910000,0.910000,0.840000,0.870000
dbd4c4a8-857a-4831-83b4-343c8f6268ee,SPY   260417P00651000,2026-04-09T18:00:00Z,0.840000,1.010000,0.840000,0.860000
dbd4c4a8-857a-4831-83b4-343c8f6268ee,SPY   260417P00651000,2026-04-09T19:00:00Z,0.860000,0.880000,0.730000,0.740000
dbd4c4a8-857a-4831-83b4-343c8f6268ee,SPY   260417P00651000,2026-04-10T14:00:00Z,0.540000,0.630000,0.500000,0.600000
dbd4c4a8-857a-4831-83b4-343c8f6268ee,SPY   260417P00651000,2026-04-10T15:00:00Z,0.600000,0.870000,0.510000,0.810000
dbd4c4a8-857a-4831-83b4-343c8f6268ee,SPY   260417P00651000,2026-04-10T16:00:00Z,0.810000,0.950000,0.680000,0.800000
dbd4c4a8-857a-4831-83b4-343c8f6268ee,SPY   260417P00651000,2026-04-10T17:00:00Z,0.800000,0.910000,0.770000,0.780000
dbd4c4a8-857a-4831-83b4-343c8f6268ee,SPY   260417P00651000,2026-04-10T18:00:00Z,0.780000,0.870000,0.690000,0.690000
dbd4c4a8-857a-4831-83b4-343c8f6268ee,SPY   260417P00651000,2026-04-10T19:00:00Z,0.690000,0.710000,0.620000,0.630000
dbd4c4a8-857a-4831-83b4-343c8f6268ee,SPY   260417P00651000,2026-04-13T14:00:00Z,0.440000,0.500000,0.380000,0.390000
dbd4c4a8-857a-4831-83b4-343c8f6268ee,SPY   260417P00651000,2026-04-13T15:00:00Z,0.390000,0.440000,0.390000,0.440000
dbd4c4a8-857a-4831-83b4-343c8f6268ee,SPY   260417P00651000,2026-04-13T16:00:00Z,0.420000,0.420000,0.320000,0.350000
dbd4c4a8-857a-4831-83b4-343c8f6268ee,SPY   260417P00651000,2026-04-13T17:00:00Z,0.350000,0.400000,0.350000,0.370000
dbd4c4a8-857a-4831-83b4-343c8f6268ee,SPY   260417P00651000,2026-04-13T18:00:00Z,0.370000,0.370000,0.310000,0.330000
dbd4c4a8-857a-4831-83b4-343c8f6268ee,SPY   260417P00651000,2026-04-13T19:00:00Z,0.330000,0.340000,0.260000,0.270000
dbd4c4a8-857a-4831-83b4-343c8f6268ee,SPY   260417P00651000,2026-04-14T14:00:00Z,0.170000,0.170000,0.160000,0.170000
dbd4c4a8-857a-4831-83b4-343c8f6268ee,SPY   260417P00651000,2026-04-14T15:00:00Z,0.190000,0.190000,0.150000,0.180000
dbd4c4a8-857a-4831-83b4-343c8f6268ee,SPY   260417P00651000,2026-04-14T16:00:00Z,0.180000,0.180000,0.150000,0.150000
dbd4c4a8-857a-4831-83b4-343c8f6268ee,SPY   260417P00651000,2026-04-14T17:00:00Z,0.150000,0.160000,0.150000,0.160000
dbd4c4a8-857a-4831-83b4-343c8f6268ee,SPY   260417P00651000,2026-04-14T18:00:00Z,0.160000,0.170000,0.150000,0.150000
dbd4c4a8-857a-4831-83b4-343c8f6268ee,SPY   260417P00651000,2026-04-14T19:00:00Z,0.150000,0.160000,0.140000,0.150000
dbd4c4a8-857a-4831-83b4-343c8f6268ee,SPY   260417P00651000,2026-04-15T14:00:00Z,0.080000,0.080000,0.080000,0.080000
dbd4c4a8-857a-4831-83b4-343c8f6268ee,SPY   260417P00651000,2026-04-15T15:00:00Z,0.080000,0.080000,0.080000,0.080000
dbd4c4a8-857a-4831-83b4-343c8f6268ee,SPY   260417P00651000,2026-04-15T16:00:00Z,0.090000,0.090000,0.080000,0.090000
dbd4c4a8-857a-4831-83b4-343c8f6268ee,SPY   260417P00651000,2026-04-15T17:00:00Z,0.090000,0.090000,0.080000,0.080000
dbd4c4a8-857a-4831-83b4-343c8f6268ee,SPY   260417P00651000,2026-04-15T18:00:00Z,0.080000,0.080000,0.070000,0.070000
dbd4c4a8-857a-4831-83b4-343c8f6268ee,SPY   260417P00651000,2026-04-15T19:00:00Z,0.070000,0.070000,0.060000,0.060000
dbd4c4a8-857a-4831-83b4-343c8f6268ee,SPY   260417P00651000,2026-04-16T14:00:00Z,0.030000,0.040000,0.030000,0.040000
dbd4c4a8-857a-4831-83b4-343c8f6268ee,SPY   260417P00651000,2026-04-16T15:00:00Z,0.040000,0.040000,0.040000,0.040000
dbd4c4a8-857a-4831-83b4-343c8f6268ee,SPY   260417P00651000,2026-04-16T16:00:00Z,0.040000,0.040000,0.040000,0.040000
dbd4c4a8-857a-4831-83b4-343c8f6268ee,SPY   260417P00651000,2026-04-16T17:00:00Z,0.040000,0.050000,0.040000,0.040000
dbd4c4a8-857a-4831-83b4-343c8f6268ee,SPY   260417P00651000,2026-04-16T18:00:00Z,0.040000,0.040000,0.030000,0.030000
dbd4c4a8-857a-4831-83b4-343c8f6268ee,SPY   260417P00651000,2026-04-16T19:00:00Z,0.030000,0.030000,0.020000,0.020000
dbd4c4a8-857a-4831-83b4-343c8f6268ee,SPY   260417P00651000,2026-04-17T14:00:00Z,0.010000,0.010000,0.010000,0.010000
dbd4c4a8-857a-4831-83b4-343c8f6268ee,SPY   260417P00651000,2026-04-17T15:00:00Z,0.010000,0.010000,0.010000,0.010000
dbd4c4a8-857a-4831-83b4-343c8f6268ee,SPY   260417P00651000,2026-04-17T16:00:00Z,0.010000,0.010000,0.010000,0.010000
dbd4c4a8-857a-4831-83b4-343c8f6268ee,SPY   260417P00651000,2026-04-17T17:00:00Z,0.010000,0.020000,0.010000,0.010000
dbd4c4a8-857a-4831-83b4-343c8f6268ee,SPY   260417P00651000,2026-04-17T18:00:00Z,0.010000,0.010000,0.010000,0.010000
dbd4c4a8-857a-4831-83b4-343c8f6268ee,SPY   260417P00651000,2026-04-17T19:00:00Z,0.010000,0.010000,0.010000,0.010000
dbedf448-6ced-4028-8fed-8e638dedc5e7,SPY   260410C00675000,2026-04-06T14:00:00Z,0.600000,0.730000,0.510000,0.530000
dbedf448-6ced-4028-8fed-8e638dedc5e7,SPY   260410C00675000,2026-04-06T15:00:00Z,0.520000,0.550000,0.450000,0.500000
dbedf448-6ced-4028-8fed-8e638dedc5e7,SPY   260410C00675000,2026-04-06T16:00:00Z,0.500000,0.550000,0.470000,0.520000
dbedf448-6ced-4028-8fed-8e638dedc5e7,SPY   260410C00675000,2026-04-06T17:00:00Z,0.520000,0.520000,0.470000,0.480000
dbedf448-6ced-4028-8fed-8e638dedc5e7,SPY   260410C00675000,2026-04-06T18:00:00Z,0.420000,0.480000,0.410000,0.460000
dbedf448-6ced-4028-8fed-8e638dedc5e7,SPY   260410C00675000,2026-04-06T19:00:00Z,0.460000,0.490000,0.430000,0.460000
dbedf448-6ced-4028-8fed-8e638dedc5e7,SPY   260410C00675000,2026-04-07T14:00:00Z,0.520000,0.620000,0.480000,0.490000
dbedf448-6ced-4028-8fed-8e638dedc5e7,SPY   260410C00675000,2026-04-07T15:00:00Z,0.490000,0.630000,0.450000,0.620000
dbedf448-6ced-4028-8fed-8e638dedc5e7,SPY   260410C00675000,2026-04-07T16:00:00Z,0.660000,0.980000,0.640000,0.830000
dbedf448-6ced-4028-8fed-8e638dedc5e7,SPY   260410C00675000,2026-04-07T17:00:00Z,0.790000,1.070000,0.770000,0.990000
dbedf448-6ced-4028-8fed-8e638dedc5e7,SPY   260410C00675000,2026-04-07T18:00:00Z,0.860000,0.910000,0.800000,0.810000
dbedf448-6ced-4028-8fed-8e638dedc5e7,SPY   260410C00675000,2026-04-07T19:00:00Z,0.640000,1.210000,0.590000,1.130000
dbedf448-6ced-4028-8fed-8e638dedc5e7,SPY   260410C00675000,2026-04-08T14:00:00Z,3.010000,3.010000,2.940000,2.940000
dbedf448-6ced-4028-8fed-8e638dedc5e7,SPY   260410C00675000,2026-04-08T15:00:00Z,3.380000,3.960000,2.970000,3.930000
dbedf448-6ced-4028-8fed-8e638dedc5e7,SPY   260410C00675000,2026-04-08T16:00:00Z,3.910000,4.340000,3.750000,3.890000
dbedf448-6ced-4028-8fed-8e638dedc5e7,SPY   260410C00675000,2026-04-08T17:00:00Z,4.000000,4.000000,3.980000,3.990000
dbedf448-6ced-4028-8fed-8e638dedc5e7,SPY   260410C00675000,2026-04-08T18:00:00Z,4.220000,4.720000,4.220000,4.720000
dbedf448-6ced-4028-8fed-8e638dedc5e7,SPY   260410C00675000,2026-04-08T19:00:00Z,4.050000,4.140000,3.920000,4.110000
dbedf448-6ced-4028-8fed-8e638dedc5e7,SPY   260410C00675000,2026-04-09T14:00:00Z,2.960000,3.130000,2.160000,2.770000
dbedf448-6ced-4028-8fed-8e638dedc5e7,SPY   260410C00675000,2026-04-09T15:00:00Z,4.100000,4.360000,4.100000,4.330000
dbedf448-6ced-4028-8fed-8e638dedc5e7,SPY   260410C00675000,2026-04-09T16:00:00Z,5.320000,6.440000,5.310000,6.150000
dbedf448-6ced-4028-8fed-8e638dedc5e7,SPY   260410C00675000,2026-04-09T17:00:00Z,6.040000,6.790000,5.930000,6.750000
dbedf448-6ced-4028-8fed-8e638dedc5e7,SPY   260410C00675000,2026-04-09T18:00:00Z,5.190000,5.190000,5.180000,5.180000
dbedf448-6ced-4028-8fed-8e638dedc5e7,SPY   260410C00675000,2026-04-09T19:00:00Z,5.290000,6.200000,5.180000,5.980000
dbedf448-6ced-4028-8fed-8e638dedc5e7,SPY   260410C00675000,2026-04-10T14:00:00Z,5.830000,5.830000,5.550000,5.550000
dbedf448-6ced-4028-8fed-8e638dedc5e7,SPY   260410C00675000,2026-04-10T15:00:00Z,6.850000,6.910000,6.820000,6.910000
dbedf448-6ced-4028-8fed-8e638dedc5e7,SPY   260410C00675000,2026-04-10T16:00:00Z,4.740000,5.230000,4.400000,4.440000
dbedf448-6ced-4028-8fed-8e638dedc5e7,SPY   260410C00675000,2026-04-10T17:00:00Z,4.630000,4.630000,3.630000,4.520000
dbedf448-6ced-4028-8fed-8e638dedc5e7,SPY   260410C00675000,2026-04-10T18:00:00Z,4.510000,4.590000,3.950000,4.300000
dbedf448-6ced-4028-8fed-8e638dedc5e7,SPY   260410C00675000,2026-04-10T19:00:00Z,4.370000,4.980000,3.740000,4.560000
e0efef28-6bf6-4949-82ce-a9d6a5fd7c55,SPY   260612C00759000,2026-06-02T14:00:00Z,6.710000,6.830000,6.690000,6.790000
e0efef28-6bf6-4949-82ce-a9d6a5fd7c55,SPY   260612C00759000,2026-06-02T15:00:00Z,7.160000,7.450000,6.980000,7.330000
e0efef28-6bf6-4949-82ce-a9d6a5fd7c55,SPY   260612C00759000,2026-06-02T16:00:00Z,7.130000,7.260000,6.750000,7.160000
e0efef28-6bf6-4949-82ce-a9d6a5fd7c55,SPY   260612C00759000,2026-06-02T17:00:00Z,7.150000,7.180000,6.510000,6.520000
e0efef28-6bf6-4949-82ce-a9d6a5fd7c55,SPY   260612C00759000,2026-06-02T18:00:00Z,6.550000,6.690000,6.480000,6.480000
e0efef28-6bf6-4949-82ce-a9d6a5fd7c55,SPY   260612C00759000,2026-06-02T19:00:00Z,6.510000,6.800000,6.510000,6.790000
e0efef28-6bf6-4949-82ce-a9d6a5fd7c55,SPY   260612C00759000,2026-06-03T14:00:00Z,4.950000,4.990000,4.930000,4.990000
e0efef28-6bf6-4949-82ce-a9d6a5fd7c55,SPY   260612C00759000,2026-06-03T15:00:00Z,4.840000,4.960000,4.690000,4.700000
e0efef28-6bf6-4949-82ce-a9d6a5fd7c55,SPY   260612C00759000,2026-06-03T16:00:00Z,4.390000,4.480000,3.740000,4.310000
e0efef28-6bf6-4949-82ce-a9d6a5fd7c55,SPY   260612C00759000,2026-06-03T17:00:00Z,4.260000,4.290000,4.250000,4.280000
e0efef28-6bf6-4949-82ce-a9d6a5fd7c55,SPY   260612C00759000,2026-06-03T18:00:00Z,4.420000,4.600000,4.150000,4.400000
e0efef28-6bf6-4949-82ce-a9d6a5fd7c55,SPY   260612C00759000,2026-06-03T19:00:00Z,4.400000,4.400000,3.670000,3.840000
e0efef28-6bf6-4949-82ce-a9d6a5fd7c55,SPY   260612C00759000,2026-06-04T14:00:00Z,3.050000,3.200000,2.970000,3.130000
e0efef28-6bf6-4949-82ce-a9d6a5fd7c55,SPY   260612C00759000,2026-06-04T15:00:00Z,3.280000,3.940000,3.280000,3.500000
e0efef28-6bf6-4949-82ce-a9d6a5fd7c55,SPY   260612C00759000,2026-06-04T16:00:00Z,3.680000,4.330000,3.620000,4.270000
e0efef28-6bf6-4949-82ce-a9d6a5fd7c55,SPY   260612C00759000,2026-06-04T17:00:00Z,4.270000,4.680000,4.170000,4.660000
e0efef28-6bf6-4949-82ce-a9d6a5fd7c55,SPY   260612C00759000,2026-06-04T18:00:00Z,4.650000,4.800000,4.590000,4.620000
e0efef28-6bf6-4949-82ce-a9d6a5fd7c55,SPY   260612C00759000,2026-06-04T19:00:00Z,4.620000,4.910000,4.420000,4.450000
e0efef28-6bf6-4949-82ce-a9d6a5fd7c55,SPY   260612C00759000,2026-06-05T14:00:00Z,1.530000,1.870000,1.440000,1.640000
e0efef28-6bf6-4949-82ce-a9d6a5fd7c55,SPY   260612C00759000,2026-06-05T15:00:00Z,1.570000,1.620000,1.020000,1.110000
e0efef28-6bf6-4949-82ce-a9d6a5fd7c55,SPY   260612C00759000,2026-06-05T16:00:00Z,1.100000,1.130000,0.910000,1.070000
e0efef28-6bf6-4949-82ce-a9d6a5fd7c55,SPY   260612C00759000,2026-06-05T17:00:00Z,1.070000,1.070000,0.830000,0.890000
e0efef28-6bf6-4949-82ce-a9d6a5fd7c55,SPY   260612C00759000,2026-06-05T18:00:00Z,0.600000,0.600000,0.590000,0.590000
e0efef28-6bf6-4949-82ce-a9d6a5fd7c55,SPY   260612C00759000,2026-06-05T19:00:00Z,0.570000,0.690000,0.480000,0.630000
e0efef28-6bf6-4949-82ce-a9d6a5fd7c55,SPY   260612C00759000,2026-06-08T14:00:00Z,0.460000,0.660000,0.420000,0.660000
e0efef28-6bf6-4949-82ce-a9d6a5fd7c55,SPY   260612C00759000,2026-06-08T15:00:00Z,0.660000,0.690000,0.610000,0.650000
e0efef28-6bf6-4949-82ce-a9d6a5fd7c55,SPY   260612C00759000,2026-06-08T16:00:00Z,0.450000,0.510000,0.360000,0.360000
e0efef28-6bf6-4949-82ce-a9d6a5fd7c55,SPY   260612C00759000,2026-06-08T17:00:00Z,0.360000,0.370000,0.280000,0.300000
e0efef28-6bf6-4949-82ce-a9d6a5fd7c55,SPY   260612C00759000,2026-06-08T18:00:00Z,0.300000,0.350000,0.250000,0.260000
e0efef28-6bf6-4949-82ce-a9d6a5fd7c55,SPY   260612C00759000,2026-06-08T19:00:00Z,0.260000,0.270000,0.180000,0.180000
e0efef28-6bf6-4949-82ce-a9d6a5fd7c55,SPY   260612C00759000,2026-06-09T14:00:00Z,0.130000,0.130000,0.130000,0.130000
e0efef28-6bf6-4949-82ce-a9d6a5fd7c55,SPY   260612C00759000,2026-06-09T15:00:00Z,0.160000,0.170000,0.120000,0.160000
e0efef28-6bf6-4949-82ce-a9d6a5fd7c55,SPY   260612C00759000,2026-06-09T16:00:00Z,0.090000,0.090000,0.070000,0.070000
e0efef28-6bf6-4949-82ce-a9d6a5fd7c55,SPY   260612C00759000,2026-06-09T17:00:00Z,0.080000,0.130000,0.080000,0.120000
e0efef28-6bf6-4949-82ce-a9d6a5fd7c55,SPY   260612C00759000,2026-06-09T18:00:00Z,0.120000,0.160000,0.110000,0.130000
e0efef28-6bf6-4949-82ce-a9d6a5fd7c55,SPY   260612C00759000,2026-06-09T19:00:00Z,0.110000,0.110000,0.110000,0.110000
e0efef28-6bf6-4949-82ce-a9d6a5fd7c55,SPY   260612C00759000,2026-06-10T14:00:00Z,0.100000,0.130000,0.090000,0.110000
e0efef28-6bf6-4949-82ce-a9d6a5fd7c55,SPY   260612C00759000,2026-06-10T15:00:00Z,0.060000,0.070000,0.060000,0.060000
e0efef28-6bf6-4949-82ce-a9d6a5fd7c55,SPY   260612C00759000,2026-06-10T16:00:00Z,0.060000,0.060000,0.060000,0.060000
e0efef28-6bf6-4949-82ce-a9d6a5fd7c55,SPY   260612C00759000,2026-06-10T17:00:00Z,0.050000,0.050000,0.050000,0.050000
e0efef28-6bf6-4949-82ce-a9d6a5fd7c55,SPY   260612C00759000,2026-06-10T18:00:00Z,0.050000,0.050000,0.030000,0.030000
e0efef28-6bf6-4949-82ce-a9d6a5fd7c55,SPY   260612C00759000,2026-06-10T19:00:00Z,0.050000,0.050000,0.050000,0.050000
e0efef28-6bf6-4949-82ce-a9d6a5fd7c55,SPY   260612C00759000,2026-06-11T14:00:00Z,0.030000,0.030000,0.020000,0.020000
e0efef28-6bf6-4949-82ce-a9d6a5fd7c55,SPY   260612C00759000,2026-06-11T15:00:00Z,0.020000,0.020000,0.020000,0.020000
e0efef28-6bf6-4949-82ce-a9d6a5fd7c55,SPY   260612C00759000,2026-06-11T16:00:00Z,0.030000,0.030000,0.020000,0.020000
e0efef28-6bf6-4949-82ce-a9d6a5fd7c55,SPY   260612C00759000,2026-06-11T17:00:00Z,0.030000,0.040000,0.020000,0.040000
e0efef28-6bf6-4949-82ce-a9d6a5fd7c55,SPY   260612C00759000,2026-06-11T18:00:00Z,0.050000,0.060000,0.040000,0.040000
e0efef28-6bf6-4949-82ce-a9d6a5fd7c55,SPY   260612C00759000,2026-06-11T19:00:00Z,0.040000,0.090000,0.040000,0.060000
e0efef28-6bf6-4949-82ce-a9d6a5fd7c55,SPY   260612C00759000,2026-06-12T14:00:00Z,0.050000,0.080000,0.030000,0.050000
e0efef28-6bf6-4949-82ce-a9d6a5fd7c55,SPY   260612C00759000,2026-06-12T15:00:00Z,0.030000,0.030000,0.030000,0.030000
e0efef28-6bf6-4949-82ce-a9d6a5fd7c55,SPY   260612C00759000,2026-06-12T16:00:00Z,0.030000,0.050000,0.030000,0.030000
e0efef28-6bf6-4949-82ce-a9d6a5fd7c55,SPY   260612C00759000,2026-06-12T17:00:00Z,0.030000,0.030000,0.020000,0.020000
e0efef28-6bf6-4949-82ce-a9d6a5fd7c55,SPY   260612C00759000,2026-06-12T18:00:00Z,0.020000,0.020000,0.010000,0.010000
e0efef28-6bf6-4949-82ce-a9d6a5fd7c55,SPY   260612C00759000,2026-06-12T19:00:00Z,0.010000,0.010000,0.010000,0.010000
e0feafd7-f5bb-41c7-8e27-a9000a3e725a,SPY   251114C00692000,2025-11-04T15:00:00Z,1.620000,1.730000,1.360000,1.420000
e0feafd7-f5bb-41c7-8e27-a9000a3e725a,SPY   251114C00692000,2025-11-04T16:00:00Z,1.440000,1.450000,1.320000,1.380000
e0feafd7-f5bb-41c7-8e27-a9000a3e725a,SPY   251114C00692000,2025-11-04T17:00:00Z,1.390000,1.390000,1.120000,1.180000
e0feafd7-f5bb-41c7-8e27-a9000a3e725a,SPY   251114C00692000,2025-11-04T18:00:00Z,1.140000,1.170000,1.060000,1.090000
e0feafd7-f5bb-41c7-8e27-a9000a3e725a,SPY   251114C00692000,2025-11-04T19:00:00Z,1.140000,1.170000,0.930000,0.960000
e0feafd7-f5bb-41c7-8e27-a9000a3e725a,SPY   251114C00692000,2025-11-04T20:00:00Z,0.960000,1.050000,0.890000,0.910000
e0feafd7-f5bb-41c7-8e27-a9000a3e725a,SPY   251114C00692000,2025-11-05T15:00:00Z,1.080000,1.230000,0.920000,1.030000
e0feafd7-f5bb-41c7-8e27-a9000a3e725a,SPY   251114C00692000,2025-11-05T16:00:00Z,1.030000,1.200000,1.020000,1.200000
e0feafd7-f5bb-41c7-8e27-a9000a3e725a,SPY   251114C00692000,2025-11-05T17:00:00Z,1.160000,1.210000,1.120000,1.200000
e0feafd7-f5bb-41c7-8e27-a9000a3e725a,SPY   251114C00692000,2025-11-05T18:00:00Z,1.330000,1.400000,1.280000,1.370000
e0feafd7-f5bb-41c7-8e27-a9000a3e725a,SPY   251114C00692000,2025-11-05T19:00:00Z,1.360000,1.360000,1.170000,1.170000
e0feafd7-f5bb-41c7-8e27-a9000a3e725a,SPY   251114C00692000,2025-11-05T20:00:00Z,1.170000,1.210000,1.160000,1.160000
e0feafd7-f5bb-41c7-8e27-a9000a3e725a,SPY   251114C00692000,2025-11-06T15:00:00Z,0.550000,0.580000,0.380000,0.380000
e0feafd7-f5bb-41c7-8e27-a9000a3e725a,SPY   251114C00692000,2025-11-06T16:00:00Z,0.330000,0.340000,0.300000,0.310000
e0feafd7-f5bb-41c7-8e27-a9000a3e725a,SPY   251114C00692000,2025-11-06T17:00:00Z,0.300000,0.310000,0.300000,0.310000
e0feafd7-f5bb-41c7-8e27-a9000a3e725a,SPY   251114C00692000,2025-11-06T18:00:00Z,0.350000,0.380000,0.290000,0.350000
e0feafd7-f5bb-41c7-8e27-a9000a3e725a,SPY   251114C00692000,2025-11-06T19:00:00Z,0.350000,0.440000,0.350000,0.380000
e0feafd7-f5bb-41c7-8e27-a9000a3e725a,SPY   251114C00692000,2025-11-06T20:00:00Z,0.310000,0.310000,0.280000,0.300000
e0feafd7-f5bb-41c7-8e27-a9000a3e725a,SPY   251114C00692000,2025-11-07T15:00:00Z,0.120000,0.130000,0.120000,0.120000
e0feafd7-f5bb-41c7-8e27-a9000a3e725a,SPY   251114C00692000,2025-11-07T16:00:00Z,0.110000,0.120000,0.100000,0.110000
e0feafd7-f5bb-41c7-8e27-a9000a3e725a,SPY   251114C00692000,2025-11-07T17:00:00Z,0.110000,0.110000,0.110000,0.110000
e0feafd7-f5bb-41c7-8e27-a9000a3e725a,SPY   251114C00692000,2025-11-07T18:00:00Z,0.100000,0.100000,0.100000,0.100000
e0feafd7-f5bb-41c7-8e27-a9000a3e725a,SPY   251114C00692000,2025-11-07T19:00:00Z,0.090000,0.150000,0.090000,0.140000
e0feafd7-f5bb-41c7-8e27-a9000a3e725a,SPY   251114C00692000,2025-11-07T20:00:00Z,0.140000,0.150000,0.100000,0.110000
e0feafd7-f5bb-41c7-8e27-a9000a3e725a,SPY   251114C00692000,2025-11-10T15:00:00Z,0.350000,0.390000,0.220000,0.220000
e0feafd7-f5bb-41c7-8e27-a9000a3e725a,SPY   251114C00692000,2025-11-10T16:00:00Z,0.180000,0.200000,0.170000,0.180000
e0feafd7-f5bb-41c7-8e27-a9000a3e725a,SPY   251114C00692000,2025-11-10T17:00:00Z,0.220000,0.330000,0.210000,0.330000
e0feafd7-f5bb-41c7-8e27-a9000a3e725a,SPY   251114C00692000,2025-11-10T18:00:00Z,0.360000,0.420000,0.310000,0.360000
e0feafd7-f5bb-41c7-8e27-a9000a3e725a,SPY   251114C00692000,2025-11-10T19:00:00Z,0.360000,0.500000,0.350000,0.440000
e0feafd7-f5bb-41c7-8e27-a9000a3e725a,SPY   251114C00692000,2025-11-10T20:00:00Z,0.440000,0.620000,0.440000,0.460000
e0feafd7-f5bb-41c7-8e27-a9000a3e725a,SPY   251114C00692000,2025-11-11T15:00:00Z,0.280000,0.280000,0.150000,0.160000
e0feafd7-f5bb-41c7-8e27-a9000a3e725a,SPY   251114C00692000,2025-11-11T16:00:00Z,0.160000,0.220000,0.150000,0.170000
e0feafd7-f5bb-41c7-8e27-a9000a3e725a,SPY   251114C00692000,2025-11-11T17:00:00Z,0.180000,0.310000,0.180000,0.300000
e0feafd7-f5bb-41c7-8e27-a9000a3e725a,SPY   251114C00692000,2025-11-11T18:00:00Z,0.350000,0.430000,0.300000,0.390000
e0feafd7-f5bb-41c7-8e27-a9000a3e725a,SPY   251114C00692000,2025-11-11T19:00:00Z,0.380000,0.400000,0.310000,0.330000
e0feafd7-f5bb-41c7-8e27-a9000a3e725a,SPY   251114C00692000,2025-11-11T20:00:00Z,0.330000,0.380000,0.280000,0.330000
e0feafd7-f5bb-41c7-8e27-a9000a3e725a,SPY   251114C00692000,2025-11-12T15:00:00Z,0.400000,0.440000,0.260000,0.280000
e0feafd7-f5bb-41c7-8e27-a9000a3e725a,SPY   251114C00692000,2025-11-12T16:00:00Z,0.280000,0.350000,0.240000,0.290000
e0feafd7-f5bb-41c7-8e27-a9000a3e725a,SPY   251114C00692000,2025-11-12T17:00:00Z,0.290000,0.390000,0.280000,0.350000
e0feafd7-f5bb-41c7-8e27-a9000a3e725a,SPY   251114C00692000,2025-11-12T18:00:00Z,0.380000,0.390000,0.310000,0.330000
e0feafd7-f5bb-41c7-8e27-a9000a3e725a,SPY   251114C00692000,2025-11-12T19:00:00Z,0.330000,0.330000,0.210000,0.210000
e0feafd7-f5bb-41c7-8e27-a9000a3e725a,SPY   251114C00692000,2025-11-12T20:00:00Z,0.210000,0.290000,0.190000,0.200000
e0feafd7-f5bb-41c7-8e27-a9000a3e725a,SPY   251114C00692000,2025-11-13T15:00:00Z,0.050000,0.060000,0.040000,0.040000
e0feafd7-f5bb-41c7-8e27-a9000a3e725a,SPY   251114C00692000,2025-11-13T16:00:00Z,0.040000,0.040000,0.040000,0.040000
e0feafd7-f5bb-41c7-8e27-a9000a3e725a,SPY   251114C00692000,2025-11-13T17:00:00Z,0.040000,0.040000,0.040000,0.040000
e0feafd7-f5bb-41c7-8e27-a9000a3e725a,SPY   251114C00692000,2025-11-13T18:00:00Z,0.040000,0.040000,0.030000,0.030000
e0feafd7-f5bb-41c7-8e27-a9000a3e725a,SPY   251114C00692000,2025-11-13T19:00:00Z,0.030000,0.030000,0.030000,0.030000
e0feafd7-f5bb-41c7-8e27-a9000a3e725a,SPY   251114C00692000,2025-11-13T20:00:00Z,0.030000,0.030000,0.030000,0.030000
e0feafd7-f5bb-41c7-8e27-a9000a3e725a,SPY   251114C00692000,2025-11-14T15:00:00Z,0.010000,0.010000,0.010000,0.010000
e0feafd7-f5bb-41c7-8e27-a9000a3e725a,SPY   251114C00692000,2025-11-14T16:00:00Z,0.010000,0.010000,0.010000,0.010000
e0feafd7-f5bb-41c7-8e27-a9000a3e725a,SPY   251114C00692000,2025-11-14T17:00:00Z,0.010000,0.010000,0.010000,0.010000
e0feafd7-f5bb-41c7-8e27-a9000a3e725a,SPY   251114C00692000,2025-11-14T18:00:00Z,0.010000,0.010000,0.010000,0.010000
e0feafd7-f5bb-41c7-8e27-a9000a3e725a,SPY   251114C00692000,2025-11-14T19:00:00Z,0.010000,0.010000,0.010000,0.010000
e0feafd7-f5bb-41c7-8e27-a9000a3e725a,SPY   251114C00692000,2025-11-14T20:00:00Z,0.010000,0.010000,0.010000,0.010000
e10b4ebe-f4c8-41ea-8115-14641922ec0d,SPY   260904C00776000,2026-08-24T14:00:00Z,1.770000,1.800000,1.770000,1.800000
e10b4ebe-f4c8-41ea-8115-14641922ec0d,SPY   260904C00776000,2026-08-24T15:00:00Z,1.630000,1.740000,1.570000,1.730000
e10b4ebe-f4c8-41ea-8115-14641922ec0d,SPY   260904C00776000,2026-08-24T16:00:00Z,2.040000,2.230000,1.930000,1.950000
e10b4ebe-f4c8-41ea-8115-14641922ec0d,SPY   260904C00776000,2026-08-24T17:00:00Z,1.930000,2.070000,1.670000,1.710000
e10b4ebe-f4c8-41ea-8115-14641922ec0d,SPY   260904C00776000,2026-08-24T18:00:00Z,1.710000,2.150000,1.710000,1.880000
e10b4ebe-f4c8-41ea-8115-14641922ec0d,SPY   260904C00776000,2026-08-24T19:00:00Z,1.880000,1.940000,1.740000,1.810000
e10b4ebe-f4c8-41ea-8115-14641922ec0d,SPY   260904C00776000,2026-08-25T14:00:00Z,2.230000,2.260000,1.600000,1.820000
e10b4ebe-f4c8-41ea-8115-14641922ec0d,SPY   260904C00776000,2026-08-25T15:00:00Z,1.900000,2.080000,1.790000,1.990000
e10b4ebe-f4c8-41ea-8115-14641922ec0d,SPY   260904C00776000,2026-08-25T16:00:00Z,1.990000,2.120000,1.960000,2.060000
e10b4ebe-f4c8-41ea-8115-14641922ec0d,SPY   260904C00776000,2026-08-25T17:00:00Z,1.860000,1.880000,1.860000,1.880000
e10b4ebe-f4c8-41ea-8115-14641922ec0d,SPY   260904C00776000,2026-08-25T18:00:00Z,1.860000,2.070000,1.780000,2.000000
e10b4ebe-f4c8-41ea-8115-14641922ec0d,SPY   260904C00776000,2026-08-25T19:00:00Z,2.010000,2.140000,1.820000,2.050000
e10b4ebe-f4c8-41ea-8115-14641922ec0d,SPY   260904C00776000,2026-08-26T14:00:00Z,2.210000,2.230000,1.910000,1.920000
e10b4ebe-f4c8-41ea-8115-14641922ec0d,SPY   260904C00776000,2026-08-26T15:00:00Z,2.010000,2.010000,2.000000,2.000000
e10b4ebe-f4c8-41ea-8115-14641922ec0d,SPY   260904C00776000,2026-08-26T16:00:00Z,1.840000,1.880000,1.550000,1.700000
e10b4ebe-f4c8-41ea-8115-14641922ec0d,SPY   260904C00776000,2026-08-26T17:00:00Z,1.700000,1.900000,1.670000,1.860000
e10b4ebe-f4c8-41ea-8115-14641922ec0d,SPY   260904C00776000,2026-08-26T18:00:00Z,1.860000,2.090000,1.770000,2.050000
e10b4ebe-f4c8-41ea-8115-14641922ec0d,SPY   260904C00776000,2026-08-26T19:00:00Z,2.060000,2.310000,1.940000,1.990000
e10b4ebe-f4c8-41ea-8115-14641922ec0d,SPY   260904C00776000,2026-08-27T14:00:00Z,2.330000,2.490000,2.190000,2.290000
e10b4ebe-f4c8-41ea-8115-14641922ec0d,SPY   260904C00776000,2026-08-27T15:00:00Z,2.670000,2.730000,2.670000,2.710000
e10b4ebe-f4c8-41ea-8115-14641922ec0d,SPY   260904C00776000,2026-08-27T16:00:00Z,2.720000,3.310000,2.660000,3.300000
e10b4ebe-f4c8-41ea-8115-14641922ec0d,SPY   260904C00776000,2026-08-27T17:00:00Z,3.130000,3.130000,3.070000,3.090000
e10b4ebe-f4c8-41ea-8115-14641922ec0d,SPY   260904C00776000,2026-08-27T18:00:00Z,3.010000,3.060000,2.630000,2.650000
e10b4ebe-f4c8-41ea-8115-14641922ec0d,SPY   260904C00776000,2026-08-27T19:00:00Z,2.390000,2.710000,2.320000,2.610000
e10b4ebe-f4c8-41ea-8115-14641922ec0d,SPY   260904C00776000,2026-08-28T14:00:00Z,2.760000,3.940000,2.030000,3.930000
e10b4ebe-f4c8-41ea-8115-14641922ec0d,SPY   260904C00776000,2026-08-28T15:00:00Z,3.760000,3.780000,3.620000,3.620000
e10b4ebe-f4c8-41ea-8115-14641922ec0d,SPY   260904C00776000,2026-08-28T16:00:00Z,2.330000,2.440000,1.820000,1.870000
e10b4ebe-f4c8-41ea-8115-14641922ec0d,SPY   260904C00776000,2026-08-28T17:00:00Z,1.860000,1.860000,1.570000,1.740000
e10b4ebe-f4c8-41ea-8115-14641922ec0d,SPY   260904C00776000,2026-08-28T18:00:00Z,1.740000,1.800000,1.390000,1.460000
e10b4ebe-f4c8-41ea-8115-14641922ec0d,SPY   260904C00776000,2026-08-28T19:00:00Z,1.450000,1.700000,1.390000,1.650000
e10b4ebe-f4c8-41ea-8115-14641922ec0d,SPY   260904C00776000,2026-08-31T14:00:00Z,0.550000,0.560000,0.530000,0.550000
e10b4ebe-f4c8-41ea-8115-14641922ec0d,SPY   260904C00776000,2026-08-31T15:00:00Z,0.560000,0.610000,0.470000,0.490000
e10b4ebe-f4c8-41ea-8115-14641922ec0d,SPY   260904C00776000,2026-08-31T16:00:00Z,0.490000,0.560000,0.440000,0.550000
e10b4ebe-f4c8-41ea-8115-14641922ec0d,SPY   260904C00776000,2026-08-31T17:00:00Z,0.550000,0.640000,0.460000,0.600000
e10b4ebe-f4c8-41ea-8115-14641922ec0d,SPY   260904C00776000,2026-08-31T18:00:00Z,0.600000,0.660000,0.430000,0.480000
e10b4ebe-f4c8-41ea-8115-14641922ec0d,SPY   260904C00776000,2026-08-31T19:00:00Z,0.480000,0.780000,0.470000,0.600000
e10b4ebe-f4c8-41ea-8115-14641922ec0d,SPY   260904C00776000,2026-09-01T14:00:00Z,0.300000,0.320000,0.300000,0.320000
e10b4ebe-f4c8-41ea-8115-14641922ec0d,SPY   260904C00776000,2026-09-01T15:00:00Z,0.210000,0.220000,0.210000,0.220000
e10b4ebe-f4c8-41ea-8115-14641922ec0d,SPY   260904C00776000,2026-09-01T16:00:00Z,0.280000,0.280000,0.160000,0.170000
e10b4ebe-f4c8-41ea-8115-14641922ec0d,SPY   260904C00776000,2026-09-01T17:00:00Z,0.170000,0.170000,0.140000,0.160000
e10b4ebe-f4c8-41ea-8115-14641922ec0d,SPY   260904C00776000,2026-09-01T18:00:00Z,0.140000,0.140000,0.100000,0.110000
e10b4ebe-f4c8-41ea-8115-14641922ec0d,SPY   260904C00776000,2026-09-01T19:00:00Z,0.110000,0.120000,0.100000,0.110000
e10b4ebe-f4c8-41ea-8115-14641922ec0d,SPY   260904C00776000,2026-09-02T14:00:00Z,0.130000,0.140000,0.120000,0.140000
e10b4ebe-f4c8-41ea-8115-14641922ec0d,SPY   260904C00776000,2026-09-02T15:00:00Z,0.180000,0.200000,0.180000,0.200000
e10b4ebe-f4c8-41ea-8115-14641922ec0d,SPY   260904C00776000,2026-09-02T16:00:00Z,0.200000,0.200000,0.140000,0.140000
e10b4ebe-f4c8-41ea-8115-14641922ec0d,SPY   260904C00776000,2026-09-02T17:00:00Z,0.140000,0.160000,0.100000,0.120000
e10b4ebe-f4c8-41ea-8115-14641922ec0d,SPY   260904C00776000,2026-09-02T18:00:00Z,0.120000,0.160000,0.100000,0.120000
e10b4ebe-f4c8-41ea-8115-14641922ec0d,SPY   260904C00776000,2026-09-02T19:00:00Z,0.090000,0.140000,0.090000,0.130000
e10b4ebe-f4c8-41ea-8115-14641922ec0d,SPY   260904C00776000,2026-09-03T14:00:00Z,0.280000,0.280000,0.150000,0.210000
e10b4ebe-f4c8-41ea-8115-14641922ec0d,SPY   260904C00776000,2026-09-03T15:00:00Z,0.220000,0.660000,0.220000,0.660000
e10b4ebe-f4c8-41ea-8115-14641922ec0d,SPY   260904C00776000,2026-09-03T16:00:00Z,1.130000,1.130000,0.730000,0.890000
e10b4ebe-f4c8-41ea-8115-14641922ec0d,SPY   260904C00776000,2026-09-03T17:00:00Z,0.890000,0.920000,0.600000,0.680000
e10b4ebe-f4c8-41ea-8115-14641922ec0d,SPY   260904C00776000,2026-09-03T18:00:00Z,0.850000,1.160000,0.850000,0.980000
e10b4ebe-f4c8-41ea-8115-14641922ec0d,SPY   260904C00776000,2026-09-03T19:00:00Z,0.980000,0.990000,0.810000,0.850000
e10b4ebe-f4c8-41ea-8115-14641922ec0d,SPY   260904C00776000,2026-09-04T14:00:00Z,0.110000,0.110000,0.040000,0.040000
e10b4ebe-f4c8-41ea-8115-14641922ec0d,SPY   260904C00776000,2026-09-04T15:00:00Z,0.040000,0.040000,0.030000,0.030000
e10b4ebe-f4c8-41ea-8115-14641922ec0d,SPY   260904C00776000,2026-09-04T16:00:00Z,0.030000,0.040000,0.030000,0.030000
e10b4ebe-f4c8-41ea-8115-14641922ec0d,SPY   260904C00776000,2026-09-04T17:00:00Z,0.030000,0.030000,0.020000,0.020000
e10b4ebe-f4c8-41ea-8115-14641922ec0d,SPY   260904C00776000,2026-09-04T18:00:00Z,0.020000,0.020000,0.020000,0.020000
e10b4ebe-f4c8-41ea-8115-14641922ec0d,SPY   260904C00776000,2026-09-04T19:00:00Z,0.020000,0.020000,0.010000,0.010000
e167fd9b-0ab4-4a06-b319-cd2dfef21f98,SPY   260227C00702000,2026-02-23T15:00:00Z,0.310000,0.340000,0.140000,0.140000
e167fd9b-0ab4-4a06-b319-cd2dfef21f98,SPY   260227C00702000,2026-02-23T16:00:00Z,0.140000,0.160000,0.120000,0.150000
e167fd9b-0ab4-4a06-b319-cd2dfef21f98,SPY   260227C00702000,2026-02-23T17:00:00Z,0.140000,0.150000,0.120000,0.140000
e167fd9b-0ab4-4a06-b319-cd2dfef21f98,SPY   260227C00702000,2026-02-23T18:00:00Z,0.140000,0.170000,0.120000,0.120000
e167fd9b-0ab4-4a06-b319-cd2dfef21f98,SPY   260227C00702000,2026-02-23T19:00:00Z,0.120000,0.120000,0.080000,0.080000
e167fd9b-0ab4-4a06-b319-cd2dfef21f98,SPY   260227C00702000,2026-02-23T20:00:00Z,0.080000,0.100000,0.080000,0.080000
e167fd9b-0ab4-4a06-b319-cd2dfef21f98,SPY   260227C00702000,2026-02-24T15:00:00Z,0.070000,0.100000,0.060000,0.070000
e167fd9b-0ab4-4a06-b319-cd2dfef21f98,SPY   260227C00702000,2026-02-24T16:00:00Z,0.070000,0.090000,0.070000,0.080000
e167fd9b-0ab4-4a06-b319-cd2dfef21f98,SPY   260227C00702000,2026-02-24T17:00:00Z,0.080000,0.110000,0.080000,0.090000
e167fd9b-0ab4-4a06-b319-cd2dfef21f98,SPY   260227C00702000,2026-02-24T18:00:00Z,0.100000,0.110000,0.080000,0.090000
e167fd9b-0ab4-4a06-b319-cd2dfef21f98,SPY   260227C00702000,2026-02-24T19:00:00Z,0.090000,0.090000,0.070000,0.070000
e167fd9b-0ab4-4a06-b319-cd2dfef21f98,SPY   260227C00702000,2026-02-24T20:00:00Z,0.060000,0.060000,0.040000,0.050000
e167fd9b-0ab4-4a06-b319-cd2dfef21f98,SPY   260227C00702000,2026-02-25T15:00:00Z,0.160000,0.170000,0.110000,0.120000
e167fd9b-0ab4-4a06-b319-cd2dfef21f98,SPY   260227C00702000,2026-02-25T16:00:00Z,0.120000,0.210000,0.120000,0.180000
e167fd9b-0ab4-4a06-b319-cd2dfef21f98,SPY   260227C00702000,2026-02-25T17:00:00Z,0.180000,0.200000,0.180000,0.200000
e167fd9b-0ab4-4a06-b319-cd2dfef21f98,SPY   260227C00702000,2026-02-25T18:00:00Z,0.230000,0.240000,0.190000,0.210000
e167fd9b-0ab4-4a06-b319-cd2dfef21f98,SPY   260227C00702000,2026-02-25T19:00:00Z,0.210000,0.260000,0.210000,0.230000
e167fd9b-0ab4-4a06-b319-cd2dfef21f98,SPY   260227C00702000,2026-02-25T20:00:00Z,0.220000,0.250000,0.200000,0.210000
e167fd9b-0ab4-4a06-b319-cd2dfef21f98,SPY   260227C00702000,2026-02-26T15:00:00Z,0.050000,0.050000,0.020000,0.020000
e167fd9b-0ab4-4a06-b319-cd2dfef21f98,SPY   260227C00702000,2026-02-26T16:00:00Z,0.020000,0.020000,0.020000,0.020000
e167fd9b-0ab4-4a06-b319-cd2dfef21f98,SPY   260227C00702000,2026-02-26T17:00:00Z,0.020000,0.020000,0.020000,0.020000
e167fd9b-0ab4-4a06-b319-cd2dfef21f98,SPY   260227C00702000,2026-02-26T18:00:00Z,0.020000,0.020000,0.020000,0.020000
e167fd9b-0ab4-4a06-b319-cd2dfef21f98,SPY   260227C00702000,2026-02-26T19:00:00Z,0.020000,0.020000,0.020000,0.020000
e167fd9b-0ab4-4a06-b319-cd2dfef21f98,SPY   260227C00702000,2026-02-26T20:00:00Z,0.020000,0.020000,0.020000,0.020000
e167fd9b-0ab4-4a06-b319-cd2dfef21f98,SPY   260227C00702000,2026-02-27T15:00:00Z,0.010000,0.010000,0.010000,0.010000
e167fd9b-0ab4-4a06-b319-cd2dfef21f98,SPY   260227C00702000,2026-02-27T16:00:00Z,0.010000,0.010000,0.010000,0.010000
e167fd9b-0ab4-4a06-b319-cd2dfef21f98,SPY   260227C00702000,2026-02-27T17:00:00Z,0.010000,0.010000,0.010000,0.010000
e167fd9b-0ab4-4a06-b319-cd2dfef21f98,SPY   260227C00702000,2026-02-27T18:00:00Z,0.010000,0.010000,0.010000,0.010000
e167fd9b-0ab4-4a06-b319-cd2dfef21f98,SPY   260227C00702000,2026-02-27T19:00:00Z,0.010000,0.010000,0.010000,0.010000
e167fd9b-0ab4-4a06-b319-cd2dfef21f98,SPY   260227C00702000,2026-02-27T20:00:00Z,0.010000,0.010000,0.010000,0.010000
e3a388c6-3dbc-4858-bf41-20ad393369a7,SPY   250926C00668000,2025-09-22T14:00:00Z,1.520000,1.660000,1.500000,1.630000
e3a388c6-3dbc-4858-bf41-20ad393369a7,SPY   250926C00668000,2025-09-22T15:00:00Z,1.770000,1.860000,1.600000,1.630000
e3a388c6-3dbc-4858-bf41-20ad393369a7,SPY   250926C00668000,2025-09-22T16:00:00Z,1.630000,2.430000,1.630000,2.400000
e3a388c6-3dbc-4858-bf41-20ad393369a7,SPY   250926C00668000,2025-09-22T17:00:00Z,2.390000,2.630000,2.290000,2.410000
e3a388c6-3dbc-4858-bf41-20ad393369a7,SPY   250926C00668000,2025-09-22T18:00:00Z,2.400000,2.580000,2.260000,2.560000
e3a388c6-3dbc-4858-bf41-20ad393369a7,SPY   250926C00668000,2025-09-22T19:00:00Z,2.770000,2.770000,2.760000,2.760000
e3a388c6-3dbc-4858-bf41-20ad393369a7,SPY   250926C00668000,2025-09-23T14:00:00Z,2.350000,2.440000,1.960000,2.000000
e3a388c6-3dbc-4858-bf41-20ad393369a7,SPY   250926C00668000,2025-09-23T15:00:00Z,2.030000,2.040000,1.950000,1.960000
e3a388c6-3dbc-4858-bf41-20ad393369a7,SPY   250926C00668000,2025-09-23T16:00:00Z,1.750000,1.760000,1.490000,1.530000
e3a388c6-3dbc-4858-bf41-20ad393369a7,SPY   250926C00668000,2025-09-23T17:00:00Z,1.530000,1.550000,1.120000,1.130000
e3a388c6-3dbc-4858-bf41-20ad393369a7,SPY   250926C00668000,2025-09-23T18:00:00Z,0.980000,1.090000,0.910000,0.960000
e3a388c6-3dbc-4858-bf41-20ad393369a7,SPY   250926C00668000,2025-09-23T19:00:00Z,1.030000,1.030000,1.020000,1.030000
e3a388c6-3dbc-4858-bf41-20ad393369a7,SPY   250926C00668000,2025-09-24T14:00:00Z,0.690000,0.700000,0.680000,0.680000
e3a388c6-3dbc-4858-bf41-20ad393369a7,SPY   250926C00668000,2025-09-24T15:00:00Z,0.580000,0.580000,0.560000,0.570000
e3a388c6-3dbc-4858-bf41-20ad393369a7,SPY   250926C00668000,2025-09-24T16:00:00Z,0.310000,0.320000,0.290000,0.310000
e3a388c6-3dbc-4858-bf41-20ad393369a7,SPY   250926C00668000,2025-09-24T17:00:00Z,0.280000,0.350000,0.250000,0.250000
e3a388c6-3dbc-4858-bf41-20ad393369a7,SPY   250926C00668000,2025-09-24T18:00:00Z,0.250000,0.250000,0.210000,0.210000
e3a388c6-3dbc-4858-bf41-20ad393369a7,SPY   250926C00668000,2025-09-24T19:00:00Z,0.230000,0.230000,0.180000,0.180000
e3a388c6-3dbc-4858-bf41-20ad393369a7,SPY   250926C00668000,2025-09-25T14:00:00Z,0.100000,0.100000,0.090000,0.090000
e3a388c6-3dbc-4858-bf41-20ad393369a7,SPY   250926C00668000,2025-09-25T15:00:00Z,0.090000,0.090000,0.070000,0.080000
e3a388c6-3dbc-4858-bf41-20ad393369a7,SPY   250926C00668000,2025-09-25T16:00:00Z,0.090000,0.090000,0.080000,0.080000
e3a388c6-3dbc-4858-bf41-20ad393369a7,SPY   250926C00668000,2025-09-25T17:00:00Z,0.070000,0.070000,0.070000,0.070000
e3a388c6-3dbc-4858-bf41-20ad393369a7,SPY   250926C00668000,2025-09-25T18:00:00Z,0.040000,0.050000,0.040000,0.040000
e3a388c6-3dbc-4858-bf41-20ad393369a7,SPY   250926C00668000,2025-09-25T19:00:00Z,0.030000,0.030000,0.030000,0.030000
e3a388c6-3dbc-4858-bf41-20ad393369a7,SPY   250926C00668000,2025-09-26T14:00:00Z,0.030000,0.030000,0.030000,0.030000
e3a388c6-3dbc-4858-bf41-20ad393369a7,SPY   250926C00668000,2025-09-26T15:00:00Z,0.020000,0.020000,0.020000,0.020000
e3a388c6-3dbc-4858-bf41-20ad393369a7,SPY   250926C00668000,2025-09-26T16:00:00Z,0.020000,0.020000,0.010000,0.010000
e3a388c6-3dbc-4858-bf41-20ad393369a7,SPY   250926C00668000,2025-09-26T17:00:00Z,0.010000,0.010000,0.010000,0.010000
e3a388c6-3dbc-4858-bf41-20ad393369a7,SPY   250926C00668000,2025-09-26T18:00:00Z,0.010000,0.010000,0.010000,0.010000
e3a388c6-3dbc-4858-bf41-20ad393369a7,SPY   250926C00668000,2025-09-26T19:00:00Z,0.010000,0.010000,0.010000,0.010000
e40ab3c1-708e-40ce-bd8c-a35128c975d9,SPY   251031C00698000,2025-10-21T14:00:00Z,0.150000,0.150000,0.120000,0.140000
e40ab3c1-708e-40ce-bd8c-a35128c975d9,SPY   251031C00698000,2025-10-21T15:00:00Z,0.140000,0.140000,0.130000,0.130000
e40ab3c1-708e-40ce-bd8c-a35128c975d9,SPY   251031C00698000,2025-10-21T16:00:00Z,0.130000,0.140000,0.130000,0.130000
e40ab3c1-708e-40ce-bd8c-a35128c975d9,SPY   251031C00698000,2025-10-21T17:00:00Z,0.130000,0.130000,0.110000,0.120000
e40ab3c1-708e-40ce-bd8c-a35128c975d9,SPY   251031C00698000,2025-10-21T18:00:00Z,0.120000,0.120000,0.090000,0.090000
e40ab3c1-708e-40ce-bd8c-a35128c975d9,SPY   251031C00698000,2025-10-21T19:00:00Z,0.090000,0.100000,0.090000,0.100000
e40ab3c1-708e-40ce-bd8c-a35128c975d9,SPY   251031C00698000,2025-10-22T14:00:00Z,0.090000,0.090000,0.070000,0.080000
e40ab3c1-708e-40ce-bd8c-a35128c975d9,SPY   251031C00698000,2025-10-22T15:00:00Z,0.080000,0.080000,0.070000,0.070000
e40ab3c1-708e-40ce-bd8c-a35128c975d9,SPY   251031C00698000,2025-10-22T16:00:00Z,0.070000,0.070000,0.060000,0.070000
e40ab3c1-708e-40ce-bd8c-a35128c975d9,SPY   251031C00698000,2025-10-22T17:00:00Z,0.070000,0.070000,0.060000,0.070000
e40ab3c1-708e-40ce-bd8c-a35128c975d9,SPY   251031C00698000,2025-10-22T18:00:00Z,0.070000,0.070000,0.050000,0.050000
e40ab3c1-708e-40ce-bd8c-a35128c975d9,SPY   251031C00698000,2025-10-22T19:00:00Z,0.050000,0.050000,0.040000,0.040000
e40ab3c1-708e-40ce-bd8c-a35128c975d9,SPY   251031C00698000,2025-10-23T14:00:00Z,0.050000,0.060000,0.050000,0.050000
e40ab3c1-708e-40ce-bd8c-a35128c975d9,SPY   251031C00698000,2025-10-23T15:00:00Z,0.050000,0.050000,0.050000,0.050000
e40ab3c1-708e-40ce-bd8c-a35128c975d9,SPY   251031C00698000,2025-10-23T16:00:00Z,0.050000,0.050000,0.050000,0.050000
e40ab3c1-708e-40ce-bd8c-a35128c975d9,SPY   251031C00698000,2025-10-23T17:00:00Z,0.050000,0.060000,0.050000,0.060000
e40ab3c1-708e-40ce-bd8c-a35128c975d9,SPY   251031C00698000,2025-10-23T18:00:00Z,0.060000,0.080000,0.060000,0.070000
e40ab3c1-708e-40ce-bd8c-a35128c975d9,SPY   251031C00698000,2025-10-23T19:00:00Z,0.070000,0.070000,0.060000,0.060000
e40ab3c1-708e-40ce-bd8c-a35128c975d9,SPY   251031C00698000,2025-10-24T14:00:00Z,0.090000,0.110000,0.090000,0.090000
e40ab3c1-708e-40ce-bd8c-a35128c975d9,SPY   251031C00698000,2025-10-24T15:00:00Z,0.090000,0.130000,0.090000,0.120000
e40ab3c1-708e-40ce-bd8c-a35128c975d9,SPY   251031C00698000,2025-10-24T16:00:00Z,0.120000,0.130000,0.110000,0.120000
e40ab3c1-708e-40ce-bd8c-a35128c975d9,SPY   251031C00698000,2025-10-24T17:00:00Z,0.120000,0.130000,0.110000,0.130000
e40ab3c1-708e-40ce-bd8c-a35128c975d9,SPY   251031C00698000,2025-10-24T18:00:00Z,0.130000,0.130000,0.110000,0.110000
e40ab3c1-708e-40ce-bd8c-a35128c975d9,SPY   251031C00698000,2025-10-24T19:00:00Z,0.110000,0.110000,0.080000,0.080000
e40ab3c1-708e-40ce-bd8c-a35128c975d9,SPY   251031C00698000,2025-10-27T14:00:00Z,0.190000,0.230000,0.180000,0.180000
e40ab3c1-708e-40ce-bd8c-a35128c975d9,SPY   251031C00698000,2025-10-27T15:00:00Z,0.180000,0.220000,0.170000,0.210000
e40ab3c1-708e-40ce-bd8c-a35128c975d9,SPY   251031C00698000,2025-10-27T16:00:00Z,0.210000,0.240000,0.210000,0.240000
e40ab3c1-708e-40ce-bd8c-a35128c975d9,SPY   251031C00698000,2025-10-27T17:00:00Z,0.240000,0.250000,0.220000,0.250000
e40ab3c1-708e-40ce-bd8c-a35128c975d9,SPY   251031C00698000,2025-10-27T18:00:00Z,0.250000,0.260000,0.240000,0.260000
e40ab3c1-708e-40ce-bd8c-a35128c975d9,SPY   251031C00698000,2025-10-27T19:00:00Z,0.260000,0.350000,0.250000,0.330000
e40ab3c1-708e-40ce-bd8c-a35128c975d9,SPY   251031C00698000,2025-10-28T14:00:00Z,0.440000,0.450000,0.390000,0.400000
e40ab3c1-708e-40ce-bd8c-a35128c975d9,SPY   251031C00698000,2025-10-28T15:00:00Z,0.400000,0.420000,0.330000,0.360000
e40ab3c1-708e-40ce-bd8c-a35128c975d9,SPY   251031C00698000,2025-10-28T16:00:00Z,0.360000,0.530000,0.360000,0.500000
e40ab3c1-708e-40ce-bd8c-a35128c975d9,SPY   251031C00698000,2025-10-28T17:00:00Z,0.500000,0.610000,0.500000,0.600000
e40ab3c1-708e-40ce-bd8c-a35128c975d9,SPY   251031C00698000,2025-10-28T18:00:00Z,0.600000,0.740000,0.580000,0.690000
e40ab3c1-708e-40ce-bd8c-a35128c975d9,SPY   251031C00698000,2025-10-28T19:00:00Z,0.690000,0.890000,0.590000,0.600000
e40ab3c1-708e-40ce-bd8c-a35128c975d9,SPY   251031C00698000,2025-10-29T14:00:00Z,1.120000,1.130000,0.690000,0.750000
e40ab3c1-708e-40ce-bd8c-a35128c975d9,SPY   251031C00698000,2025-10-29T15:00:00Z,0.750000,0.800000,0.720000,0.730000
e40ab3c1-708e-40ce-bd8c-a35128c975d9,SPY   251031C00698000,2025-10-29T16:00:00Z,0.730000,0.830000,0.680000,0.810000
e40ab3c1-708e-40ce-bd8c-a35128c975d9,SPY   251031C00698000,2025-10-29T17:00:00Z,0.810000,0.830000,0.700000,0.760000
e40ab3c1-708e-40ce-bd8c-a35128c975d9,SPY   251031C00698000,2025-10-29T18:00:00Z,0.760000,0.790000,0.720000,0.760000
e40ab3c1-708e-40ce-bd8c-a35128c975d9,SPY   251031C00698000,2025-10-29T19:00:00Z,0.420000,0.450000,0.260000,0.380000
e40ab3c1-708e-40ce-bd8c-a35128c975d9,SPY   251031C00698000,2025-10-30T14:00:00Z,0.100000,0.110000,0.050000,0.050000
e40ab3c1-708e-40ce-bd8c-a35128c975d9,SPY   251031C00698000,2025-10-30T15:00:00Z,0.050000,0.050000,0.040000,0.040000
e40ab3c1-708e-40ce-bd8c-a35128c975d9,SPY   251031C00698000,2025-10-30T16:00:00Z,0.040000,0.050000,0.040000,0.050000
e40ab3c1-708e-40ce-bd8c-a35128c975d9,SPY   251031C00698000,2025-10-30T17:00:00Z,0.040000,0.040000,0.030000,0.030000
e40ab3c1-708e-40ce-bd8c-a35128c975d9,SPY   251031C00698000,2025-10-30T18:00:00Z,0.030000,0.030000,0.020000,0.020000
e40ab3c1-708e-40ce-bd8c-a35128c975d9,SPY   251031C00698000,2025-10-30T19:00:00Z,0.020000,0.020000,0.020000,0.020000
e40ab3c1-708e-40ce-bd8c-a35128c975d9,SPY   251031C00698000,2025-10-31T14:00:00Z,0.010000,0.010000,0.010000,0.010000
e40ab3c1-708e-40ce-bd8c-a35128c975d9,SPY   251031C00698000,2025-10-31T15:00:00Z,0.010000,0.010000,0.010000,0.010000
e40ab3c1-708e-40ce-bd8c-a35128c975d9,SPY   251031C00698000,2025-10-31T16:00:00Z,0.010000,0.010000,0.010000,0.010000
e40ab3c1-708e-40ce-bd8c-a35128c975d9,SPY   251031C00698000,2025-10-31T17:00:00Z,0.010000,0.010000,0.010000,0.010000
e40ab3c1-708e-40ce-bd8c-a35128c975d9,SPY   251031C00698000,2025-10-31T18:00:00Z,0.010000,0.010000,0.010000,0.010000
e40ab3c1-708e-40ce-bd8c-a35128c975d9,SPY   251031C00698000,2025-10-31T19:00:00Z,0.010000,0.010000,0.010000,0.010000
e52e89a1-3ccd-44c4-aeea-83e14c5bc180,SPY   260821C00787000,2026-08-10T14:00:00Z,1.580000,1.930000,1.560000,1.590000
e52e89a1-3ccd-44c4-aeea-83e14c5bc180,SPY   260821C00787000,2026-08-10T15:00:00Z,1.600000,1.730000,1.500000,1.710000
e52e89a1-3ccd-44c4-aeea-83e14c5bc180,SPY   260821C00787000,2026-08-10T16:00:00Z,1.390000,1.450000,1.350000,1.360000
e52e89a1-3ccd-44c4-aeea-83e14c5bc180,SPY   260821C00787000,2026-08-10T17:00:00Z,1.420000,1.480000,1.310000,1.360000
e52e89a1-3ccd-44c4-aeea-83e14c5bc180,SPY   260821C00787000,2026-08-10T18:00:00Z,1.360000,1.420000,1.350000,1.370000
e52e89a1-3ccd-44c4-aeea-83e14c5bc180,SPY   260821C00787000,2026-08-10T19:00:00Z,1.400000,1.460000,1.250000,1.260000
e52e89a1-3ccd-44c4-aeea-83e14c5bc180,SPY   260821C00787000,2026-08-11T14:00:00Z,1.380000,1.480000,1.200000,1.250000
e52e89a1-3ccd-44c4-aeea-83e14c5bc180,SPY   260821C00787000,2026-08-11T15:00:00Z,1.160000,1.160000,0.950000,0.990000
e52e89a1-3ccd-44c4-aeea-83e14c5bc180,SPY   260821C00787000,2026-08-11T16:00:00Z,0.990000,1.060000,0.880000,0.890000
e52e89a1-3ccd-44c4-aeea-83e14c5bc180,SPY   260821C00787000,2026-08-11T17:00:00Z,0.900000,0.910000,0.760000,0.850000
e52e89a1-3ccd-44c4-aeea-83e14c5bc180,SPY   260821C00787000,2026-08-11T18:00:00Z,0.850000,0.850000,0.640000,0.690000
e52e89a1-3ccd-44c4-aeea-83e14c5bc180,SPY   260821C00787000,2026-08-11T19:00:00Z,0.690000,0.810000,0.660000,0.710000
e52e89a1-3ccd-44c4-aeea-83e14c5bc180,SPY   260821C00787000,2026-08-12T14:00:00Z,0.790000,0.850000,0.650000,0.690000
e52e89a1-3ccd-44c4-aeea-83e14c5bc180,SPY   260821C00787000,2026-08-12T15:00:00Z,0.710000,0.710000,0.650000,0.680000
e52e89a1-3ccd-44c4-aeea-83e14c5bc180,SPY   260821C00787000,2026-08-12T16:00:00Z,0.650000,0.810000,0.640000,0.780000
e52e89a1-3ccd-44c4-aeea-83e14c5bc180,SPY   260821C00787000,2026-08-12T17:00:00Z,0.780000,0.830000,0.690000,0.700000
e52e89a1-3ccd-44c4-aeea-83e14c5bc180,SPY   260821C00787000,2026-08-12T18:00:00Z,0.770000,0.780000,0.760000,0.780000
e52e89a1-3ccd-44c4-aeea-83e14c5bc180,SPY   260821C00787000,2026-08-12T19:00:00Z,0.700000,0.740000,0.570000,0.580000
e52e89a1-3ccd-44c4-aeea-83e14c5bc180,SPY   260821C00787000,2026-08-13T14:00:00Z,1.380000,1.930000,1.270000,1.350000
e52e89a1-3ccd-44c4-aeea-83e14c5bc180,SPY   260821C00787000,2026-08-13T15:00:00Z,1.350000,1.470000,0.860000,0.870000
e52e89a1-3ccd-44c4-aeea-83e14c5bc180,SPY   260821C00787000,2026-08-13T16:00:00Z,0.870000,1.090000,0.870000,1.070000
e52e89a1-3ccd-44c4-aeea-83e14c5bc180,SPY   260821C00787000,2026-08-13T17:00:00Z,1.070000,1.280000,1.060000,1.080000
e52e89a1-3ccd-44c4-aeea-83e14c5bc180,SPY   260821C00787000,2026-08-13T18:00:00Z,1.090000,1.350000,1.090000,1.290000
e52e89a1-3ccd-44c4-aeea-83e14c5bc180,SPY   260821C00787000,2026-08-13T19:00:00Z,1.240000,1.260000,1.150000,1.160000
e52e89a1-3ccd-44c4-aeea-83e14c5bc180,SPY   260821C00787000,2026-08-14T14:00:00Z,0.860000,1.110000,0.640000,0.640000
e52e89a1-3ccd-44c4-aeea-83e14c5bc180,SPY   260821C00787000,2026-08-14T15:00:00Z,0.640000,0.690000,0.610000,0.620000
e52e89a1-3ccd-44c4-aeea-83e14c5bc180,SPY   260821C00787000,2026-08-14T16:00:00Z,0.590000,0.680000,0.580000,0.670000
e52e89a1-3ccd-44c4-aeea-83e14c5bc180,SPY   260821C00787000,2026-08-14T17:00:00Z,0.540000,0.580000,0.480000,0.510000
e52e89a1-3ccd-44c4-aeea-83e14c5bc180,SPY   260821C00787000,2026-08-14T18:00:00Z,0.510000,0.580000,0.490000,0.520000
e52e89a1-3ccd-44c4-aeea-83e14c5bc180,SPY   260821C00787000,2026-08-14T19:00:00Z,0.510000,0.530000,0.460000,0.500000
e52e89a1-3ccd-44c4-aeea-83e14c5bc180,SPY   260821C00787000,2026-08-17T14:00:00Z,0.250000,0.280000,0.200000,0.210000
e52e89a1-3ccd-44c4-aeea-83e14c5bc180,SPY   260821C00787000,2026-08-17T15:00:00Z,0.210000,0.260000,0.210000,0.240000
e52e89a1-3ccd-44c4-aeea-83e14c5bc180,SPY   260821C00787000,2026-08-17T16:00:00Z,0.240000,0.250000,0.190000,0.190000
e52e89a1-3ccd-44c4-aeea-83e14c5bc180,SPY   260821C00787000,2026-08-17T17:00:00Z,0.190000,0.190000,0.130000,0.130000
e52e89a1-3ccd-44c4-aeea-83e14c5bc180,SPY   260821C00787000,2026-08-17T18:00:00Z,0.130000,0.130000,0.120000,0.120000
e52e89a1-3ccd-44c4-aeea-83e14c5bc180,SPY   260821C00787000,2026-08-17T19:00:00Z,0.120000,0.120000,0.110000,0.110000
e52e89a1-3ccd-44c4-aeea-83e14c5bc180,SPY   260821C00787000,2026-08-18T14:00:00Z,0.070000,0.070000,0.060000,0.060000
e52e89a1-3ccd-44c4-aeea-83e14c5bc180,SPY   260821C00787000,2026-08-18T15:00:00Z,0.060000,0.060000,0.050000,0.050000
e52e89a1-3ccd-44c4-aeea-83e14c5bc180,SPY   260821C00787000,2026-08-18T16:00:00Z,0.050000,0.050000,0.050000,0.050000
e52e89a1-3ccd-44c4-aeea-83e14c5bc180,SPY   260821C00787000,2026-08-18T17:00:00Z,0.050000,0.050000,0.040000,0.040000
e52e89a1-3ccd-44c4-aeea-83e14c5bc180,SPY   260821C00787000,2026-08-18T18:00:00Z,0.040000,0.040000,0.030000,0.030000
e52e89a1-3ccd-44c4-aeea-83e14c5bc180,SPY   260821C00787000,2026-08-18T19:00:00Z,0.030000,0.030000,0.030000,0.030000
e52e89a1-3ccd-44c4-aeea-83e14c5bc180,SPY   260821C00787000,2026-08-19T14:00:00Z,0.040000,0.050000,0.040000,0.050000
e52e89a1-3ccd-44c4-aeea-83e14c5bc180,SPY   260821C00787000,2026-08-19T15:00:00Z,0.050000,0.060000,0.050000,0.050000
e52e89a1-3ccd-44c4-aeea-83e14c5bc180,SPY   260821C00787000,2026-08-19T16:00:00Z,0.050000,0.050000,0.040000,0.040000
e52e89a1-3ccd-44c4-aeea-83e14c5bc180,SPY   260821C00787000,2026-08-19T17:00:00Z,0.040000,0.040000,0.030000,0.030000
e52e89a1-3ccd-44c4-aeea-83e14c5bc180,SPY   260821C00787000,2026-08-19T18:00:00Z,0.010000,0.030000,0.010000,0.030000
e52e89a1-3ccd-44c4-aeea-83e14c5bc180,SPY   260821C00787000,2026-08-19T19:00:00Z,0.030000,0.030000,0.020000,0.020000
e52e89a1-3ccd-44c4-aeea-83e14c5bc180,SPY   260821C00787000,2026-08-20T14:00:00Z,0.010000,0.010000,0.010000,0.010000
e52e89a1-3ccd-44c4-aeea-83e14c5bc180,SPY   260821C00787000,2026-08-20T15:00:00Z,0.010000,0.020000,0.010000,0.020000
e52e89a1-3ccd-44c4-aeea-83e14c5bc180,SPY   260821C00787000,2026-08-20T16:00:00Z,0.020000,0.020000,0.020000,0.020000
e52e89a1-3ccd-44c4-aeea-83e14c5bc180,SPY   260821C00787000,2026-08-20T17:00:00Z,0.020000,0.020000,0.020000,0.020000
e52e89a1-3ccd-44c4-aeea-83e14c5bc180,SPY   260821C00787000,2026-08-20T18:00:00Z,0.020000,0.020000,0.020000,0.020000
e52e89a1-3ccd-44c4-aeea-83e14c5bc180,SPY   260821C00787000,2026-08-20T19:00:00Z,0.020000,0.020000,0.010000,0.010000
e52e89a1-3ccd-44c4-aeea-83e14c5bc180,SPY   260821C00787000,2026-08-21T14:00:00Z,0.010000,0.010000,0.010000,0.010000
e52e89a1-3ccd-44c4-aeea-83e14c5bc180,SPY   260821C00787000,2026-08-21T15:00:00Z,0.010000,0.010000,0.010000,0.010000
e52e89a1-3ccd-44c4-aeea-83e14c5bc180,SPY   260821C00787000,2026-08-21T16:00:00Z,0.010000,0.010000,0.010000,0.010000
e52e89a1-3ccd-44c4-aeea-83e14c5bc180,SPY   260821C00787000,2026-08-21T17:00:00Z,0.010000,0.010000,0.010000,0.010000
e52e89a1-3ccd-44c4-aeea-83e14c5bc180,SPY   260821C00787000,2026-08-21T18:00:00Z,0.010000,0.010000,0.010000,0.010000
e52e89a1-3ccd-44c4-aeea-83e14c5bc180,SPY   260821C00787000,2026-08-21T19:00:00Z,0.010000,0.010000,0.010000,0.010000
e58172a3-8393-4bbe-af1d-3ea585822e81,SPY   251107C00696000,2025-11-03T15:00:00Z,0.360000,0.430000,0.010000,0.350000
e58172a3-8393-4bbe-af1d-3ea585822e81,SPY   251107C00696000,2025-11-03T16:00:00Z,0.350000,0.360000,0.290000,0.340000
e58172a3-8393-4bbe-af1d-3ea585822e81,SPY   251107C00696000,2025-11-03T17:00:00Z,0.340000,0.340000,0.270000,0.310000
e58172a3-8393-4bbe-af1d-3ea585822e81,SPY   251107C00696000,2025-11-03T18:00:00Z,0.310000,0.320000,0.250000,0.250000
e58172a3-8393-4bbe-af1d-3ea585822e81,SPY   251107C00696000,2025-11-03T19:00:00Z,0.250000,0.260000,0.200000,0.200000
e58172a3-8393-4bbe-af1d-3ea585822e81,SPY   251107C00696000,2025-11-03T20:00:00Z,0.200000,0.210000,0.150000,0.160000
e58172a3-8393-4bbe-af1d-3ea585822e81,SPY   251107C00696000,2025-11-04T15:00:00Z,0.110000,0.120000,0.080000,0.080000
e58172a3-8393-4bbe-af1d-3ea585822e81,SPY   251107C00696000,2025-11-04T16:00:00Z,0.080000,0.080000,0.070000,0.070000
e58172a3-8393-4bbe-af1d-3ea585822e81,SPY   251107C00696000,2025-11-04T17:00:00Z,0.070000,0.070000,0.050000,0.050000
e58172a3-8393-4bbe-af1d-3ea585822e81,SPY   251107C00696000,2025-11-04T18:00:00Z,0.050000,0.050000,0.050000,0.050000
e58172a3-8393-4bbe-af1d-3ea585822e81,SPY   251107C00696000,2025-11-04T19:00:00Z,0.050000,0.050000,0.030000,0.030000
e58172a3-8393-4bbe-af1d-3ea585822e81,SPY   251107C00696000,2025-11-04T20:00:00Z,0.030000,0.030000,0.030000,0.030000
e58172a3-8393-4bbe-af1d-3ea585822e81,SPY   251107C00696000,2025-11-05T15:00:00Z,0.030000,0.030000,0.030000,0.030000
e58172a3-8393-4bbe-af1d-3ea585822e81,SPY   251107C00696000,2025-11-05T16:00:00Z,0.030000,0.030000,0.030000,0.030000
e58172a3-8393-4bbe-af1d-3ea585822e81,SPY   251107C00696000,2025-11-05T17:00:00Z,0.030000,0.030000,0.030000,0.030000
e58172a3-8393-4bbe-af1d-3ea585822e81,SPY   251107C00696000,2025-11-05T18:00:00Z,0.030000,0.030000,0.030000,0.030000
e58172a3-8393-4bbe-af1d-3ea585822e81,SPY   251107C00696000,2025-11-05T19:00:00Z,0.030000,0.030000,0.030000,0.030000
e58172a3-8393-4bbe-af1d-3ea585822e81,SPY   251107C00696000,2025-11-05T20:00:00Z,0.030000,0.030000,0.030000,0.030000
e58172a3-8393-4bbe-af1d-3ea585822e81,SPY   251107C00696000,2025-11-06T15:00:00Z,0.020000,0.020000,0.020000,0.020000
e58172a3-8393-4bbe-af1d-3ea585822e81,SPY   251107C00696000,2025-11-06T16:00:00Z,0.020000,0.020000,0.020000,0.020000
e58172a3-8393-4bbe-af1d-3ea585822e81,SPY   251107C00696000,2025-11-06T17:00:00Z,0.020000,0.020000,0.020000,0.020000
e58172a3-8393-4bbe-af1d-3ea585822e81,SPY   251107C00696000,2025-11-06T18:00:00Z,0.020000,0.020000,0.020000,0.020000
e58172a3-8393-4bbe-af1d-3ea585822e81,SPY   251107C00696000,2025-11-06T19:00:00Z,0.020000,0.020000,0.020000,0.020000
e58172a3-8393-4bbe-af1d-3ea585822e81,SPY   251107C00696000,2025-11-06T20:00:00Z,0.020000,0.020000,0.020000,0.020000
e58172a3-8393-4bbe-af1d-3ea585822e81,SPY   251107C00696000,2025-11-07T15:00:00Z,0.010000,0.010000,0.010000,0.010000
e58172a3-8393-4bbe-af1d-3ea585822e81,SPY   251107C00696000,2025-11-07T16:00:00Z,0.010000,0.010000,0.010000,0.010000
e58172a3-8393-4bbe-af1d-3ea585822e81,SPY   251107C00696000,2025-11-07T17:00:00Z,0.010000,0.010000,0.010000,0.010000
e58172a3-8393-4bbe-af1d-3ea585822e81,SPY   251107C00696000,2025-11-07T18:00:00Z,0.010000,0.010000,0.010000,0.010000
e58172a3-8393-4bbe-af1d-3ea585822e81,SPY   251107C00696000,2025-11-07T19:00:00Z,0.010000,0.010000,0.010000,0.010000
e58172a3-8393-4bbe-af1d-3ea585822e81,SPY   251107C00696000,2025-11-07T20:00:00Z,0.010000,0.010000,0.010000,0.010000
e681762c-3f40-4f8b-be27-09d20254f170,SPY   260710C00769000,2026-06-29T14:00:00Z,0.110000,0.120000,0.080000,0.120000
e681762c-3f40-4f8b-be27-09d20254f170,SPY   260710C00769000,2026-06-29T15:00:00Z,0.090000,0.090000,0.090000,0.090000
e681762c-3f40-4f8b-be27-09d20254f170,SPY   260710C00769000,2026-06-29T16:00:00Z,0.110000,0.110000,0.100000,0.110000
e681762c-3f40-4f8b-be27-09d20254f170,SPY   260710C00769000,2026-06-29T17:00:00Z,0.110000,0.160000,0.110000,0.140000
e681762c-3f40-4f8b-be27-09d20254f170,SPY   260710C00769000,2026-06-29T18:00:00Z,0.140000,0.140000,0.140000,0.140000
e681762c-3f40-4f8b-be27-09d20254f170,SPY   260710C00769000,2026-06-29T19:00:00Z,0.120000,0.130000,0.110000,0.110000
e681762c-3f40-4f8b-be27-09d20254f170,SPY   260710C00769000,2026-06-30T14:00:00Z,0.160000,0.200000,0.150000,0.150000
e681762c-3f40-4f8b-be27-09d20254f170,SPY   260710C00769000,2026-06-30T15:00:00Z,0.150000,0.200000,0.150000,0.190000
e681762c-3f40-4f8b-be27-09d20254f170,SPY   260710C00769000,2026-06-30T16:00:00Z,0.190000,0.220000,0.190000,0.220000
e681762c-3f40-4f8b-be27-09d20254f170,SPY   260710C00769000,2026-06-30T17:00:00Z,0.220000,0.230000,0.200000,0.200000
e681762c-3f40-4f8b-be27-09d20254f170,SPY   260710C00769000,2026-06-30T18:00:00Z,0.200000,0.220000,0.190000,0.190000
e681762c-3f40-4f8b-be27-09d20254f170,SPY   260710C00769000,2026-06-30T19:00:00Z,0.190000,0.230000,0.180000,0.190000
e681762c-3f40-4f8b-be27-09d20254f170,SPY   260710C00769000,2026-07-01T14:00:00Z,0.130000,0.140000,0.100000,0.120000
e681762c-3f40-4f8b-be27-09d20254f170,SPY   260710C00769000,2026-07-01T15:00:00Z,0.120000,0.140000,0.120000,0.140000
e681762c-3f40-4f8b-be27-09d20254f170,SPY   260710C00769000,2026-07-01T16:00:00Z,0.150000,0.150000,0.100000,0.100000
e681762c-3f40-4f8b-be27-09d20254f170,SPY   260710C00769000,2026-07-01T17:00:00Z,0.110000,0.120000,0.090000,0.090000
e681762c-3f40-4f8b-be27-09d20254f170,SPY   260710C00769000,2026-07-01T18:00:00Z,0.090000,0.100000,0.080000,0.080000
e681762c-3f40-4f8b-be27-09d20254f170,SPY   260710C00769000,2026-07-01T19:00:00Z,0.080000,0.090000,0.060000,0.060000
e681762c-3f40-4f8b-be27-09d20254f170,SPY   260710C00769000,2026-07-02T14:00:00Z,0.110000,0.110000,0.070000,0.070000
e681762c-3f40-4f8b-be27-09d20254f170,SPY   260710C00769000,2026-07-02T15:00:00Z,0.070000,0.080000,0.060000,0.060000
e681762c-3f40-4f8b-be27-09d20254f170,SPY   260710C00769000,2026-07-02T16:00:00Z,0.060000,0.060000,0.040000,0.040000
e681762c-3f40-4f8b-be27-09d20254f170,SPY   260710C00769000,2026-07-02T17:00:00Z,0.040000,0.040000,0.040000,0.040000
e681762c-3f40-4f8b-be27-09d20254f170,SPY   260710C00769000,2026-07-02T18:00:00Z,0.050000,0.050000,0.050000,0.050000
e681762c-3f40-4f8b-be27-09d20254f170,SPY   260710C00769000,2026-07-02T19:00:00Z,0.040000,0.040000,0.030000,0.030000
e681762c-3f40-4f8b-be27-09d20254f170,SPY   260710C00769000,2026-07-06T14:00:00Z,0.010000,0.050000,0.010000,0.050000
e681762c-3f40-4f8b-be27-09d20254f170,SPY   260710C00769000,2026-07-06T15:00:00Z,0.050000,0.050000,0.050000,0.050000
e681762c-3f40-4f8b-be27-09d20254f170,SPY   260710C00769000,2026-07-06T16:00:00Z,0.050000,0.050000,0.050000,0.050000
e681762c-3f40-4f8b-be27-09d20254f170,SPY   260710C00769000,2026-07-06T17:00:00Z,0.050000,0.060000,0.050000,0.050000
e681762c-3f40-4f8b-be27-09d20254f170,SPY   260710C00769000,2026-07-06T18:00:00Z,0.050000,0.050000,0.050000,0.050000
e681762c-3f40-4f8b-be27-09d20254f170,SPY   260710C00769000,2026-07-06T19:00:00Z,0.050000,0.050000,0.040000,0.040000
e681762c-3f40-4f8b-be27-09d20254f170,SPY   260710C00769000,2026-07-07T14:00:00Z,0.030000,0.030000,0.020000,0.020000
e681762c-3f40-4f8b-be27-09d20254f170,SPY   260710C00769000,2026-07-07T15:00:00Z,0.020000,0.020000,0.020000,0.020000
e681762c-3f40-4f8b-be27-09d20254f170,SPY   260710C00769000,2026-07-07T16:00:00Z,0.020000,0.020000,0.020000,0.020000
e681762c-3f40-4f8b-be27-09d20254f170,SPY   260710C00769000,2026-07-07T17:00:00Z,0.020000,0.030000,0.020000,0.030000
e681762c-3f40-4f8b-be27-09d20254f170,SPY   260710C00769000,2026-07-07T18:00:00Z,0.030000,0.030000,0.020000,0.020000
e681762c-3f40-4f8b-be27-09d20254f170,SPY   260710C00769000,2026-07-07T19:00:00Z,0.020000,0.020000,0.020000,0.020000
e681762c-3f40-4f8b-be27-09d20254f170,SPY   260710C00769000,2026-07-08T14:00:00Z,0.020000,0.020000,0.020000,0.020000
e681762c-3f40-4f8b-be27-09d20254f170,SPY   260710C00769000,2026-07-08T15:00:00Z,0.020000,0.020000,0.020000,0.020000
e681762c-3f40-4f8b-be27-09d20254f170,SPY   260710C00769000,2026-07-08T16:00:00Z,0.020000,0.020000,0.020000,0.020000
e681762c-3f40-4f8b-be27-09d20254f170,SPY   260710C00769000,2026-07-08T17:00:00Z,0.020000,0.020000,0.020000,0.020000
e681762c-3f40-4f8b-be27-09d20254f170,SPY   260710C00769000,2026-07-08T18:00:00Z,0.040000,0.040000,0.020000,0.020000
e681762c-3f40-4f8b-be27-09d20254f170,SPY   260710C00769000,2026-07-08T19:00:00Z,0.020000,0.020000,0.010000,0.020000
e681762c-3f40-4f8b-be27-09d20254f170,SPY   260710C00769000,2026-07-09T14:00:00Z,0.010000,0.010000,0.010000,0.010000
e681762c-3f40-4f8b-be27-09d20254f170,SPY   260710C00769000,2026-07-09T15:00:00Z,0.010000,0.010000,0.010000,0.010000
e681762c-3f40-4f8b-be27-09d20254f170,SPY   260710C00769000,2026-07-09T16:00:00Z,0.010000,0.010000,0.010000,0.010000
e681762c-3f40-4f8b-be27-09d20254f170,SPY   260710C00769000,2026-07-09T17:00:00Z,0.010000,0.010000,0.010000,0.010000
e681762c-3f40-4f8b-be27-09d20254f170,SPY   260710C00769000,2026-07-09T18:00:00Z,0.010000,0.010000,0.010000,0.010000
e681762c-3f40-4f8b-be27-09d20254f170,SPY   260710C00769000,2026-07-09T19:00:00Z,0.010000,0.010000,0.010000,0.010000
e681762c-3f40-4f8b-be27-09d20254f170,SPY   260710C00769000,2026-07-10T14:00:00Z,0.010000,0.010000,0.010000,0.010000
e681762c-3f40-4f8b-be27-09d20254f170,SPY   260710C00769000,2026-07-10T15:00:00Z,0.010000,0.010000,0.010000,0.010000
e681762c-3f40-4f8b-be27-09d20254f170,SPY   260710C00769000,2026-07-10T16:00:00Z,0.010000,0.010000,0.010000,0.010000
e681762c-3f40-4f8b-be27-09d20254f170,SPY   260710C00769000,2026-07-10T17:00:00Z,0.010000,0.010000,0.010000,0.010000
e681762c-3f40-4f8b-be27-09d20254f170,SPY   260710C00769000,2026-07-10T18:00:00Z,0.010000,0.010000,0.010000,0.010000
e681762c-3f40-4f8b-be27-09d20254f170,SPY   260710C00769000,2026-07-10T19:00:00Z,0.010000,0.010000,0.010000,0.010000
e7253d5b-ac64-4549-9c3c-19f8b417b132,SPY   251128C00672000,2025-11-18T15:00:00Z,3.910000,4.170000,3.580000,4.170000
e7253d5b-ac64-4549-9c3c-19f8b417b132,SPY   251128C00672000,2025-11-18T16:00:00Z,3.390000,3.930000,3.190000,3.700000
e7253d5b-ac64-4549-9c3c-19f8b417b132,SPY   251128C00672000,2025-11-18T17:00:00Z,4.160000,4.920000,3.520000,4.830000
e7253d5b-ac64-4549-9c3c-19f8b417b132,SPY   251128C00672000,2025-11-18T18:00:00Z,5.210000,5.450000,4.790000,5.080000
e7253d5b-ac64-4549-9c3c-19f8b417b132,SPY   251128C00672000,2025-11-18T19:00:00Z,4.740000,5.370000,4.660000,4.970000
e7253d5b-ac64-4549-9c3c-19f8b417b132,SPY   251128C00672000,2025-11-18T20:00:00Z,4.350000,4.410000,4.350000,4.410000
e7253d5b-ac64-4549-9c3c-19f8b417b132,SPY   251128C00672000,2025-11-19T15:00:00Z,5.370000,5.720000,4.250000,4.320000
e7253d5b-ac64-4549-9c3c-19f8b417b132,SPY   251128C00672000,2025-11-19T16:00:00Z,4.020000,4.220000,3.740000,3.930000
e7253d5b-ac64-4549-9c3c-19f8b417b132,SPY   251128C00672000,2025-11-19T17:00:00Z,4.060000,4.180000,3.130000,3.180000
e7253d5b-ac64-4549-9c3c-19f8b417b132,SPY   251128C00672000,2025-11-19T18:00:00Z,3.730000,4.210000,3.620000,4.020000
e7253d5b-ac64-4549-9c3c-19f8b417b132,SPY   251128C00672000,2025-11-19T19:00:00Z,3.260000,3.340000,3.250000,3.330000
e7253d5b-ac64-4549-9c3c-19f8b417b132,SPY   251128C00672000,2025-11-19T20:00:00Z,3.590000,4.240000,3.560000,4.210000
e7253d5b-ac64-4549-9c3c-19f8b417b132,SPY   251128C00672000,2025-11-20T15:00:00Z,8.250000,8.600000,7.040000,7.050000
e7253d5b-ac64-4549-9c3c-19f8b417b132,SPY   251128C00672000,2025-11-20T16:00:00Z,7.000000,7.010000,5.360000,5.520000
e7253d5b-ac64-4549-9c3c-19f8b417b132,SPY   251128C00672000,2025-11-20T17:00:00Z,2.450000,2.540000,2.450000,2.540000
e7253d5b-ac64-4549-9c3c-19f8b417b132,SPY   251128C00672000,2025-11-20T18:00:00Z,2.600000,3.160000,2.170000,2.240000
e7253d5b-ac64-4549-9c3c-19f8b417b132,SPY   251128C00672000,2025-11-20T19:00:00Z,2.110000,2.300000,1.970000,2.020000
e7253d5b-ac64-4549-9c3c-19f8b417b132,SPY   251128C00672000,2025-11-20T20:00:00Z,1.470000,1.480000,1.320000,1.350000
e7253d5b-ac64-4549-9c3c-19f8b417b132,SPY   251128C00672000,2025-11-21T15:00:00Z,1.540000,1.670000,1.030000,1.210000
e7253d5b-ac64-4549-9c3c-19f8b417b132,SPY   251128C00672000,2025-11-21T16:00:00Z,1.210000,2.320000,1.050000,2.320000
e7253d5b-ac64-4549-9c3c-19f8b417b132,SPY   251128C00672000,2025-11-21T17:00:00Z,2.360000,2.430000,1.930000,2.000000
e7253d5b-ac64-4549-9c3c-19f8b417b132,SPY   251128C00672000,2025-11-21T18:00:00Z,2.050000,2.940000,1.400000,2.350000
e7253d5b-ac64-4549-9c3c-19f8b417b132,SPY   251128C00672000,2025-11-21T19:00:00Z,2.360000,2.940000,2.070000,2.240000
e7253d5b-ac64-4549-9c3c-19f8b417b132,SPY   251128C00672000,2025-11-21T20:00:00Z,2.180000,2.210000,2.020000,2.120000
e7253d5b-ac64-4549-9c3c-19f8b417b132,SPY   251128C00672000,2025-11-24T15:00:00Z,1.900000,2.490000,1.870000,2.240000
e7253d5b-ac64-4549-9c3c-19f8b417b132,SPY   251128C00672000,2025-11-24T16:00:00Z,2.240000,2.820000,2.240000,2.400000
e7253d5b-ac64-4549-9c3c-19f8b417b132,SPY   251128C00672000,2025-11-24T17:00:00Z,2.480000,2.490000,2.260000,2.280000
e7253d5b-ac64-4549-9c3c-19f8b417b132,SPY   251128C00672000,2025-11-24T18:00:00Z,3.010000,3.070000,2.940000,2.980000
e7253d5b-ac64-4549-9c3c-19f8b417b132,SPY   251128C00672000,2025-11-24T19:00:00Z,2.560000,2.630000,2.460000,2.460000
e7253d5b-ac64-4549-9c3c-19f8b417b132,SPY   251128C00672000,2025-11-24T20:00:00Z,2.820000,2.820000,2.640000,2.720000
e7253d5b-ac64-4549-9c3c-19f8b417b132,SPY   251128C00672000,2025-11-25T15:00:00Z,2.260000,2.650000,1.800000,2.620000
e7253d5b-ac64-4549-9c3c-19f8b417b132,SPY   251128C00672000,2025-11-25T16:00:00Z,2.590000,2.700000,2.220000,2.690000
e7253d5b-ac64-4549-9c3c-19f8b417b132,SPY   251128C00672000,2025-11-25T17:00:00Z,3.460000,3.650000,3.460000,3.600000
e7253d5b-ac64-4549-9c3c-19f8b417b132,SPY   251128C00672000,2025-11-25T18:00:00Z,3.980000,4.510000,3.880000,4.250000
e7253d5b-ac64-4549-9c3c-19f8b417b132,SPY   251128C00672000,2025-11-25T19:00:00Z,4.170000,4.250000,3.340000,4.160000
e7253d5b-ac64-4549-9c3c-19f8b417b132,SPY   251128C00672000,2025-11-25T20:00:00Z,4.170000,5.440000,4.170000,5.440000
e7253d5b-ac64-4549-9c3c-19f8b417b132,SPY   251128C00672000,2025-11-26T15:00:00Z,6.350000,8.210000,5.990000,8.180000
e7253d5b-ac64-4549-9c3c-19f8b417b132,SPY   251128C00672000,2025-11-26T16:00:00Z,8.370000,8.920000,8.120000,8.910000
e7253d5b-ac64-4549-9c3c-19f8b417b132,SPY   251128C00672000,2025-11-26T17:00:00Z,9.320000,10.080000,8.990000,9.580000
e7253d5b-ac64-4549-9c3c-19f8b417b132,SPY   251128C00672000,2025-11-26T18:00:00Z,9.090000,9.530000,8.710000,9.520000
e7253d5b-ac64-4549-9c3c-19f8b417b132,SPY   251128C00672000,2025-11-26T19:00:00Z,9.110000,9.440000,9.110000,9.350000
e7253d5b-ac64-4549-9c3c-19f8b417b132,SPY   251128C00672000,2025-11-26T20:00:00Z,9.220000,9.880000,8.800000,8.800000
e7253d5b-ac64-4549-9c3c-19f8b417b132,SPY   251128C00672000,2025-11-28T15:00:00Z,9.330000,10.570000,9.150000,10.460000
e7253d5b-ac64-4549-9c3c-19f8b417b132,SPY   251128C00672000,2025-11-28T16:00:00Z,10.470000,10.930000,9.710000,10.770000
e7253d5b-ac64-4549-9c3c-19f8b417b132,SPY   251128C00672000,2025-11-28T17:00:00Z,10.660000,10.970000,9.900000,10.500000
e8291fbd-a34d-45b7-86c0-222f52bab199,SPY   260618P00737000,2026-06-15T14:00:00Z,1.010000,1.120000,0.890000,0.910000
e8291fbd-a34d-45b7-86c0-222f52bab199,SPY   260618P00737000,2026-06-15T15:00:00Z,0.890000,0.910000,0.870000,0.880000
e8291fbd-a34d-45b7-86c0-222f52bab199,SPY   260618P00737000,2026-06-15T16:00:00Z,0.810000,0.810000,0.700000,0.720000
e8291fbd-a34d-45b7-86c0-222f52bab199,SPY   260618P00737000,2026-06-15T17:00:00Z,0.720000,0.840000,0.690000,0.820000
e8291fbd-a34d-45b7-86c0-222f52bab199,SPY   260618P00737000,2026-06-15T18:00:00Z,0.820000,0.880000,0.760000,0.790000
e8291fbd-a34d-45b7-86c0-222f52bab199,SPY   260618P00737000,2026-06-15T19:00:00Z,0.780000,0.960000,0.780000,0.950000
e8291fbd-a34d-45b7-86c0-222f52bab199,SPY   260618P00737000,2026-06-16T14:00:00Z,0.650000,0.850000,0.550000,0.770000
e8291fbd-a34d-45b7-86c0-222f52bab199,SPY   260618P00737000,2026-06-16T15:00:00Z,0.760000,0.910000,0.660000,0.800000
e8291fbd-a34d-45b7-86c0-222f52bab199,SPY   260618P00737000,2026-06-16T16:00:00Z,0.800000,0.800000,0.670000,0.730000
e8291fbd-a34d-45b7-86c0-222f52bab199,SPY   260618P00737000,2026-06-16T17:00:00Z,0.720000,0.870000,0.710000,0.800000
e8291fbd-a34d-45b7-86c0-222f52bab199,SPY   260618P00737000,2026-06-16T18:00:00Z,0.800000,0.850000,0.740000,0.840000
e8291fbd-a34d-45b7-86c0-222f52bab199,SPY   260618P00737000,2026-06-16T19:00:00Z,0.840000,1.120000,0.830000,0.930000
e8291fbd-a34d-45b7-86c0-222f52bab199,SPY   260618P00737000,2026-06-17T14:00:00Z,0.970000,1.340000,0.610000,1.030000
e8291fbd-a34d-45b7-86c0-222f52bab199,SPY   260618P00737000,2026-06-17T15:00:00Z,1.020000,1.070000,0.840000,0.840000
e8291fbd-a34d-45b7-86c0-222f52bab199,SPY   260618P00737000,2026-06-17T16:00:00Z,0.740000,0.860000,0.690000,0.830000
e8291fbd-a34d-45b7-86c0-222f52bab199,SPY   260618P00737000,2026-06-17T17:00:00Z,0.830000,1.010000,0.680000,0.680000
e8291fbd-a34d-45b7-86c0-222f52bab199,SPY   260618P00737000,2026-06-17T18:00:00Z,1.110000,2.000000,0.910000,0.930000
e8291fbd-a34d-45b7-86c0-222f52bab199,SPY   260618P00737000,2026-06-17T19:00:00Z,1.120000,3.690000,0.890000,3.160000
e8291fbd-a34d-45b7-86c0-222f52bab199,SPY   260618P00737000,2026-06-18T14:00:00Z,0.380000,0.430000,0.200000,0.210000
e8291fbd-a34d-45b7-86c0-222f52bab199,SPY   260618P00737000,2026-06-18T15:00:00Z,0.110000,0.170000,0.090000,0.090000
e8291fbd-a34d-45b7-86c0-222f52bab199,SPY   260618P00737000,2026-06-18T16:00:00Z,0.090000,0.100000,0.050000,0.060000
e8291fbd-a34d-45b7-86c0-222f52bab199,SPY   260618P00737000,2026-06-18T17:00:00Z,0.060000,0.060000,0.040000,0.040000
e8291fbd-a34d-45b7-86c0-222f52bab199,SPY   260618P00737000,2026-06-18T18:00:00Z,0.040000,0.050000,0.030000,0.030000
e8291fbd-a34d-45b7-86c0-222f52bab199,SPY   260618P00737000,2026-06-18T19:00:00Z,0.030000,0.030000,0.020000,0.020000
e94e0299-475c-4527-994f-aac8958c4aa3,SPY   260313P00653000,2026-03-09T14:00:00Z,5.100000,5.800000,3.280000,3.350000
e94e0299-475c-4527-994f-aac8958c4aa3,SPY   260313P00653000,2026-03-09T15:00:00Z,3.360000,3.390000,2.810000,2.970000
e94e0299-475c-4527-994f-aac8958c4aa3,SPY   260313P00653000,2026-03-09T16:00:00Z,2.960000,3.050000,2.400000,2.780000
e94e0299-475c-4527-994f-aac8958c4aa3,SPY   260313P00653000,2026-03-09T17:00:00Z,2.530000,3.210000,2.520000,2.960000
e94e0299-475c-4527-994f-aac8958c4aa3,SPY   260313P00653000,2026-03-09T18:00:00Z,2.520000,2.530000,2.500000,2.530000
e94e0299-475c-4527-994f-aac8958c4aa3,SPY   260313P00653000,2026-03-09T19:00:00Z,1.690000,1.860000,1.450000,1.720000
e94e0299-475c-4527-994f-aac8958c4aa3,SPY   260313P00653000,2026-03-10T14:00:00Z,1.170000,1.340000,0.640000,0.650000
e94e0299-475c-4527-994f-aac8958c4aa3,SPY   260313P00653000,2026-03-10T15:00:00Z,0.650000,0.660000,0.610000,0.630000
e94e0299-475c-4527-994f-aac8958c4aa3,SPY   260313P00653000,2026-03-10T16:00:00Z,0.620000,0.740000,0.560000,0.580000
e94e0299-475c-4527-994f-aac8958c4aa3,SPY   260313P00653000,2026-03-10T17:00:00Z,0.560000,0.560000,0.470000,0.500000
e94e0299-475c-4527-994f-aac8958c4aa3,SPY   260313P00653000,2026-03-10T18:00:00Z,0.570000,0.800000,0.570000,0.800000
e94e0299-475c-4527-994f-aac8958c4aa3,SPY   260313P00653000,2026-03-10T19:00:00Z,0.770000,0.860000,0.770000,0.860000
e94e0299-475c-4527-994f-aac8958c4aa3,SPY   260313P00653000,2026-03-11T14:00:00Z,0.470000,0.730000,0.340000,0.450000
e94e0299-475c-4527-994f-aac8958c4aa3,SPY   260313P00653000,2026-03-11T15:00:00Z,0.440000,0.660000,0.400000,0.600000
e94e0299-475c-4527-994f-aac8958c4aa3,SPY   260313P00653000,2026-03-11T16:00:00Z,0.730000,0.830000,0.470000,0.480000
e94e0299-475c-4527-994f-aac8958c4aa3,SPY   260313P00653000,2026-03-11T17:00:00Z,0.480000,0.810000,0.410000,0.560000
e94e0299-475c-4527-994f-aac8958c4aa3,SPY   260313P00653000,2026-03-11T18:00:00Z,0.580000,0.580000,0.540000,0.540000
e94e0299-475c-4527-994f-aac8958c4aa3,SPY   260313P00653000,2026-03-11T19:00:00Z,0.350000,0.380000,0.330000,0.360000
e94e0299-475c-4527-994f-aac8958c4aa3,SPY   260313P00653000,2026-03-12T14:00:00Z,0.650000,0.710000,0.360000,0.520000
e94e0299-475c-4527-994f-aac8958c4aa3,SPY   260313P00653000,2026-03-12T15:00:00Z,0.520000,0.800000,0.450000,0.480000
e94e0299-475c-4527-994f-aac8958c4aa3,SPY   260313P00653000,2026-03-12T16:00:00Z,0.480000,0.580000,0.310000,0.450000
e94e0299-475c-4527-994f-aac8958c4aa3,SPY   260313P00653000,2026-03-12T17:00:00Z,0.420000,0.430000,0.340000,0.390000
e94e0299-475c-4527-994f-aac8958c4aa3,SPY   260313P00653000,2026-03-12T18:00:00Z,0.430000,0.480000,0.390000,0.410000
e94e0299-475c-4527-994f-aac8958c4aa3,SPY   260313P00653000,2026-03-12T19:00:00Z,0.440000,0.630000,0.440000,0.620000
e94e0299-475c-4527-994f-aac8958c4aa3,SPY   260313P00653000,2026-03-13T14:00:00Z,0.060000,0.150000,0.050000,0.130000
e94e0299-475c-4527-994f-aac8958c4aa3,SPY   260313P00653000,2026-03-13T15:00:00Z,0.130000,0.150000,0.070000,0.090000
e94e0299-475c-4527-994f-aac8958c4aa3,SPY   260313P00653000,2026-03-13T16:00:00Z,0.130000,0.130000,0.040000,0.050000
e94e0299-475c-4527-994f-aac8958c4aa3,SPY   260313P00653000,2026-03-13T17:00:00Z,0.040000,0.040000,0.030000,0.030000
e94e0299-475c-4527-994f-aac8958c4aa3,SPY   260313P00653000,2026-03-13T18:00:00Z,0.050000,0.050000,0.020000,0.020000
e94e0299-475c-4527-994f-aac8958c4aa3,SPY   260313P00653000,2026-03-13T19:00:00Z,0.020000,0.020000,0.020000,0.020000
eb15f3b3-5f18-47f3-9ac7-8c5209f4d1c8,SPY   260130C00704000,2026-01-26T15:00:00Z,0.400000,0.500000,0.340000,0.400000
eb15f3b3-5f18-47f3-9ac7-8c5209f4d1c8,SPY   260130C00704000,2026-01-26T16:00:00Z,0.380000,0.380000,0.380000,0.380000
eb15f3b3-5f18-47f3-9ac7-8c5209f4d1c8,SPY   260130C00704000,2026-01-26T17:00:00Z,0.420000,0.420000,0.350000,0.360000
eb15f3b3-5f18-47f3-9ac7-8c5209f4d1c8,SPY   260130C00704000,2026-01-26T18:00:00Z,0.370000,0.370000,0.360000,0.360000
eb15f3b3-5f18-47f3-9ac7-8c5209f4d1c8,SPY   260130C00704000,2026-01-26T19:00:00Z,0.400000,0.400000,0.390000,0.390000
eb15f3b3-5f18-47f3-9ac7-8c5209f4d1c8,SPY   260130C00704000,2026-01-26T20:00:00Z,0.370000,0.400000,0.250000,0.250000
eb15f3b3-5f18-47f3-9ac7-8c5209f4d1c8,SPY   260130C00704000,2026-01-27T15:00:00Z,0.470000,0.560000,0.380000,0.530000
eb15f3b3-5f18-47f3-9ac7-8c5209f4d1c8,SPY   260130C00704000,2026-01-27T16:00:00Z,0.530000,0.640000,0.530000,0.550000
eb15f3b3-5f18-47f3-9ac7-8c5209f4d1c8,SPY   260130C00704000,2026-01-27T17:00:00Z,0.470000,0.510000,0.470000,0.510000
eb15f3b3-5f18-47f3-9ac7-8c5209f4d1c8,SPY   260130C00704000,2026-01-27T18:00:00Z,0.400000,0.410000,0.400000,0.410000
eb15f3b3-5f18-47f3-9ac7-8c5209f4d1c8,SPY   260130C00704000,2026-01-27T19:00:00Z,0.500000,0.550000,0.460000,0.520000
eb15f3b3-5f18-47f3-9ac7-8c5209f4d1c8,SPY   260130C00704000,2026-01-27T20:00:00Z,0.490000,0.570000,0.480000,0.480000
eb15f3b3-5f18-47f3-9ac7-8c5209f4d1c8,SPY   260130C00704000,2026-01-28T15:00:00Z,0.630000,0.660000,0.460000,0.470000
eb15f3b3-5f18-47f3-9ac7-8c5209f4d1c8,SPY   260130C00704000,2026-01-28T16:00:00Z,0.530000,0.540000,0.490000,0.510000
eb15f3b3-5f18-47f3-9ac7-8c5209f4d1c8,SPY   260130C00704000,2026-01-28T17:00:00Z,0.380000,0.440000,0.330000,0.330000
eb15f3b3-5f18-47f3-9ac7-8c5209f4d1c8,SPY   260130C00704000,2026-01-28T18:00:00Z,0.330000,0.340000,0.330000,0.340000
eb15f3b3-5f18-47f3-9ac7-8c5209f4d1c8,SPY   260130C00704000,2026-01-28T19:00:00Z,0.330000,0.400000,0.260000,0.260000
eb15f3b3-5f18-47f3-9ac7-8c5209f4d1c8,SPY   260130C00704000,2026-01-28T20:00:00Z,0.280000,0.340000,0.270000,0.330000
eb15f3b3-5f18-47f3-9ac7-8c5209f4d1c8,SPY   260130C00704000,2026-01-29T15:00:00Z,0.040000,0.040000,0.040000,0.040000
eb15f3b3-5f18-47f3-9ac7-8c5209f4d1c8,SPY   260130C00704000,2026-01-29T16:00:00Z,0.030000,0.030000,0.030000,0.030000
eb15f3b3-5f18-47f3-9ac7-8c5209f4d1c8,SPY   260130C00704000,2026-01-29T17:00:00Z,0.040000,0.040000,0.040000,0.040000
eb15f3b3-5f18-47f3-9ac7-8c5209f4d1c8,SPY   260130C00704000,2026-01-29T18:00:00Z,0.040000,0.040000,0.040000,0.040000
eb15f3b3-5f18-47f3-9ac7-8c5209f4d1c8,SPY   260130C00704000,2026-01-29T19:00:00Z,0.030000,0.030000,0.030000,0.030000
eb15f3b3-5f18-47f3-9ac7-8c5209f4d1c8,SPY   260130C00704000,2026-01-29T20:00:00Z,0.030000,0.050000,0.030000,0.050000
eb15f3b3-5f18-47f3-9ac7-8c5209f4d1c8,SPY   260130C00704000,2026-01-30T15:00:00Z,0.020000,0.020000,0.020000,0.020000
eb15f3b3-5f18-47f3-9ac7-8c5209f4d1c8,SPY   260130C00704000,2026-01-30T16:00:00Z,0.020000,0.020000,0.010000,0.010000
eb15f3b3-5f18-47f3-9ac7-8c5209f4d1c8,SPY   260130C00704000,2026-01-30T17:00:00Z,0.010000,0.010000,0.010000,0.010000
eb15f3b3-5f18-47f3-9ac7-8c5209f4d1c8,SPY   260130C00704000,2026-01-30T18:00:00Z,0.010000,0.010000,0.010000,0.010000
eb15f3b3-5f18-47f3-9ac7-8c5209f4d1c8,SPY   260130C00704000,2026-01-30T19:00:00Z,0.010000,0.010000,0.010000,0.010000
eb15f3b3-5f18-47f3-9ac7-8c5209f4d1c8,SPY   260130C00704000,2026-01-30T20:00:00Z,0.010000,0.010000,0.010000,0.010000
edf0f256-791f-4544-a596-bc272d14c04f,SPY   250926P00654000,2025-09-22T14:00:00Z,0.860000,0.890000,0.690000,0.700000
edf0f256-791f-4544-a596-bc272d14c04f,SPY   250926P00654000,2025-09-22T15:00:00Z,0.700000,0.760000,0.680000,0.710000
edf0f256-791f-4544-a596-bc272d14c04f,SPY   250926P00654000,2025-09-22T16:00:00Z,0.710000,0.710000,0.550000,0.550000
edf0f256-791f-4544-a596-bc272d14c04f,SPY   250926P00654000,2025-09-22T17:00:00Z,0.550000,0.600000,0.550000,0.590000
edf0f256-791f-4544-a596-bc272d14c04f,SPY   250926P00654000,2025-09-22T18:00:00Z,0.590000,0.610000,0.530000,0.540000
edf0f256-791f-4544-a596-bc272d14c04f,SPY   250926P00654000,2025-09-22T19:00:00Z,0.540000,0.620000,0.530000,0.600000
edf0f256-791f-4544-a596-bc272d14c04f,SPY   250926P00654000,2025-09-23T14:00:00Z,0.430000,0.470000,0.390000,0.430000
edf0f256-791f-4544-a596-bc272d14c04f,SPY   250926P00654000,2025-09-23T15:00:00Z,0.430000,0.520000,0.420000,0.510000
edf0f256-791f-4544-a596-bc272d14c04f,SPY   250926P00654000,2025-09-23T16:00:00Z,0.510000,0.570000,0.460000,0.520000
edf0f256-791f-4544-a596-bc272d14c04f,SPY   250926P00654000,2025-09-23T17:00:00Z,0.520000,1.130000,0.520000,0.800000
edf0f256-791f-4544-a596-bc272d14c04f,SPY   250926P00654000,2025-09-23T18:00:00Z,0.800000,0.940000,0.800000,0.900000
edf0f256-791f-4544-a596-bc272d14c04f,SPY   250926P00654000,2025-09-23T19:00:00Z,1.010000,1.040000,0.740000,0.750000
edf0f256-791f-4544-a596-bc272d14c04f,SPY   250926P00654000,2025-09-24T14:00:00Z,0.580000,0.640000,0.410000,0.500000
edf0f256-791f-4544-a596-bc272d14c04f,SPY   250926P00654000,2025-09-24T15:00:00Z,0.540000,0.860000,0.480000,0.790000
edf0f256-791f-4544-a596-bc272d14c04f,SPY   250926P00654000,2025-09-24T16:00:00Z,0.910000,1.080000,0.690000,0.770000
edf0f256-791f-4544-a596-bc272d14c04f,SPY   250926P00654000,2025-09-24T17:00:00Z,0.800000,0.810000,0.530000,0.720000
edf0f256-791f-4544-a596-bc272d14c04f,SPY   250926P00654000,2025-09-24T18:00:00Z,0.720000,0.840000,0.550000,0.560000
edf0f256-791f-4544-a596-bc272d14c04f,SPY   250926P00654000,2025-09-24T19:00:00Z,0.560000,0.640000,0.490000,0.510000
edf0f256-791f-4544-a596-bc272d14c04f,SPY   250926P00654000,2025-09-25T14:00:00Z,0.750000,0.860000,0.660000,0.790000
edf0f256-791f-4544-a596-bc272d14c04f,SPY   250926P00654000,2025-09-25T15:00:00Z,0.710000,1.020000,0.690000,0.730000
edf0f256-791f-4544-a596-bc272d14c04f,SPY   250926P00654000,2025-09-25T16:00:00Z,0.620000,0.870000,0.560000,0.790000
edf0f256-791f-4544-a596-bc272d14c04f,SPY   250926P00654000,2025-09-25T17:00:00Z,0.820000,0.860000,0.820000,0.860000
edf0f256-791f-4544-a596-bc272d14c04f,SPY   250926P00654000,2025-09-25T18:00:00Z,1.470000,2.030000,0.720000,0.760000
edf0f256-791f-4544-a596-bc272d14c04f,SPY   250926P00654000,2025-09-25T19:00:00Z,0.770000,0.920000,0.590000,0.660000
edf0f256-791f-4544-a596-bc272d14c04f,SPY   250926P00654000,2025-09-26T14:00:00Z,0.100000,0.280000,0.100000,0.280000
edf0f256-791f-4544-a596-bc272d14c04f,SPY   250926P00654000,2025-09-26T15:00:00Z,0.230000,0.260000,0.080000,0.130000
edf0f256-791f-4544-a596-bc272d14c04f,SPY   250926P00654000,2025-09-26T16:00:00Z,0.130000,0.140000,0.040000,0.040000
edf0f256-791f-4544-a596-bc272d14c04f,SPY   250926P00654000,2025-09-26T17:00:00Z,0.040000,0.040000,0.030000,0.030000
edf0f256-791f-4544-a596-bc272d14c04f,SPY   250926P00654000,2025-09-26T18:00:00Z,0.030000,0.030000,0.020000,0.020000
edf0f256-791f-4544-a596-bc272d14c04f,SPY   250926P00654000,2025-09-26T19:00:00Z,0.020000,0.020000,0.020000,0.020000
efbf7070-920d-4dd7-9bb3-9081d5642b92,SPY   260911P00758000,2026-09-08T14:00:00Z,1.140000,1.470000,0.990000,1.050000
efbf7070-920d-4dd7-9bb3-9081d5642b92,SPY   260911P00758000,2026-09-08T15:00:00Z,1.050000,1.110000,0.940000,1.020000
efbf7070-920d-4dd7-9bb3-9081d5642b92,SPY   260911P00758000,2026-09-08T16:00:00Z,1.020000,1.110000,0.940000,1.040000
efbf7070-920d-4dd7-9bb3-9081d5642b92,SPY   260911P00758000,2026-09-08T17:00:00Z,1.040000,1.040000,0.860000,0.940000
efbf7070-920d-4dd7-9bb3-9081d5642b92,SPY   260911P00758000,2026-09-08T18:00:00Z,0.940000,0.960000,0.870000,0.940000
efbf7070-920d-4dd7-9bb3-9081d5642b92,SPY   260911P00758000,2026-09-08T19:00:00Z,1.170000,1.260000,1.030000,1.260000
efbf7070-920d-4dd7-9bb3-9081d5642b92,SPY   260911P00758000,2026-09-09T14:00:00Z,1.450000,1.850000,1.410000,1.820000
efbf7070-920d-4dd7-9bb3-9081d5642b92,SPY   260911P00758000,2026-09-09T15:00:00Z,2.200000,2.270000,2.150000,2.180000
efbf7070-920d-4dd7-9bb3-9081d5642b92,SPY   260911P00758000,2026-09-09T16:00:00Z,1.960000,2.290000,1.700000,1.780000
efbf7070-920d-4dd7-9bb3-9081d5642b92,SPY   260911P00758000,2026-09-09T17:00:00Z,1.790000,1.850000,1.540000,1.620000
efbf7070-920d-4dd7-9bb3-9081d5642b92,SPY   260911P00758000,2026-09-09T18:00:00Z,1.630000,1.710000,1.580000,1.700000
efbf7070-920d-4dd7-9bb3-9081d5642b92,SPY   260911P00758000,2026-09-09T19:00:00Z,1.600000,1.840000,1.500000,1.740000
efbf7070-920d-4dd7-9bb3-9081d5642b92,SPY   260911P00758000,2026-09-10T14:00:00Z,3.730000,3.800000,2.410000,2.720000
efbf7070-920d-4dd7-9bb3-9081d5642b92,SPY   260911P00758000,2026-09-10T15:00:00Z,2.420000,2.810000,2.410000,2.630000
efbf7070-920d-4dd7-9bb3-9081d5642b92,SPY   260911P00758000,2026-09-10T16:00:00Z,2.820000,3.440000,2.440000,2.480000
efbf7070-920d-4dd7-9bb3-9081d5642b92,SPY   260911P00758000,2026-09-10T17:00:00Z,2.490000,3.000000,2.310000,2.860000
efbf7070-920d-4dd7-9bb3-9081d5642b92,SPY   260911P00758000,2026-09-10T18:00:00Z,2.860000,3.460000,2.720000,3.180000
efbf7070-920d-4dd7-9bb3-9081d5642b92,SPY   260911P00758000,2026-09-10T19:00:00Z,3.190000,3.450000,2.820000,3.080000
efbf7070-920d-4dd7-9bb3-9081d5642b92,SPY   260911P00758000,2026-09-11T14:00:00Z,0.120000,0.160000,0.100000,0.120000
efbf7070-920d-4dd7-9bb3-9081d5642b92,SPY   260911P00758000,2026-09-11T15:00:00Z,0.090000,0.090000,0.060000,0.060000
efbf7070-920d-4dd7-9bb3-9081d5642b92,SPY   260911P00758000,2026-09-11T16:00:00Z,0.060000,0.060000,0.040000,0.040000
efbf7070-920d-4dd7-9bb3-9081d5642b92,SPY   260911P00758000,2026-09-11T17:00:00Z,0.040000,0.040000,0.030000,0.030000
efbf7070-920d-4dd7-9bb3-9081d5642b92,SPY   260911P00758000,2026-09-11T18:00:00Z,0.030000,0.030000,0.030000,0.030000
efbf7070-920d-4dd7-9bb3-9081d5642b92,SPY   260911P00758000,2026-09-11T19:00:00Z,0.030000,0.030000,0.020000,0.020000
f0f9a8e4-cc10-44c0-acb4-eea398bf542e,SPY   260306C00688000,2026-02-24T15:00:00Z,6.240000,7.390000,5.860000,6.990000
f0f9a8e4-cc10-44c0-acb4-eea398bf542e,SPY   260306C00688000,2026-02-24T16:00:00Z,6.900000,7.490000,6.860000,7.290000
f0f9a8e4-cc10-44c0-acb4-eea398bf542e,SPY   260306C00688000,2026-02-24T17:00:00Z,7.310000,7.920000,7.290000,7.670000
f0f9a8e4-cc10-44c0-acb4-eea398bf542e,SPY   260306C00688000,2026-02-24T18:00:00Z,7.880000,7.990000,7.470000,7.620000
f0f9a8e4-cc10-44c0-acb4-eea398bf542e,SPY   260306C00688000,2026-02-24T19:00:00Z,7.670000,7.680000,7.290000,7.390000
f0f9a8e4-cc10-44c0-acb4-eea398bf542e,SPY   260306C00688000,2026-02-24T20:00:00Z,7.470000,8.000000,7.230000,7.750000
f0f9a8e4-cc10-44c0-acb4-eea398bf542e,SPY   260306C00688000,2026-02-25T15:00:00Z,9.420000,9.540000,8.720000,9.060000
f0f9a8e4-cc10-44c0-acb4-eea398bf542e,SPY   260306C00688000,2026-02-25T16:00:00Z,9.060000,9.960000,8.990000,9.760000
f0f9a8e4-cc10-44c0-acb4-eea398bf542e,SPY   260306C00688000,2026-02-25T17:00:00Z,9.900000,10.050000,9.660000,10.050000
f0f9a8e4-cc10-44c0-acb4-eea398bf542e,SPY   260306C00688000,2026-02-25T18:00:00Z,10.040000,10.060000,10.030000,10.030000
f0f9a8e4-cc10-44c0-acb4-eea398bf542e,SPY   260306C00688000,2026-02-25T19:00:00Z,10.210000,10.210000,10.200000,10.210000
f0f9a8e4-cc10-44c0-acb4-eea398bf542e,SPY   260306C00688000,2026-02-25T20:00:00Z,10.280000,10.390000,10.100000,10.160000
f0f9a8e4-cc10-44c0-acb4-eea398bf542e,SPY   260306C00688000,2026-02-26T15:00:00Z,8.450000,8.600000,5.680000,6.950000
f0f9a8e4-cc10-44c0-acb4-eea398bf542e,SPY   260306C00688000,2026-02-26T16:00:00Z,6.990000,7.510000,6.900000,7.500000
f0f9a8e4-cc10-44c0-acb4-eea398bf542e,SPY   260306C00688000,2026-02-26T17:00:00Z,6.240000,6.510000,6.100000,6.200000
f0f9a8e4-cc10-44c0-acb4-eea398bf542e,SPY   260306C00688000,2026-02-26T18:00:00Z,5.750000,6.610000,5.670000,6.520000
f0f9a8e4-cc10-44c0-acb4-eea398bf542e,SPY   260306C00688000,2026-02-26T19:00:00Z,6.550000,7.570000,6.480000,7.440000
f0f9a8e4-cc10-44c0-acb4-eea398bf542e,SPY   260306C00688000,2026-02-26T20:00:00Z,7.210000,7.570000,7.000000,7.110000
f0f9a8e4-cc10-44c0-acb4-eea398bf542e,SPY   260306C00688000,2026-02-27T15:00:00Z,4.590000,5.520000,4.540000,5.170000
f0f9a8e4-cc10-44c0-acb4-eea398bf542e,SPY   260306C00688000,2026-02-27T16:00:00Z,5.160000,5.190000,5.150000,5.190000
f0f9a8e4-cc10-44c0-acb4-eea398bf542e,SPY   260306C00688000,2026-02-27T17:00:00Z,5.460000,5.480000,4.540000,4.630000
f0f9a8e4-cc10-44c0-acb4-eea398bf542e,SPY   260306C00688000,2026-02-27T18:00:00Z,4.850000,4.970000,4.590000,4.640000
f0f9a8e4-cc10-44c0-acb4-eea398bf542e,SPY   260306C00688000,2026-02-27T19:00:00Z,4.710000,5.100000,4.390000,4.450000
f0f9a8e4-cc10-44c0-acb4-eea398bf542e,SPY   260306C00688000,2026-02-27T20:00:00Z,5.180000,5.270000,5.160000,5.240000
f0f9a8e4-cc10-44c0-acb4-eea398bf542e,SPY   260306C00688000,2026-03-02T15:00:00Z,3.750000,4.560000,3.550000,3.980000
f0f9a8e4-cc10-44c0-acb4-eea398bf542e,SPY   260306C00688000,2026-03-02T16:00:00Z,4.240000,4.960000,3.570000,4.780000
f0f9a8e4-cc10-44c0-acb4-eea398bf542e,SPY   260306C00688000,2026-03-02T17:00:00Z,4.870000,4.920000,4.760000,4.850000
f0f9a8e4-cc10-44c0-acb4-eea398bf542e,SPY   260306C00688000,2026-03-02T18:00:00Z,5.060000,5.130000,4.260000,4.440000
f0f9a8e4-cc10-44c0-acb4-eea398bf542e,SPY   260306C00688000,2026-03-02T19:00:00Z,4.220000,5.690000,4.150000,5.450000
f0f9a8e4-cc10-44c0-acb4-eea398bf542e,SPY   260306C00688000,2026-03-02T20:00:00Z,5.440000,5.530000,4.360000,4.890000
f0f9a8e4-cc10-44c0-acb4-eea398bf542e,SPY   260306C00688000,2026-03-03T15:00:00Z,1.020000,1.180000,0.820000,0.910000
f0f9a8e4-cc10-44c0-acb4-eea398bf542e,SPY   260306C00688000,2026-03-03T16:00:00Z,1.130000,1.490000,1.020000,1.430000
f0f9a8e4-cc10-44c0-acb4-eea398bf542e,SPY   260306C00688000,2026-03-03T17:00:00Z,1.360000,1.550000,1.230000,1.400000
f0f9a8e4-cc10-44c0-acb4-eea398bf542e,SPY   260306C00688000,2026-03-03T18:00:00Z,1.540000,1.610000,1.530000,1.560000
f0f9a8e4-cc10-44c0-acb4-eea398bf542e,SPY   260306C00688000,2026-03-03T19:00:00Z,1.870000,2.400000,1.700000,2.310000
f0f9a8e4-cc10-44c0-acb4-eea398bf542e,SPY   260306C00688000,2026-03-03T20:00:00Z,2.160000,2.380000,1.800000,1.990000
f0f9a8e4-cc10-44c0-acb4-eea398bf542e,SPY   260306C00688000,2026-03-04T15:00:00Z,1.860000,3.240000,1.860000,2.930000
f0f9a8e4-cc10-44c0-acb4-eea398bf542e,SPY   260306C00688000,2026-03-04T16:00:00Z,2.580000,3.160000,2.420000,2.890000
f0f9a8e4-cc10-44c0-acb4-eea398bf542e,SPY   260306C00688000,2026-03-04T17:00:00Z,2.910000,3.120000,2.490000,3.030000
f0f9a8e4-cc10-44c0-acb4-eea398bf542e,SPY   260306C00688000,2026-03-04T18:00:00Z,2.890000,2.900000,2.690000,2.840000
f0f9a8e4-cc10-44c0-acb4-eea398bf542e,SPY   260306C00688000,2026-03-04T19:00:00Z,3.040000,3.290000,2.970000,3.150000
f0f9a8e4-cc10-44c0-acb4-eea398bf542e,SPY   260306C00688000,2026-03-04T20:00:00Z,3.160000,3.270000,2.650000,2.780000
f0f9a8e4-cc10-44c0-acb4-eea398bf542e,SPY   260306C00688000,2026-03-05T15:00:00Z,1.120000,1.140000,1.110000,1.120000
f0f9a8e4-cc10-44c0-acb4-eea398bf542e,SPY   260306C00688000,2026-03-05T16:00:00Z,1.130000,1.170000,0.690000,0.830000
f0f9a8e4-cc10-44c0-acb4-eea398bf542e,SPY   260306C00688000,2026-03-05T17:00:00Z,0.830000,0.830000,0.830000,0.830000
f0f9a8e4-cc10-44c0-acb4-eea398bf542e,SPY   260306C00688000,2026-03-05T18:00:00Z,0.430000,0.440000,0.390000,0.390000
f0f9a8e4-cc10-44c0-acb4-eea398bf542e,SPY   260306C00688000,2026-03-05T19:00:00Z,0.380000,0.450000,0.340000,0.350000
f0f9a8e4-cc10-44c0-acb4-eea398bf542e,SPY   260306C00688000,2026-03-05T20:00:00Z,0.350000,0.640000,0.340000,0.600000
f0f9a8e4-cc10-44c0-acb4-eea398bf542e,SPY   260306C00688000,2026-03-06T15:00:00Z,0.040000,0.050000,0.020000,0.020000
f0f9a8e4-cc10-44c0-acb4-eea398bf542e,SPY   260306C00688000,2026-03-06T16:00:00Z,0.020000,0.020000,0.020000,0.020000
f0f9a8e4-cc10-44c0-acb4-eea398bf542e,SPY   260306C00688000,2026-03-06T17:00:00Z,0.020000,0.020000,0.020000,0.020000
f0f9a8e4-cc10-44c0-acb4-eea398bf542e,SPY   260306C00688000,2026-03-06T18:00:00Z,0.020000,0.020000,0.010000,0.010000
f0f9a8e4-cc10-44c0-acb4-eea398bf542e,SPY   260306C00688000,2026-03-06T19:00:00Z,0.010000,0.010000,0.010000,0.010000
f0f9a8e4-cc10-44c0-acb4-eea398bf542e,SPY   260306C00688000,2026-03-06T20:00:00Z,0.010000,0.010000,0.010000,0.010000
f61e015e-5e56-451a-885d-f62c7a97e02c,SPY   260123P00675000,2026-01-13T15:00:00Z,1.000000,1.310000,0.970000,1.010000
f61e015e-5e56-451a-885d-f62c7a97e02c,SPY   260123P00675000,2026-01-13T16:00:00Z,0.990000,1.210000,0.960000,1.060000
f61e015e-5e56-451a-885d-f62c7a97e02c,SPY   260123P00675000,2026-01-13T17:00:00Z,0.860000,1.020000,0.850000,0.960000
f61e015e-5e56-451a-885d-f62c7a97e02c,SPY   260123P00675000,2026-01-13T18:00:00Z,1.180000,1.270000,1.090000,1.210000
f61e015e-5e56-451a-885d-f62c7a97e02c,SPY   260123P00675000,2026-01-13T19:00:00Z,1.210000,1.340000,1.130000,1.170000
f61e015e-5e56-451a-885d-f62c7a97e02c,SPY   260123P00675000,2026-01-13T20:00:00Z,1.190000,1.240000,1.180000,1.240000
f61e015e-5e56-451a-885d-f62c7a97e02c,SPY   260123P00675000,2026-01-14T15:00:00Z,2.080000,2.450000,1.420000,2.250000
f61e015e-5e56-451a-885d-f62c7a97e02c,SPY   260123P00675000,2026-01-14T16:00:00Z,2.240000,2.290000,2.110000,2.130000
f61e015e-5e56-451a-885d-f62c7a97e02c,SPY   260123P00675000,2026-01-14T17:00:00Z,2.300000,2.380000,2.050000,2.270000
f61e015e-5e56-451a-885d-f62c7a97e02c,SPY   260123P00675000,2026-01-14T18:00:00Z,2.270000,2.370000,1.860000,1.880000
f61e015e-5e56-451a-885d-f62c7a97e02c,SPY   260123P00675000,2026-01-14T19:00:00Z,1.900000,1.990000,1.700000,1.820000
f61e015e-5e56-451a-885d-f62c7a97e02c,SPY   260123P00675000,2026-01-14T20:00:00Z,1.820000,2.010000,1.260000,1.310000
f61e015e-5e56-451a-885d-f62c7a97e02c,SPY   260123P00675000,2026-01-15T15:00:00Z,0.700000,0.760000,0.570000,0.610000
f61e015e-5e56-451a-885d-f62c7a97e02c,SPY   260123P00675000,2026-01-15T16:00:00Z,0.580000,0.600000,0.560000,0.560000
f61e015e-5e56-451a-885d-f62c7a97e02c,SPY   260123P00675000,2026-01-15T17:00:00Z,0.540000,0.630000,0.530000,0.620000
f61e015e-5e56-451a-885d-f62c7a97e02c,SPY   260123P00675000,2026-01-15T18:00:00Z,0.630000,0.630000,0.520000,0.550000
f61e015e-5e56-451a-885d-f62c7a97e02c,SPY   260123P00675000,2026-01-15T19:00:00Z,0.630000,0.720000,0.620000,0.650000
f61e015e-5e56-451a-885d-f62c7a97e02c,SPY   260123P00675000,2026-01-15T20:00:00Z,0.800000,0.810000,0.800000,0.800000
f61e015e-5e56-451a-885d-f62c7a97e02c,SPY   260123P00675000,2026-01-16T15:00:00Z,0.690000,0.890000,0.560000,0.620000
f61e015e-5e56-451a-885d-f62c7a97e02c,SPY   260123P00675000,2026-01-16T16:00:00Z,0.550000,0.550000,0.550000,0.550000
f61e015e-5e56-451a-885d-f62c7a97e02c,SPY   260123P00675000,2026-01-16T17:00:00Z,0.530000,0.540000,0.500000,0.510000
f61e015e-5e56-451a-885d-f62c7a97e02c,SPY   260123P00675000,2026-01-16T18:00:00Z,0.600000,0.610000,0.430000,0.470000
f61e015e-5e56-451a-885d-f62c7a97e02c,SPY   260123P00675000,2026-01-16T19:00:00Z,0.470000,0.500000,0.370000,0.400000
f61e015e-5e56-451a-885d-f62c7a97e02c,SPY   260123P00675000,2026-01-16T20:00:00Z,0.410000,0.410000,0.400000,0.410000
f61e015e-5e56-451a-885d-f62c7a97e02c,SPY   260123P00675000,2026-01-20T15:00:00Z,1.780000,1.810000,1.660000,1.660000
f61e015e-5e56-451a-885d-f62c7a97e02c,SPY   260123P00675000,2026-01-20T16:00:00Z,1.590000,2.000000,1.420000,1.590000
f61e015e-5e56-451a-885d-f62c7a97e02c,SPY   260123P00675000,2026-01-20T17:00:00Z,1.600000,2.650000,1.530000,2.370000
f61e015e-5e56-451a-885d-f62c7a97e02c,SPY   260123P00675000,2026-01-20T18:00:00Z,2.570000,2.600000,2.570000,2.580000
f61e015e-5e56-451a-885d-f62c7a97e02c,SPY   260123P00675000,2026-01-20T19:00:00Z,3.280000,3.960000,3.050000,3.600000
f61e015e-5e56-451a-885d-f62c7a97e02c,SPY   260123P00675000,2026-01-20T20:00:00Z,3.620000,3.790000,3.590000,3.750000
f61e015e-5e56-451a-885d-f62c7a97e02c,SPY   260123P00675000,2026-01-21T15:00:00Z,1.270000,1.500000,0.700000,0.740000
f61e015e-5e56-451a-885d-f62c7a97e02c,SPY   260123P00675000,2026-01-21T16:00:00Z,0.740000,0.840000,0.700000,0.790000
f61e015e-5e56-451a-885d-f62c7a97e02c,SPY   260123P00675000,2026-01-21T17:00:00Z,1.870000,2.600000,1.500000,1.610000
f61e015e-5e56-451a-885d-f62c7a97e02c,SPY   260123P00675000,2026-01-21T18:00:00Z,2.070000,2.400000,2.010000,2.060000
f61e015e-5e56-451a-885d-f62c7a97e02c,SPY   260123P00675000,2026-01-21T19:00:00Z,1.370000,1.750000,0.300000,0.300000
f61e015e-5e56-451a-885d-f62c7a97e02c,SPY   260123P00675000,2026-01-21T20:00:00Z,0.570000,0.580000,0.480000,0.500000
f61e015e-5e56-451a-885d-f62c7a97e02c,SPY   260123P00675000,2026-01-22T15:00:00Z,0.220000,0.290000,0.120000,0.140000
f61e015e-5e56-451a-885d-f62c7a97e02c,SPY   260123P00675000,2026-01-22T16:00:00Z,0.140000,0.140000,0.090000,0.100000
f61e015e-5e56-451a-885d-f62c7a97e02c,SPY   260123P00675000,2026-01-22T17:00:00Z,0.100000,0.100000,0.090000,0.100000
f61e015e-5e56-451a-885d-f62c7a97e02c,SPY   260123P00675000,2026-01-22T18:00:00Z,0.080000,0.080000,0.080000,0.080000
f61e015e-5e56-451a-885d-f62c7a97e02c,SPY   260123P00675000,2026-01-22T19:00:00Z,0.080000,0.080000,0.070000,0.070000
f61e015e-5e56-451a-885d-f62c7a97e02c,SPY   260123P00675000,2026-01-22T20:00:00Z,0.070000,0.070000,0.070000,0.070000
f61e015e-5e56-451a-885d-f62c7a97e02c,SPY   260123P00675000,2026-01-23T15:00:00Z,0.030000,0.030000,0.030000,0.030000
f61e015e-5e56-451a-885d-f62c7a97e02c,SPY   260123P00675000,2026-01-23T16:00:00Z,0.030000,0.030000,0.030000,0.030000
f61e015e-5e56-451a-885d-f62c7a97e02c,SPY   260123P00675000,2026-01-23T17:00:00Z,0.030000,0.030000,0.020000,0.020000
f61e015e-5e56-451a-885d-f62c7a97e02c,SPY   260123P00675000,2026-01-23T18:00:00Z,0.020000,0.020000,0.020000,0.020000
f61e015e-5e56-451a-885d-f62c7a97e02c,SPY   260123P00675000,2026-01-23T19:00:00Z,0.020000,0.020000,0.020000,0.020000
f61e015e-5e56-451a-885d-f62c7a97e02c,SPY   260123P00675000,2026-01-23T20:00:00Z,0.020000,0.020000,0.010000,0.010000
f6729f88-3c16-40e9-be83-395257b1266d,SPY   260814P00756000,2026-08-10T14:00:00Z,0.420000,0.430000,0.340000,0.410000
f6729f88-3c16-40e9-be83-395257b1266d,SPY   260814P00756000,2026-08-10T15:00:00Z,0.410000,0.420000,0.370000,0.370000
f6729f88-3c16-40e9-be83-395257b1266d,SPY   260814P00756000,2026-08-10T16:00:00Z,0.370000,0.520000,0.360000,0.490000
f6729f88-3c16-40e9-be83-395257b1266d,SPY   260814P00756000,2026-08-10T17:00:00Z,0.480000,0.510000,0.450000,0.460000
f6729f88-3c16-40e9-be83-395257b1266d,SPY   260814P00756000,2026-08-10T18:00:00Z,0.480000,0.480000,0.460000,0.470000
f6729f88-3c16-40e9-be83-395257b1266d,SPY   260814P00756000,2026-08-10T19:00:00Z,0.420000,0.490000,0.410000,0.450000
f6729f88-3c16-40e9-be83-395257b1266d,SPY   260814P00756000,2026-08-11T14:00:00Z,0.350000,0.360000,0.290000,0.300000
f6729f88-3c16-40e9-be83-395257b1266d,SPY   260814P00756000,2026-08-11T15:00:00Z,0.350000,0.380000,0.340000,0.360000
f6729f88-3c16-40e9-be83-395257b1266d,SPY   260814P00756000,2026-08-11T16:00:00Z,0.390000,0.440000,0.360000,0.440000
f6729f88-3c16-40e9-be83-395257b1266d,SPY   260814P00756000,2026-08-11T17:00:00Z,0.440000,0.500000,0.380000,0.390000
f6729f88-3c16-40e9-be83-395257b1266d,SPY   260814P00756000,2026-08-11T18:00:00Z,0.390000,0.530000,0.390000,0.450000
f6729f88-3c16-40e9-be83-395257b1266d,SPY   260814P00756000,2026-08-11T19:00:00Z,0.450000,0.480000,0.370000,0.440000
f6729f88-3c16-40e9-be83-395257b1266d,SPY   260814P00756000,2026-08-12T14:00:00Z,0.130000,0.180000,0.130000,0.160000
f6729f88-3c16-40e9-be83-395257b1266d,SPY   260814P00756000,2026-08-12T15:00:00Z,0.160000,0.170000,0.150000,0.150000
f6729f88-3c16-40e9-be83-395257b1266d,SPY   260814P00756000,2026-08-12T16:00:00Z,0.160000,0.160000,0.120000,0.120000
f6729f88-3c16-40e9-be83-395257b1266d,SPY   260814P00756000,2026-08-12T17:00:00Z,0.120000,0.130000,0.120000,0.120000
f6729f88-3c16-40e9-be83-395257b1266d,SPY   260814P00756000,2026-08-12T18:00:00Z,0.110000,0.110000,0.110000,0.110000
f6729f88-3c16-40e9-be83-395257b1266d,SPY   260814P00756000,2026-08-12T19:00:00Z,0.110000,0.110000,0.100000,0.100000
f6729f88-3c16-40e9-be83-395257b1266d,SPY   260814P00756000,2026-08-13T14:00:00Z,0.040000,0.040000,0.040000,0.040000
f6729f88-3c16-40e9-be83-395257b1266d,SPY   260814P00756000,2026-08-13T15:00:00Z,0.040000,0.050000,0.040000,0.050000
f6729f88-3c16-40e9-be83-395257b1266d,SPY   260814P00756000,2026-08-13T16:00:00Z,0.050000,0.050000,0.040000,0.040000
f6729f88-3c16-40e9-be83-395257b1266d,SPY   260814P00756000,2026-08-13T17:00:00Z,0.040000,0.040000,0.040000,0.040000
f6729f88-3c16-40e9-be83-395257b1266d,SPY   260814P00756000,2026-08-13T18:00:00Z,0.040000,0.040000,0.040000,0.040000
f6729f88-3c16-40e9-be83-395257b1266d,SPY   260814P00756000,2026-08-13T19:00:00Z,0.040000,0.040000,0.020000,0.020000
f6729f88-3c16-40e9-be83-395257b1266d,SPY   260814P00756000,2026-08-14T14:00:00Z,0.020000,0.020000,0.020000,0.020000
f6729f88-3c16-40e9-be83-395257b1266d,SPY   260814P00756000,2026-08-14T15:00:00Z,0.020000,0.020000,0.020000,0.020000
f6729f88-3c16-40e9-be83-395257b1266d,SPY   260814P00756000,2026-08-14T16:00:00Z,0.020000,0.020000,0.020000,0.020000
f6729f88-3c16-40e9-be83-395257b1266d,SPY   260814P00756000,2026-08-14T17:00:00Z,0.020000,0.020000,0.020000,0.020000
f6729f88-3c16-40e9-be83-395257b1266d,SPY   260814P00756000,2026-08-14T18:00:00Z,0.020000,0.020000,0.020000,0.020000
f6729f88-3c16-40e9-be83-395257b1266d,SPY   260814P00756000,2026-08-14T19:00:00Z,0.010000,0.010000,0.010000,0.010000
f6e8ada1-0581-4623-aded-5adbd677f0ce,SPY   260206P00673000,2026-01-27T15:00:00Z,1.260000,1.300000,1.120000,1.150000
f6e8ada1-0581-4623-aded-5adbd677f0ce,SPY   260206P00673000,2026-01-27T16:00:00Z,1.150000,1.170000,1.120000,1.170000
f6e8ada1-0581-4623-aded-5adbd677f0ce,SPY   260206P00673000,2026-01-27T17:00:00Z,1.230000,1.270000,1.220000,1.270000
f6e8ada1-0581-4623-aded-5adbd677f0ce,SPY   260206P00673000,2026-01-27T18:00:00Z,1.300000,1.330000,1.300000,1.310000
f6e8ada1-0581-4623-aded-5adbd677f0ce,SPY   260206P00673000,2026-01-27T19:00:00Z,1.190000,1.210000,1.140000,1.140000
f6e8ada1-0581-4623-aded-5adbd677f0ce,SPY   260206P00673000,2026-01-27T20:00:00Z,1.160000,1.230000,1.130000,1.230000
f6e8ada1-0581-4623-aded-5adbd677f0ce,SPY   260206P00673000,2026-01-28T15:00:00Z,1.120000,1.310000,1.090000,1.300000
f6e8ada1-0581-4623-aded-5adbd677f0ce,SPY   260206P00673000,2026-01-28T16:00:00Z,1.280000,1.370000,1.280000,1.350000
f6e8ada1-0581-4623-aded-5adbd677f0ce,SPY   260206P00673000,2026-01-28T17:00:00Z,1.460000,1.460000,1.290000,1.360000
f6e8ada1-0581-4623-aded-5adbd677f0ce,SPY   260206P00673000,2026-01-28T18:00:00Z,1.360000,1.420000,1.300000,1.320000
f6e8ada1-0581-4623-aded-5adbd677f0ce,SPY   260206P00673000,2026-01-28T19:00:00Z,1.250000,1.250000,1.220000,1.220000
f6e8ada1-0581-4623-aded-5adbd677f0ce,SPY   260206P00673000,2026-01-28T20:00:00Z,1.120000,1.120000,1.100000,1.100000
f6e8ada1-0581-4623-aded-5adbd677f0ce,SPY   260206P00673000,2026-01-29T15:00:00Z,2.230000,2.230000,1.870000,1.980000
f6e8ada1-0581-4623-aded-5adbd677f0ce,SPY   260206P00673000,2026-01-29T16:00:00Z,2.410000,2.590000,2.130000,2.330000
f6e8ada1-0581-4623-aded-5adbd677f0ce,SPY   260206P00673000,2026-01-29T17:00:00Z,1.610000,1.640000,1.600000,1.620000
f6e8ada1-0581-4623-aded-5adbd677f0ce,SPY   260206P00673000,2026-01-29T18:00:00Z,2.100000,2.140000,1.470000,1.660000
f6e8ada1-0581-4623-aded-5adbd677f0ce,SPY   260206P00673000,2026-01-29T19:00:00Z,1.620000,1.620000,1.370000,1.430000
f6e8ada1-0581-4623-aded-5adbd677f0ce,SPY   260206P00673000,2026-01-29T20:00:00Z,1.190000,1.200000,1.190000,1.190000
f6e8ada1-0581-4623-aded-5adbd677f0ce,SPY   260206P00673000,2026-01-30T15:00:00Z,1.490000,1.530000,0.980000,1.270000
f6e8ada1-0581-4623-aded-5adbd677f0ce,SPY   260206P00673000,2026-01-30T16:00:00Z,1.270000,1.280000,1.240000,1.250000
f6e8ada1-0581-4623-aded-5adbd677f0ce,SPY   260206P00673000,2026-01-30T17:00:00Z,1.590000,1.600000,1.500000,1.500000
f6e8ada1-0581-4623-aded-5adbd677f0ce,SPY   260206P00673000,2026-01-30T18:00:00Z,1.750000,1.820000,1.730000,1.770000
f6e8ada1-0581-4623-aded-5adbd677f0ce,SPY   260206P00673000,2026-01-30T19:00:00Z,1.320000,1.560000,1.310000,1.350000
f6e8ada1-0581-4623-aded-5adbd677f0ce,SPY   260206P00673000,2026-01-30T20:00:00Z,1.590000,1.590000,1.530000,1.530000
f6e8ada1-0581-4623-aded-5adbd677f0ce,SPY   260206P00673000,2026-02-02T15:00:00Z,0.750000,0.850000,0.470000,0.530000
f6e8ada1-0581-4623-aded-5adbd677f0ce,SPY   260206P00673000,2026-02-02T16:00:00Z,0.540000,0.610000,0.410000,0.420000
f6e8ada1-0581-4623-aded-5adbd677f0ce,SPY   260206P00673000,2026-02-02T17:00:00Z,0.420000,0.420000,0.340000,0.370000
f6e8ada1-0581-4623-aded-5adbd677f0ce,SPY   260206P00673000,2026-02-02T18:00:00Z,0.370000,0.380000,0.340000,0.350000
f6e8ada1-0581-4623-aded-5adbd677f0ce,SPY   260206P00673000,2026-02-02T19:00:00Z,0.320000,0.410000,0.300000,0.400000
f6e8ada1-0581-4623-aded-5adbd677f0ce,SPY   260206P00673000,2026-02-02T20:00:00Z,0.360000,0.410000,0.330000,0.400000
f6e8ada1-0581-4623-aded-5adbd677f0ce,SPY   260206P00673000,2026-02-03T15:00:00Z,0.450000,0.710000,0.390000,0.420000
f6e8ada1-0581-4623-aded-5adbd677f0ce,SPY   260206P00673000,2026-02-03T16:00:00Z,0.420000,0.750000,0.410000,0.680000
f6e8ada1-0581-4623-aded-5adbd677f0ce,SPY   260206P00673000,2026-02-03T17:00:00Z,0.690000,1.380000,0.670000,1.260000
f6e8ada1-0581-4623-aded-5adbd677f0ce,SPY   260206P00673000,2026-02-03T18:00:00Z,1.260000,1.530000,1.020000,1.390000
f6e8ada1-0581-4623-aded-5adbd677f0ce,SPY   260206P00673000,2026-02-03T19:00:00Z,1.940000,2.250000,1.840000,1.900000
f6e8ada1-0581-4623-aded-5adbd677f0ce,SPY   260206P00673000,2026-02-03T20:00:00Z,1.260000,1.410000,0.790000,0.820000
f6e8ada1-0581-4623-aded-5adbd677f0ce,SPY   260206P00673000,2026-02-04T15:00:00Z,0.940000,1.240000,0.550000,0.810000
f6e8ada1-0581-4623-aded-5adbd677f0ce,SPY   260206P00673000,2026-02-04T16:00:00Z,1.090000,1.150000,0.800000,0.900000
f6e8ada1-0581-4623-aded-5adbd677f0ce,SPY   260206P00673000,2026-02-04T17:00:00Z,0.920000,2.520000,0.890000,2.110000
f6e8ada1-0581-4623-aded-5adbd677f0ce,SPY   260206P00673000,2026-02-04T18:00:00Z,2.090000,2.220000,1.340000,1.590000
f6e8ada1-0581-4623-aded-5adbd677f0ce,SPY   260206P00673000,2026-02-04T19:00:00Z,1.420000,1.500000,0.980000,0.980000
f6e8ada1-0581-4623-aded-5adbd677f0ce,SPY   260206P00673000,2026-02-04T20:00:00Z,0.630000,0.850000,0.600000,0.740000
f6e8ada1-0581-4623-aded-5adbd677f0ce,SPY   260206P00673000,2026-02-05T15:00:00Z,1.900000,3.670000,1.760000,2.860000
f6e8ada1-0581-4623-aded-5adbd677f0ce,SPY   260206P00673000,2026-02-05T16:00:00Z,3.280000,3.380000,1.280000,1.290000
f6e8ada1-0581-4623-aded-5adbd677f0ce,SPY   260206P00673000,2026-02-05T17:00:00Z,1.280000,1.900000,1.130000,1.470000
f6e8ada1-0581-4623-aded-5adbd677f0ce,SPY   260206P00673000,2026-02-05T18:00:00Z,1.490000,2.230000,1.270000,1.980000
f6e8ada1-0581-4623-aded-5adbd677f0ce,SPY   260206P00673000,2026-02-05T19:00:00Z,1.990000,2.080000,1.010000,1.570000
f6e8ada1-0581-4623-aded-5adbd677f0ce,SPY   260206P00673000,2026-02-05T20:00:00Z,2.410000,2.420000,2.410000,2.420000
f6e8ada1-0581-4623-aded-5adbd677f0ce,SPY   260206P00673000,2026-02-06T15:00:00Z,0.200000,0.270000,0.080000,0.080000
f6e8ada1-0581-4623-aded-5adbd677f0ce,SPY   260206P00673000,2026-02-06T16:00:00Z,0.080000,0.080000,0.050000,0.050000
f6e8ada1-0581-4623-aded-5adbd677f0ce,SPY   260206P00673000,2026-02-06T17:00:00Z,0.050000,0.050000,0.030000,0.030000
f6e8ada1-0581-4623-aded-5adbd677f0ce,SPY   260206P00673000,2026-02-06T18:00:00Z,0.030000,0.030000,0.030000,0.030000
f6e8ada1-0581-4623-aded-5adbd677f0ce,SPY   260206P00673000,2026-02-06T19:00:00Z,0.020000,0.020000,0.020000,0.020000
f6e8ada1-0581-4623-aded-5adbd677f0ce,SPY   260206P00673000,2026-02-06T20:00:00Z,0.020000,0.020000,0.010000,0.010000
f86095fa-304b-46da-bdfa-a3df4d45be71,SPY   251003C00670000,2025-09-23T14:00:00Z,4.260000,4.400000,3.920000,3.940000
f86095fa-304b-46da-bdfa-a3df4d45be71,SPY   251003C00670000,2025-09-23T15:00:00Z,3.940000,4.000000,3.840000,3.960000
f86095fa-304b-46da-bdfa-a3df4d45be71,SPY   251003C00670000,2025-09-23T16:00:00Z,3.440000,3.620000,3.440000,3.510000
f86095fa-304b-46da-bdfa-a3df4d45be71,SPY   251003C00670000,2025-09-23T17:00:00Z,3.040000,3.040000,2.630000,2.860000
f86095fa-304b-46da-bdfa-a3df4d45be71,SPY   251003C00670000,2025-09-23T18:00:00Z,2.910000,2.990000,2.570000,2.600000
f86095fa-304b-46da-bdfa-a3df4d45be71,SPY   251003C00670000,2025-09-23T19:00:00Z,2.600000,2.940000,2.600000,2.930000
f86095fa-304b-46da-bdfa-a3df4d45be71,SPY   251003C00670000,2025-09-24T14:00:00Z,2.600000,2.690000,2.430000,2.470000
f86095fa-304b-46da-bdfa-a3df4d45be71,SPY   251003C00670000,2025-09-24T15:00:00Z,2.370000,2.450000,1.940000,1.980000
f86095fa-304b-46da-bdfa-a3df4d45be71,SPY   251003C00670000,2025-09-24T16:00:00Z,1.810000,1.860000,1.610000,1.730000
f86095fa-304b-46da-bdfa-a3df4d45be71,SPY   251003C00670000,2025-09-24T17:00:00Z,1.770000,1.830000,1.720000,1.810000
f86095fa-304b-46da-bdfa-a3df4d45be71,SPY   251003C00670000,2025-09-24T18:00:00Z,1.670000,1.690000,1.550000,1.650000
f86095fa-304b-46da-bdfa-a3df4d45be71,SPY   251003C00670000,2025-09-24T19:00:00Z,1.650000,1.670000,1.520000,1.670000
f86095fa-304b-46da-bdfa-a3df4d45be71,SPY   251003C00670000,2025-09-25T14:00:00Z,0.640000,1.080000,0.640000,1.010000
f86095fa-304b-46da-bdfa-a3df4d45be71,SPY   251003C00670000,2025-09-25T15:00:00Z,1.010000,1.010000,0.790000,0.820000
f86095fa-304b-46da-bdfa-a3df4d45be71,SPY   251003C00670000,2025-09-25T16:00:00Z,1.000000,1.040000,0.810000,0.830000
f86095fa-304b-46da-bdfa-a3df4d45be71,SPY   251003C00670000,2025-09-25T17:00:00Z,0.830000,0.860000,0.700000,0.740000
f86095fa-304b-46da-bdfa-a3df4d45be71,SPY   251003C00670000,2025-09-25T18:00:00Z,0.540000,0.720000,0.540000,0.680000
f86095fa-304b-46da-bdfa-a3df4d45be71,SPY   251003C00670000,2025-09-25T19:00:00Z,0.830000,0.860000,0.710000,0.770000
f86095fa-304b-46da-bdfa-a3df4d45be71,SPY   251003C00670000,2025-09-26T14:00:00Z,1.270000,1.380000,0.690000,0.700000
f86095fa-304b-46da-bdfa-a3df4d45be71,SPY   251003C00670000,2025-09-26T15:00:00Z,0.700000,0.770000,0.660000,0.770000
f86095fa-304b-46da-bdfa-a3df4d45be71,SPY   251003C00670000,2025-09-26T16:00:00Z,0.870000,0.940000,0.830000,0.920000
f86095fa-304b-46da-bdfa-a3df4d45be71,SPY   251003C00670000,2025-09-26T17:00:00Z,0.990000,1.040000,0.870000,0.960000
f86095fa-304b-46da-bdfa-a3df4d45be71,SPY   251003C00670000,2025-09-26T18:00:00Z,0.960000,1.060000,0.880000,0.980000
f86095fa-304b-46da-bdfa-a3df4d45be71,SPY   251003C00670000,2025-09-26T19:00:00Z,0.970000,1.000000,0.780000,0.820000
f86095fa-304b-46da-bdfa-a3df4d45be71,SPY   251003C00670000,2025-09-29T14:00:00Z,1.340000,1.480000,1.150000,1.300000
f86095fa-304b-46da-bdfa-a3df4d45be71,SPY   251003C00670000,2025-09-29T15:00:00Z,1.190000,1.230000,0.790000,0.850000
f86095fa-304b-46da-bdfa-a3df4d45be71,SPY   251003C00670000,2025-09-29T16:00:00Z,0.860000,0.930000,0.780000,0.830000
f86095fa-304b-46da-bdfa-a3df4d45be71,SPY   251003C00670000,2025-09-29T17:00:00Z,0.830000,0.830000,0.710000,0.800000
f86095fa-304b-46da-bdfa-a3df4d45be71,SPY   251003C00670000,2025-09-29T18:00:00Z,0.800000,0.870000,0.780000,0.840000
f86095fa-304b-46da-bdfa-a3df4d45be71,SPY   251003C00670000,2025-09-29T19:00:00Z,0.890000,0.890000,0.880000,0.880000
f86095fa-304b-46da-bdfa-a3df4d45be71,SPY   251003C00670000,2025-09-30T14:00:00Z,0.580000,0.630000,0.420000,0.580000
f86095fa-304b-46da-bdfa-a3df4d45be71,SPY   251003C00670000,2025-09-30T15:00:00Z,0.580000,0.670000,0.440000,0.450000
f86095fa-304b-46da-bdfa-a3df4d45be71,SPY   251003C00670000,2025-09-30T16:00:00Z,0.550000,0.770000,0.510000,0.530000
f86095fa-304b-46da-bdfa-a3df4d45be71,SPY   251003C00670000,2025-09-30T17:00:00Z,0.530000,0.560000,0.430000,0.480000
f86095fa-304b-46da-bdfa-a3df4d45be71,SPY   251003C00670000,2025-09-30T18:00:00Z,0.480000,0.840000,0.470000,0.770000
f86095fa-304b-46da-bdfa-a3df4d45be71,SPY   251003C00670000,2025-09-30T19:00:00Z,0.780000,1.310000,0.760000,1.230000
f86095fa-304b-46da-bdfa-a3df4d45be71,SPY   251003C00670000,2025-10-01T14:00:00Z,0.570000,0.650000,0.550000,0.620000
f86095fa-304b-46da-bdfa-a3df4d45be71,SPY   251003C00670000,2025-10-01T15:00:00Z,0.810000,1.120000,0.780000,1.040000
f86095fa-304b-46da-bdfa-a3df4d45be71,SPY   251003C00670000,2025-10-01T16:00:00Z,1.090000,1.090000,1.070000,1.070000
f86095fa-304b-46da-bdfa-a3df4d45be71,SPY   251003C00670000,2025-10-01T17:00:00Z,0.960000,1.380000,0.940000,1.300000
f86095fa-304b-46da-bdfa-a3df4d45be71,SPY   251003C00670000,2025-10-01T18:00:00Z,1.300000,1.950000,1.270000,1.830000
f86095fa-304b-46da-bdfa-a3df4d45be71,SPY   251003C00670000,2025-10-01T19:00:00Z,1.830000,1.960000,1.510000,1.610000
f86095fa-304b-46da-bdfa-a3df4d45be71,SPY   251003C00670000,2025-10-02T14:00:00Z,1.610000,1.690000,0.970000,0.970000
f86095fa-304b-46da-bdfa-a3df4d45be71,SPY   251003C00670000,2025-10-02T15:00:00Z,0.970000,1.140000,0.860000,1.020000
f86095fa-304b-46da-bdfa-a3df4d45be71,SPY   251003C00670000,2025-10-02T16:00:00Z,1.100000,1.110000,0.850000,1.070000
f86095fa-304b-46da-bdfa-a3df4d45be71,SPY   251003C00670000,2025-10-02T17:00:00Z,1.060000,1.290000,0.910000,1.190000
f86095fa-304b-46da-bdfa-a3df4d45be71,SPY   251003C00670000,2025-10-02T18:00:00Z,1.180000,1.550000,1.170000,1.390000
f86095fa-304b-46da-bdfa-a3df4d45be71,SPY   251003C00670000,2025-10-02T19:00:00Z,1.390000,1.460000,1.010000,1.170000
f86095fa-304b-46da-bdfa-a3df4d45be71,SPY   251003C00670000,2025-10-03T14:00:00Z,1.550000,2.550000,1.080000,2.390000
f86095fa-304b-46da-bdfa-a3df4d45be71,SPY   251003C00670000,2025-10-03T15:00:00Z,2.050000,2.230000,1.720000,1.830000
f86095fa-304b-46da-bdfa-a3df4d45be71,SPY   251003C00670000,2025-10-03T16:00:00Z,2.640000,2.790000,2.540000,2.690000
f86095fa-304b-46da-bdfa-a3df4d45be71,SPY   251003C00670000,2025-10-03T17:00:00Z,2.340000,2.340000,1.250000,1.430000
f86095fa-304b-46da-bdfa-a3df4d45be71,SPY   251003C00670000,2025-10-03T18:00:00Z,0.510000,0.970000,0.270000,0.460000
f86095fa-304b-46da-bdfa-a3df4d45be71,SPY   251003C00670000,2025-10-03T19:00:00Z,0.470000,0.610000,0.130000,0.150000
facedfb5-5295-4dbf-8315-c731c9565f7d,SPY   260522C00754000,2026-05-18T14:00:00Z,0.880000,0.890000,0.460000,0.600000
facedfb5-5295-4dbf-8315-c731c9565f7d,SPY   260522C00754000,2026-05-18T15:00:00Z,0.610000,0.670000,0.470000,0.490000
facedfb5-5295-4dbf-8315-c731c9565f7d,SPY   260522C00754000,2026-05-18T16:00:00Z,0.430000,0.540000,0.310000,0.420000
facedfb5-5295-4dbf-8315-c731c9565f7d,SPY   260522C00754000,2026-05-18T17:00:00Z,0.420000,0.480000,0.370000,0.400000
facedfb5-5295-4dbf-8315-c731c9565f7d,SPY   260522C00754000,2026-05-18T18:00:00Z,0.400000,0.400000,0.220000,0.220000
facedfb5-5295-4dbf-8315-c731c9565f7d,SPY   260522C00754000,2026-05-18T19:00:00Z,0.220000,0.580000,0.220000,0.520000
facedfb5-5295-4dbf-8315-c731c9565f7d,SPY   260522C00754000,2026-05-19T14:00:00Z,0.260000,0.260000,0.130000,0.150000
facedfb5-5295-4dbf-8315-c731c9565f7d,SPY   260522C00754000,2026-05-19T15:00:00Z,0.150000,0.170000,0.130000,0.140000
facedfb5-5295-4dbf-8315-c731c9565f7d,SPY   260522C00754000,2026-05-19T16:00:00Z,0.140000,0.220000,0.130000,0.210000
facedfb5-5295-4dbf-8315-c731c9565f7d,SPY   260522C00754000,2026-05-19T17:00:00Z,0.210000,0.310000,0.200000,0.230000
facedfb5-5295-4dbf-8315-c731c9565f7d,SPY   260522C00754000,2026-05-19T18:00:00Z,0.240000,0.250000,0.110000,0.110000
facedfb5-5295-4dbf-8315-c731c9565f7d,SPY   260522C00754000,2026-05-19T19:00:00Z,0.110000,0.160000,0.090000,0.090000
facedfb5-5295-4dbf-8315-c731c9565f7d,SPY   260522C00754000,2026-05-20T14:00:00Z,0.130000,0.260000,0.100000,0.250000
facedfb5-5295-4dbf-8315-c731c9565f7d,SPY   260522C00754000,2026-05-20T15:00:00Z,0.250000,0.420000,0.220000,0.370000
facedfb5-5295-4dbf-8315-c731c9565f7d,SPY   260522C00754000,2026-05-20T16:00:00Z,0.280000,0.300000,0.210000,0.230000
facedfb5-5295-4dbf-8315-c731c9565f7d,SPY   260522C00754000,2026-05-20T17:00:00Z,0.230000,0.280000,0.200000,0.200000
facedfb5-5295-4dbf-8315-c731c9565f7d,SPY   260522C00754000,2026-05-20T18:00:00Z,0.200000,0.250000,0.180000,0.180000
facedfb5-5295-4dbf-8315-c731c9565f7d,SPY   260522C00754000,2026-05-20T19:00:00Z,0.180000,0.260000,0.180000,0.240000
facedfb5-5295-4dbf-8315-c731c9565f7d,SPY   260522C00754000,2026-05-21T14:00:00Z,0.090000,0.100000,0.050000,0.060000
facedfb5-5295-4dbf-8315-c731c9565f7d,SPY   260522C00754000,2026-05-21T15:00:00Z,0.060000,0.060000,0.050000,0.050000
facedfb5-5295-4dbf-8315-c731c9565f7d,SPY   260522C00754000,2026-05-21T16:00:00Z,0.050000,0.050000,0.040000,0.040000
facedfb5-5295-4dbf-8315-c731c9565f7d,SPY   260522C00754000,2026-05-21T17:00:00Z,0.040000,0.250000,0.040000,0.160000
facedfb5-5295-4dbf-8315-c731c9565f7d,SPY   260522C00754000,2026-05-21T18:00:00Z,0.170000,0.180000,0.060000,0.060000
facedfb5-5295-4dbf-8315-c731c9565f7d,SPY   260522C00754000,2026-05-21T19:00:00Z,0.060000,0.100000,0.050000,0.050000
facedfb5-5295-4dbf-8315-c731c9565f7d,SPY   260522C00754000,2026-05-22T14:00:00Z,0.120000,0.120000,0.070000,0.080000
facedfb5-5295-4dbf-8315-c731c9565f7d,SPY   260522C00754000,2026-05-22T15:00:00Z,0.080000,0.080000,0.050000,0.050000
facedfb5-5295-4dbf-8315-c731c9565f7d,SPY   260522C00754000,2026-05-22T16:00:00Z,0.050000,0.050000,0.040000,0.040000
facedfb5-5295-4dbf-8315-c731c9565f7d,SPY   260522C00754000,2026-05-22T17:00:00Z,0.040000,0.040000,0.030000,0.030000
facedfb5-5295-4dbf-8315-c731c9565f7d,SPY   260522C00754000,2026-05-22T18:00:00Z,0.020000,0.020000,0.020000,0.020000
facedfb5-5295-4dbf-8315-c731c9565f7d,SPY   260522C00754000,2026-05-22T19:00:00Z,0.020000,0.020000,0.010000,0.010000
fd1f6391-bcf4-4cdd-af04-c91c28ebb6f2,SPY   260402C00655000,2026-03-23T14:00:00Z,13.920000,15.040000,13.400000,14.350000
fd1f6391-bcf4-4cdd-af04-c91c28ebb6f2,SPY   260402C00655000,2026-03-23T15:00:00Z,14.570000,14.630000,14.460000,14.460000
fd1f6391-bcf4-4cdd-af04-c91c28ebb6f2,SPY   260402C00655000,2026-03-23T16:00:00Z,12.480000,12.790000,11.310000,11.810000
fd1f6391-bcf4-4cdd-af04-c91c28ebb6f2,SPY   260402C00655000,2026-03-23T17:00:00Z,11.850000,12.860000,11.240000,12.550000
fd1f6391-bcf4-4cdd-af04-c91c28ebb6f2,SPY   260402C00655000,2026-03-23T18:00:00Z,12.720000,13.710000,12.110000,13.430000
fd1f6391-bcf4-4cdd-af04-c91c28ebb6f2,SPY   260402C00655000,2026-03-23T19:00:00Z,13.480000,13.480000,11.720000,11.720000
fd1f6391-bcf4-4cdd-af04-c91c28ebb6f2,SPY   260402C00655000,2026-03-24T14:00:00Z,9.290000,11.260000,9.160000,10.410000
fd1f6391-bcf4-4cdd-af04-c91c28ebb6f2,SPY   260402C00655000,2026-03-24T15:00:00Z,10.880000,11.620000,10.810000,11.330000
fd1f6391-bcf4-4cdd-af04-c91c28ebb6f2,SPY   260402C00655000,2026-03-24T16:00:00Z,10.710000,11.340000,10.430000,10.830000
fd1f6391-bcf4-4cdd-af04-c91c28ebb6f2,SPY   260402C00655000,2026-03-24T17:00:00Z,9.850000,9.920000,9.780000,9.810000
fd1f6391-bcf4-4cdd-af04-c91c28ebb6f2,SPY   260402C00655000,2026-03-24T18:00:00Z,10.300000,11.150000,9.880000,11.120000
fd1f6391-bcf4-4cdd-af04-c91c28ebb6f2,SPY   260402C00655000,2026-03-24T19:00:00Z,9.820000,9.890000,9.820000,9.890000
fd1f6391-bcf4-4cdd-af04-c91c28ebb6f2,SPY   260402C00655000,2026-03-25T14:00:00Z,11.420000,12.450000,10.980000,12.150000
fd1f6391-bcf4-4cdd-af04-c91c28ebb6f2,SPY   260402C00655000,2026-03-25T15:00:00Z,11.090000,11.930000,10.160000,11.510000
fd1f6391-bcf4-4cdd-af04-c91c28ebb6f2,SPY   260402C00655000,2026-03-25T16:00:00Z,11.320000,12.020000,10.930000,11.670000
fd1f6391-bcf4-4cdd-af04-c91c28ebb6f2,SPY   260402C00655000,2026-03-25T17:00:00Z,11.750000,12.130000,11.450000,12.100000
fd1f6391-bcf4-4cdd-af04-c91c28ebb6f2,SPY   260402C00655000,2026-03-25T18:00:00Z,11.660000,11.850000,10.650000,10.690000
fd1f6391-bcf4-4cdd-af04-c91c28ebb6f2,SPY   260402C00655000,2026-03-25T19:00:00Z,11.060000,11.060000,10.770000,10.790000
fd1f6391-bcf4-4cdd-af04-c91c28ebb6f2,SPY   260402C00655000,2026-03-26T14:00:00Z,9.530000,9.600000,7.790000,8.300000
fd1f6391-bcf4-4cdd-af04-c91c28ebb6f2,SPY   260402C00655000,2026-03-26T15:00:00Z,8.330000,8.490000,8.130000,8.180000
fd1f6391-bcf4-4cdd-af04-c91c28ebb6f2,SPY   260402C00655000,2026-03-26T16:00:00Z,6.940000,6.990000,6.760000,6.890000
fd1f6391-bcf4-4cdd-af04-c91c28ebb6f2,SPY   260402C00655000,2026-03-26T17:00:00Z,6.450000,6.510000,6.440000,6.470000
fd1f6391-bcf4-4cdd-af04-c91c28ebb6f2,SPY   260402C00655000,2026-03-26T18:00:00Z,5.970000,5.970000,5.820000,5.910000
fd1f6391-bcf4-4cdd-af04-c91c28ebb6f2,SPY   260402C00655000,2026-03-26T19:00:00Z,5.430000,5.440000,5.430000,5.440000
fd1f6391-bcf4-4cdd-af04-c91c28ebb6f2,SPY   260402C00655000,2026-03-27T14:00:00Z,2.920000,3.270000,2.680000,2.940000
fd1f6391-bcf4-4cdd-af04-c91c28ebb6f2,SPY   260402C00655000,2026-03-27T15:00:00Z,2.940000,3.210000,2.630000,2.810000
fd1f6391-bcf4-4cdd-af04-c91c28ebb6f2,SPY   260402C00655000,2026-03-27T16:00:00Z,2.770000,2.770000,2.400000,2.420000
fd1f6391-bcf4-4cdd-af04-c91c28ebb6f2,SPY   260402C00655000,2026-03-27T17:00:00Z,2.430000,2.430000,2.370000,2.380000
fd1f6391-bcf4-4cdd-af04-c91c28ebb6f2,SPY   260402C00655000,2026-03-27T18:00:00Z,2.250000,2.290000,2.210000,2.220000
fd1f6391-bcf4-4cdd-af04-c91c28ebb6f2,SPY   260402C00655000,2026-03-27T19:00:00Z,2.190000,2.210000,1.770000,1.770000
fd1f6391-bcf4-4cdd-af04-c91c28ebb6f2,SPY   260402C00655000,2026-03-30T14:00:00Z,1.070000,1.150000,0.820000,1.140000
fd1f6391-bcf4-4cdd-af04-c91c28ebb6f2,SPY   260402C00655000,2026-03-30T15:00:00Z,1.150000,1.270000,0.910000,0.990000
fd1f6391-bcf4-4cdd-af04-c91c28ebb6f2,SPY   260402C00655000,2026-03-30T16:00:00Z,0.990000,1.000000,0.700000,0.720000
fd1f6391-bcf4-4cdd-af04-c91c28ebb6f2,SPY   260402C00655000,2026-03-30T17:00:00Z,0.710000,0.750000,0.520000,0.550000
fd1f6391-bcf4-4cdd-af04-c91c28ebb6f2,SPY   260402C00655000,2026-03-30T18:00:00Z,0.550000,0.560000,0.380000,0.380000
fd1f6391-bcf4-4cdd-af04-c91c28ebb6f2,SPY   260402C00655000,2026-03-30T19:00:00Z,0.370000,0.430000,0.310000,0.430000
fd1f6391-bcf4-4cdd-af04-c91c28ebb6f2,SPY   260402C00655000,2026-03-31T14:00:00Z,0.960000,0.990000,0.420000,0.450000
fd1f6391-bcf4-4cdd-af04-c91c28ebb6f2,SPY   260402C00655000,2026-03-31T15:00:00Z,0.450000,0.710000,0.410000,0.410000
fd1f6391-bcf4-4cdd-af04-c91c28ebb6f2,SPY   260402C00655000,2026-03-31T16:00:00Z,0.410000,2.670000,0.390000,1.720000
fd1f6391-bcf4-4cdd-af04-c91c28ebb6f2,SPY   260402C00655000,2026-03-31T17:00:00Z,1.710000,2.300000,1.590000,1.800000
fd1f6391-bcf4-4cdd-af04-c91c28ebb6f2,SPY   260402C00655000,2026-03-31T18:00:00Z,1.590000,1.960000,1.550000,1.960000
fd1f6391-bcf4-4cdd-af04-c91c28ebb6f2,SPY   260402C00655000,2026-03-31T19:00:00Z,1.950000,2.780000,1.720000,2.370000
fd1f6391-bcf4-4cdd-af04-c91c28ebb6f2,SPY   260402C00655000,2026-04-01T14:00:00Z,3.520000,3.980000,3.010000,3.160000
fd1f6391-bcf4-4cdd-af04-c91c28ebb6f2,SPY   260402C00655000,2026-04-01T15:00:00Z,4.370000,5.300000,4.100000,5.130000
fd1f6391-bcf4-4cdd-af04-c91c28ebb6f2,SPY   260402C00655000,2026-04-01T16:00:00Z,5.110000,5.300000,4.600000,5.110000
fd1f6391-bcf4-4cdd-af04-c91c28ebb6f2,SPY   260402C00655000,2026-04-01T17:00:00Z,5.100000,5.630000,4.650000,4.650000
fd1f6391-bcf4-4cdd-af04-c91c28ebb6f2,SPY   260402C00655000,2026-04-01T18:00:00Z,3.910000,3.950000,3.730000,3.800000
fd1f6391-bcf4-4cdd-af04-c91c28ebb6f2,SPY   260402C00655000,2026-04-01T19:00:00Z,3.440000,4.730000,3.410000,4.080000
fd1f6391-bcf4-4cdd-af04-c91c28ebb6f2,SPY   260402C00655000,2026-04-02T14:00:00Z,4.840000,4.840000,2.820000,3.750000
fd1f6391-bcf4-4cdd-af04-c91c28ebb6f2,SPY   260402C00655000,2026-04-02T15:00:00Z,2.230000,2.440000,1.470000,1.480000
fd1f6391-bcf4-4cdd-af04-c91c28ebb6f2,SPY   260402C00655000,2026-04-02T16:00:00Z,0.900000,0.950000,0.740000,0.890000
fd1f6391-bcf4-4cdd-af04-c91c28ebb6f2,SPY   260402C00655000,2026-04-02T17:00:00Z,0.850000,1.250000,0.360000,0.420000
fd1f6391-bcf4-4cdd-af04-c91c28ebb6f2,SPY   260402C00655000,2026-04-02T18:00:00Z,0.610000,0.740000,0.290000,0.480000
fd1f6391-bcf4-4cdd-af04-c91c28ebb6f2,SPY   260402C00655000,2026-04-02T19:00:00Z,0.540000,1.160000,0.170000,0.930000
ff5213d1-1fe8-4a96-a44c-9e43312c54bc,SPY   260724P00734000,2026-07-13T14:00:00Z,1.500000,2.100000,1.460000,1.610000
ff5213d1-1fe8-4a96-a44c-9e43312c54bc,SPY   260724P00734000,2026-07-13T15:00:00Z,1.590000,1.860000,1.560000,1.830000
ff5213d1-1fe8-4a96-a44c-9e43312c54bc,SPY   260724P00734000,2026-07-13T16:00:00Z,1.830000,2.560000,1.700000,2.300000
ff5213d1-1fe8-4a96-a44c-9e43312c54bc,SPY   260724P00734000,2026-07-13T17:00:00Z,2.300000,2.520000,2.120000,2.510000
ff5213d1-1fe8-4a96-a44c-9e43312c54bc,SPY   260724P00734000,2026-07-13T18:00:00Z,2.510000,2.730000,2.340000,2.500000
ff5213d1-1fe8-4a96-a44c-9e43312c54bc,SPY   260724P00734000,2026-07-13T19:00:00Z,2.490000,2.940000,2.400000,2.540000
ff5213d1-1fe8-4a96-a44c-9e43312c54bc,SPY   260724P00734000,2026-07-14T14:00:00Z,1.760000,2.390000,1.610000,1.680000
ff5213d1-1fe8-4a96-a44c-9e43312c54bc,SPY   260724P00734000,2026-07-14T15:00:00Z,1.580000,1.900000,1.490000,1.830000
ff5213d1-1fe8-4a96-a44c-9e43312c54bc,SPY   260724P00734000,2026-07-14T16:00:00Z,1.820000,1.970000,1.820000,1.930000
ff5213d1-1fe8-4a96-a44c-9e43312c54bc,SPY   260724P00734000,2026-07-14T17:00:00Z,1.650000,1.650000,1.650000,1.650000
ff5213d1-1fe8-4a96-a44c-9e43312c54bc,SPY   260724P00734000,2026-07-14T18:00:00Z,1.590000,1.640000,1.480000,1.570000
ff5213d1-1fe8-4a96-a44c-9e43312c54bc,SPY   260724P00734000,2026-07-14T19:00:00Z,1.570000,1.640000,1.500000,1.520000
ff5213d1-1fe8-4a96-a44c-9e43312c54bc,SPY   260724P00734000,2026-07-15T14:00:00Z,1.160000,1.200000,1.160000,1.190000
ff5213d1-1fe8-4a96-a44c-9e43312c54bc,SPY   260724P00734000,2026-07-15T15:00:00Z,1.150000,1.360000,1.060000,1.120000
ff5213d1-1fe8-4a96-a44c-9e43312c54bc,SPY   260724P00734000,2026-07-15T16:00:00Z,1.160000,1.590000,1.140000,1.310000
ff5213d1-1fe8-4a96-a44c-9e43312c54bc,SPY   260724P00734000,2026-07-15T17:00:00Z,1.290000,1.300000,0.900000,0.960000
ff5213d1-1fe8-4a96-a44c-9e43312c54bc,SPY   260724P00734000,2026-07-15T18:00:00Z,0.960000,1.020000,0.860000,1.000000
ff5213d1-1fe8-4a96-a44c-9e43312c54bc,SPY   260724P00734000,2026-07-15T19:00:00Z,1.000000,1.030000,0.890000,0.920000
ff5213d1-1fe8-4a96-a44c-9e43312c54bc,SPY   260724P00734000,2026-07-16T14:00:00Z,0.820000,0.830000,0.820000,0.830000
ff5213d1-1fe8-4a96-a44c-9e43312c54bc,SPY   260724P00734000,2026-07-16T15:00:00Z,0.880000,0.930000,0.770000,0.850000
ff5213d1-1fe8-4a96-a44c-9e43312c54bc,SPY   260724P00734000,2026-07-16T16:00:00Z,0.860000,1.220000,0.860000,1.130000
ff5213d1-1fe8-4a96-a44c-9e43312c54bc,SPY   260724P00734000,2026-07-16T17:00:00Z,1.090000,1.100000,1.080000,1.090000
ff5213d1-1fe8-4a96-a44c-9e43312c54bc,SPY   260724P00734000,2026-07-16T18:00:00Z,1.240000,1.470000,1.160000,1.430000
ff5213d1-1fe8-4a96-a44c-9e43312c54bc,SPY   260724P00734000,2026-07-16T19:00:00Z,1.430000,1.950000,1.330000,1.390000
ff5213d1-1fe8-4a96-a44c-9e43312c54bc,SPY   260724P00734000,2026-07-17T14:00:00Z,2.280000,2.480000,2.240000,2.270000
ff5213d1-1fe8-4a96-a44c-9e43312c54bc,SPY   260724P00734000,2026-07-17T15:00:00Z,2.340000,2.350000,2.300000,2.310000
ff5213d1-1fe8-4a96-a44c-9e43312c54bc,SPY   260724P00734000,2026-07-17T16:00:00Z,1.960000,2.550000,1.910000,2.130000
ff5213d1-1fe8-4a96-a44c-9e43312c54bc,SPY   260724P00734000,2026-07-17T17:00:00Z,2.120000,2.680000,1.930000,2.630000
ff5213d1-1fe8-4a96-a44c-9e43312c54bc,SPY   260724P00734000,2026-07-17T18:00:00Z,2.890000,2.930000,2.860000,2.920000
ff5213d1-1fe8-4a96-a44c-9e43312c54bc,SPY   260724P00734000,2026-07-17T19:00:00Z,2.610000,3.440000,2.610000,2.610000
ff5213d1-1fe8-4a96-a44c-9e43312c54bc,SPY   260724P00734000,2026-07-20T14:00:00Z,1.710000,2.040000,1.540000,1.750000
ff5213d1-1fe8-4a96-a44c-9e43312c54bc,SPY   260724P00734000,2026-07-20T15:00:00Z,2.000000,2.080000,1.650000,1.670000
ff5213d1-1fe8-4a96-a44c-9e43312c54bc,SPY   260724P00734000,2026-07-20T16:00:00Z,1.550000,1.550000,1.520000,1.520000
ff5213d1-1fe8-4a96-a44c-9e43312c54bc,SPY   260724P00734000,2026-07-20T17:00:00Z,1.610000,2.020000,1.570000,1.630000
ff5213d1-1fe8-4a96-a44c-9e43312c54bc,SPY   260724P00734000,2026-07-20T18:00:00Z,2.030000,2.040000,2.000000,2.020000
ff5213d1-1fe8-4a96-a44c-9e43312c54bc,SPY   260724P00734000,2026-07-20T19:00:00Z,2.030000,2.240000,1.960000,2.220000
ff5213d1-1fe8-4a96-a44c-9e43312c54bc,SPY   260724P00734000,2026-07-21T14:00:00Z,1.140000,1.170000,1.140000,1.160000
ff5213d1-1fe8-4a96-a44c-9e43312c54bc,SPY   260724P00734000,2026-07-21T15:00:00Z,0.960000,1.110000,0.760000,0.850000
ff5213d1-1fe8-4a96-a44c-9e43312c54bc,SPY   260724P00734000,2026-07-21T16:00:00Z,0.840000,0.850000,0.720000,0.720000
ff5213d1-1fe8-4a96-a44c-9e43312c54bc,SPY   260724P00734000,2026-07-21T17:00:00Z,0.670000,0.720000,0.620000,0.650000
ff5213d1-1fe8-4a96-a44c-9e43312c54bc,SPY   260724P00734000,2026-07-21T18:00:00Z,0.650000,0.730000,0.630000,0.700000
ff5213d1-1fe8-4a96-a44c-9e43312c54bc,SPY   260724P00734000,2026-07-21T19:00:00Z,0.690000,0.720000,0.600000,0.640000
ff5213d1-1fe8-4a96-a44c-9e43312c54bc,SPY   260724P00734000,2026-07-22T14:00:00Z,0.480000,0.630000,0.470000,0.610000
ff5213d1-1fe8-4a96-a44c-9e43312c54bc,SPY   260724P00734000,2026-07-22T15:00:00Z,0.490000,0.500000,0.350000,0.350000
ff5213d1-1fe8-4a96-a44c-9e43312c54bc,SPY   260724P00734000,2026-07-22T16:00:00Z,0.350000,0.380000,0.340000,0.340000
ff5213d1-1fe8-4a96-a44c-9e43312c54bc,SPY   260724P00734000,2026-07-22T17:00:00Z,0.340000,0.420000,0.330000,0.410000
ff5213d1-1fe8-4a96-a44c-9e43312c54bc,SPY   260724P00734000,2026-07-22T18:00:00Z,0.400000,0.440000,0.350000,0.350000
ff5213d1-1fe8-4a96-a44c-9e43312c54bc,SPY   260724P00734000,2026-07-22T19:00:00Z,0.350000,0.420000,0.330000,0.380000
ff5213d1-1fe8-4a96-a44c-9e43312c54bc,SPY   260724P00734000,2026-07-23T14:00:00Z,1.480000,1.700000,1.040000,1.610000
ff5213d1-1fe8-4a96-a44c-9e43312c54bc,SPY   260724P00734000,2026-07-23T15:00:00Z,1.590000,2.840000,1.560000,1.690000
ff5213d1-1fe8-4a96-a44c-9e43312c54bc,SPY   260724P00734000,2026-07-23T16:00:00Z,1.680000,1.810000,1.090000,1.390000
ff5213d1-1fe8-4a96-a44c-9e43312c54bc,SPY   260724P00734000,2026-07-23T17:00:00Z,1.310000,1.370000,1.290000,1.370000
ff5213d1-1fe8-4a96-a44c-9e43312c54bc,SPY   260724P00734000,2026-07-23T18:00:00Z,1.750000,1.880000,1.500000,1.580000
ff5213d1-1fe8-4a96-a44c-9e43312c54bc,SPY   260724P00734000,2026-07-23T19:00:00Z,1.680000,2.020000,1.380000,1.720000
ff5213d1-1fe8-4a96-a44c-9e43312c54bc,SPY   260724P00734000,2026-07-24T14:00:00Z,0.600000,0.630000,0.270000,0.300000
ff5213d1-1fe8-4a96-a44c-9e43312c54bc,SPY   260724P00734000,2026-07-24T15:00:00Z,0.110000,0.150000,0.060000,0.060000
ff5213d1-1fe8-4a96-a44c-9e43312c54bc,SPY   260724P00734000,2026-07-24T16:00:00Z,0.040000,0.070000,0.040000,0.050000
ff5213d1-1fe8-4a96-a44c-9e43312c54bc,SPY   260724P00734000,2026-07-24T17:00:00Z,0.050000,0.080000,0.040000,0.040000
ff5213d1-1fe8-4a96-a44c-9e43312c54bc,SPY   260724P00734000,2026-07-24T18:00:00Z,0.040000,0.200000,0.040000,0.050000
ff5213d1-1fe8-4a96-a44c-9e43312c54bc,SPY   260724P00734000,2026-07-24T19:00:00Z,0.050000,0.100000,0.020000,0.020000
